Date,sku_id,unit_sold,unit_price,nap,customer_city,customer_type
2024-11-01,BXCM1783,1,367.5,60614-3706,Chicago,B2B
2024-11-01,BXCL1785,2,356.5,53066-1658,,
2024-11-01,BXCM3934,1,950.5,63073,,
2024-11-01,BXCM5353,1,15.0,84042,Lindon,SP
2024-11-01,BXCM5368,1,15.0,84042,Lindon,SP
2024-11-01,BXCM5375,1,15.0,84042,Lindon,SP
2024-11-01,BXCM5361,1,15.0,84042,Lindon,SP
2024-11-02,BXCM1778,1,1104.5,08055-1210,Medford,B2B
2024-11-02,BXCM4079,1,2771.0,54754-8037,Merrillan,
2024-11-03,BXCM3765,1,994.5,45750-3026,Marietta,
2024-11-03,BXCM5157,1,1214.5,33928-3334,Estero,
2024-11-03,BXCM5157,1,1214.5,30080-4142,Smyrna,
2024-11-04,BXCM4924,1,532.5,33913-6964,Fort Myers,
2024-11-04,BXCM5157,1,1214.5,38112,Memphis,
2024-11-04,BXCM1656,1,241.0,02360-5135,Plymouth,
2024-11-04,BXCL1562,1,433.5,20147-5313,Ashburn,
2024-11-04,BXCM3765,1,994.5,V1K 1B8,Merritt,
2024-11-04,BXCL1551,1,1192.5,20147-5313,Ashburn,
2024-11-04,BXCM5367,1,15.0,15143-1171,Sewickley,SP
2024-11-04,BXCM5361,1,15.0,15143-1171,Sewickley,SP
2024-11-04,BXCM5372,1,15.0,15143-1171,Sewickley,SP
2024-11-04,BXCL1609,1,422.5,33040-5236,Key West,
2024-11-04,BXCM4492,1,1137.5,30642-7471,Greensboro,B2B
2024-11-05,BXCL1150,1,285.0,97330,Corvallis,
2024-11-05,BXCM2363,1,139.75,02632-3239,Centerville,
2024-11-05,BXCM3790,1,121.5,85340-5257,Litchfield Park,
2024-11-05,BXCL1150,1,285.0,33404-5913,Riviera Beach,B2B
2024-11-05,BXCL1609,1,422.5,02655,Osterville,
2024-11-05,BXCL1511,1,928.5,29926-2755,Hilton Head Island,
2024-11-06,BXCM1656,2,241.0,29492-8421,Charleston,
2024-11-06,BXCM4490,1,417.0,78373-4129,Port Aransas,
2024-11-06,BXCM3690,1,587.5,33139-1356,Miami Beach,
2024-11-06,BXCM1635,1,697.5,33139-1356,Miami Beach,
2024-11-06,BXCM4525,1,268.5,46765,Leo,
2024-11-06,BXCM4734,1,285.0,79416-4720,Lubbock,
2024-11-06,BXCL1100,1,326.7,34216,Anna Maria,
2024-11-06,BXCM1616,1,587.5,46224-3333,Speedway,
2024-11-06,BXCM1016,1,466.5,33037,Key Largo,
2024-11-07,BXCM5157,1,1104.5,33884-3719,Winter Haven,B2B
2024-11-07,BXCM1784,2,422.5,32937-5101,Satellite Beach,B2B
2024-11-07,BXCM1617,1,884.5,14580-8584,Webster,B2B
2024-11-07,BXCM1667,1,417.0,44223-3739,Akron,
2024-11-07,BXCL1100,1,326.7,98332-9043,Gig Harbor,
2024-11-07,BXCL1327,1,429.0,98332-9043,Gig Harbor,
2024-11-07,BXCM1016,1,466.5,33957-6564,Sanibel,B2B
2024-11-08,BXCL1150,1,285.0,76049-4615,Granbury,
2024-11-08,BXCL1408,1,301.5,55904-8012,Rochester,
2024-11-08,BXCM5361,1,15.0,44121-4027,South Euclid,SP
2024-11-08,BXCM3765,1,1126.5,32097-3566,Yulee,
2024-11-08,BXCM4493,1,697.5,32456-0248,Mexico Beach,B2B
2024-11-08,BXCM4487,1,499.5,32456-0248,Mexico Beach,B2B
2024-11-09,BXCM1606,1,395.0,60546-2360,Riverside,B2B
2024-11-09,BXCM1617,1,884.5,02532-8315,Bourne,B2B
2024-11-10,BXCM3765,1,994.5,35653-7077,Russellville,
2024-11-10,BXCL1150,1,285.0,33405-1580,West Palm Beach,
2024-11-10,BXCL1656,1,945.0,10128-5050,New York,
2024-11-10,BXCL1609,1,422.5,76571-5906,Salado,
2024-11-11,BXCM5157,1,1214.5,70448-5627,Mandeville,B2B
2024-11-11,BXCM5157,1,1104.5,27577-3947,Smithfield,
2024-11-11,BXCM5369,1,15.0,48073-2644,Royal Oak,SP
2024-11-11,BXCM5365,1,15.0,48073-2644,Royal Oak,SP
2024-11-11,BXCM5157,1,1214.5,29401-2531,Charleston,
2024-11-11,BXCM1783,1,367.5,80909-1314,Colorado Springs,
2024-11-11,BXCM1667,1,417.0,92596-8619,Winchester,
2024-11-11,BXCM5152,4,191.5,92596-8619,Winchester,
2024-11-12,BXCM4596,1,477.5,33414-7135,Wellington,
2024-11-12,BXCM5020,1,1346.5,65279,Rocheport,B2B
2024-11-12,BXCM1655,1,945.0,34228-1609,Longboat Key,
2024-11-12,BXCM3778,1,868.0,22030,Fairfax,
2024-11-12,BXCM1803,1,565.5,33957-5712,Sanibel,
2024-11-13,BXCM4487,2,499.5,33037,Key Largo,B2B
2024-11-13,BXCM5353,1,15.0,66502-3817,Manhattan,SP
2024-11-13,BXCM5361,1,15.0,66502-3817,Manhattan,SP
2024-11-13,BXCM5375,1,15.0,66502-3817,Manhattan,SP
2024-11-13,BXCM5157,1,1214.5,28607-7411,Boone,B2B
2024-11-13,BXCM5029,3,263.0,34236-5728,Sarasota,B2B
2024-11-14,BXCM4492,1,1137.5,34113-4016,NAPLES,
2024-11-14,BXCM5360,1,15.0,92675-5428,San Juan Capistrano,SP
2024-11-14,BXCM5353,1,15.0,92675-5428,San Juan Capistrano,SP
2024-11-14,BXCM1653,1,1203.5,34114-6423,Naples,B2B
2024-11-14,BXCM1653,1,1165.0,46835-9634,Fort Wayne,
2024-11-14,BXCM4989,4,830.5,92253-5093,La Quinta,
2024-11-14,BXCL1786,1,642.5,V5A 1T4,Burnaby,B2B
2024-11-15,BXCM2363,1,139.75,63005,Wildwood,
2024-11-15,BXCM2360,1,433.5,49684-9544,Traverse City,B2B
2024-11-15,BXCM3690,1,642.5,01824,Chelmsford,
2024-11-15,BXCM1606,1,395.0,20816,bethesda,
2024-11-16,BXCM4528,2,202.5,46060-4000,Noblesville,B2B
2024-11-16,BXCM4493,1,697.5,34957-2340,Jensen Beach,
2024-11-16,BXCM4489,1,1242.0,34957-2340,Jensen Beach,
2024-11-17,BXCL1609,1,422.5,78257,San Antonio,
2024-11-17,BXCM1784,1,422.5,63131-3259,Frontenac,
2024-11-18,BXCM4493,1,697.5,33404-7235,Riviera Beach,B2B
2024-11-18,BXCL1665,1,598.5,48035,Clinton Township,
2024-11-19,BXCM5491,1,1654.5,05758,Mount Holly,
2024-11-19,BXCL1150,1,285.0,90049-2608,Los Angeles,
2024-11-19,BXCM1676,2,578.25,30143,Jasper,
2024-11-19,BXCL1645,1,746.55,18901-4895,Doylestown,
2024-11-19,BXCM1657,1,400.05,49240-8502,Grass Lake,
2024-11-19,BXCL1292,1,1068.3,10019-5162,New York,
2024-11-19,BXCM4491,1,944.55,97138,Gearhart,
2024-11-19,BXCM4244,1,400.05,G2G 0E4,Quebec,
2024-11-19,BXCM1782,1,251.55,33913,Fort Myers,
2024-11-19,BXCM4491,1,944.55,91941-6941,La Mesa,
2024-11-20,BXCM3765,1,1013.85,73077-8438,Perry,
2024-11-20,BXCM3907,1,1771.2,07676-5108,Township of Washington,
2024-11-20,BXCM4792,1,924.75,46077-1344,Zionsville,
2024-11-20,BXCL1727,2,419.85,33064,Lighthouse Point,
2024-11-20,BXCM5416,2,786.15,33432-3934,Boca Raton,B2B
2024-11-20,BXCM5416,2,786.15,34243-4165,Sarasota,B2B
2024-11-20,BXCM5416,1,786.15,34108-2899,Naples,B2B
2024-11-20,BXCM5416,2,786.15,33607-7229,Tampa,B2B
2024-11-21,BXCM4734,1,285.0,34104-4221,Naples,B2B
2024-11-21,BXCM2380,1,306.0,34482-4819,Ocala,
2024-11-21,BXCM4608,1,805.95,29464-4307,Mount Pleasant,
2024-11-21,BXCM5377,1,15.0,43025-9303,Hebron,SP
2024-11-21,BXCM5368,1,15.0,43025-9303,Hebron,SP
2024-11-21,BXCM5363,1,15.0,43025-9303,Hebron,SP
2024-11-21,BXCM3768,1,464.4,28715,Candler,
2024-11-22,BXCM3797,1,1112.85,32550-8226,Miramar Beach,B2B
2024-11-22,BXCM5155,1,499.05,33178-2559,MIAMI,B2B
2024-11-22,BXCM4493,1,627.75,34114,Naples,
2024-11-22,BXCM3765,1,895.05,34996-2918,Stuart,
2024-11-23,BXCM4869,6,449.55,02645-1944,Harwich,B2B
2024-11-23,BXCM5155,1,499.05,77019-3422,Houston,
2024-11-23,BXCM1806,2,271.35,45504-1045,SPRINGFIELD,
2024-11-23,BXCM4490,1,355.5,33455-3852,Hobe Sound,B2B
2024-11-23,BXCM5157,1,938.83,34250,Terra Ceia,
2024-11-23,BXCM4215,1,1013.85,83025,Teton Village,B2B
2024-11-23,BXCM5365,1,15.0,33477-2301,Jupiter,SP
2024-11-23,BXCM5367,1,15.0,33477-2301,Jupiter,SP
2024-11-24,BXCM5353,1,15.0,34135-2809,Bonita Springs,SP
2024-11-24,BXCM1657,1,400.05,49935-7915,Iron River,B2B
2024-11-24,BXCL1150,1,256.5,23435-3529,Suffolk,
2024-11-24,BXCM1606,1,355.5,01945-1029,Marblehead,
2024-11-25,BXCL1609,1,380.25,19096-3827,Wynnewood,
2024-11-25,BXCL1786,1,578.25,02893-1986,West Warwick,
2024-11-25,BXCM5355,1,15.0,07928-1304,Chatham,SP
2024-11-25,BXCM5372,1,15.0,07928-1304,Chatham,SP
2024-11-25,BXCM5368,1,15.0,07928-1304,Chatham,SP
2024-11-25,BXCM1617,1,796.05,T1S 3L7,Foothills,
2024-11-25,BXCM5157,1,1032.33,56013-7408,Blue Earth,
2024-11-25,BXCM3778,1,721.8,70471-1788,Mandeville,
2024-11-26,BXCM3765,1,716.85,01773,Lincoln,
2024-11-26,BXCM3765,1,895.05,01773,Lincoln,
2024-11-26,BXCM4487,1,449.55,78746-1562,Austin,B2B
2024-11-26,BXCM5155,1,499.05,36350-7059,Midland City,
2024-11-26,BXCL1641,1,627.75,21122-4541,Pasadena,
2024-11-26,BXCM3906,1,815.85,89061-7559,Pahrump,B2B
2024-11-27,BXCM3765,1,1013.85,83112,Bedford,B2B
2024-11-27,BXCM4774,1,954.45,29170-2272,West Columbia,
2024-11-27,BXCM5157,1,938.83,87571-6856,Taos,
2024-11-27,BXCL1641,6,895.5,78701-4646,Austin,B2B
2024-11-27,BXCM3765,1,1013.85,07719-4105,Wall Township,
2024-11-27,BXCM3776,1,340.65,90275-6151,Rancho Palos Verdes,
2024-11-27,BXCM1639,1,499.05,32210-8322,Jacksonville,B2B
2024-11-28,BXCM4244,1,370.35,01742-2911,Concord,
2024-11-28,BXCM4492,1,1023.75,06759-2421,Litchfield,
2024-11-28,BXCM1640,1,256.5,32210-8322,Jacksonville,B2B
2024-11-28,BXCM1640,1,256.5,32210-8322,Jacksonville,B2B
2024-11-28,BXCM4242,1,444.6,37220-1817,Nashville,
2024-11-29,BXCM3765,2,716.85,15143-9003,Sewickley,
2024-11-29,BXCM3765,1,895.05,15143-9003,Sewickley,
2024-11-29,BXCM1653,1,1083.15,29412-4261,Charleston,
2024-11-29,BXCM4534,1,1023.75,29572-6053,Myrtle Beach,B2B
2024-11-29,BXCM1784,1,380.25,46804-1837,Fort Wayne,
2024-11-29,BXCM4493,1,627.75,34996-1949,Stuart,
2024-11-29,BXCM5157,1,1006.1,03237-4352,Gilmanton,B2B
2024-11-29,BXCM3686,1,875.25,99352-5583,Richland,
2024-11-29,BXCM5157,1,1032.33,30318-2634,Atlanta,
2024-11-29,BXCM5361,1,15.0,06117-1016,West Hartford,SP
2024-11-29,BXCM5351,1,15.0,06117-1016,West Hartford,SP
2024-11-29,BXCM5157,1,1032.33,66206-1309,Leawood,
2024-11-29,BXCM5375,1,15.0,35244,Hoover,SP
2024-11-29,BXCM5361,1,15.0,35244,Hoover,SP
2024-11-29,BXCM4486,1,390.15,34108,Naples,
2024-11-29,BXCM1784,1,380.25,29206,Columbia,
2024-11-29,BXCM1783,1,330.75,28227-8227,Mint Hill,
2024-11-29,BXCM4596,1,390.15,33178-1005,Medley,
2024-11-30,BXCM4536,1,664.5,32459,Santa Rosa Beach,B2B
2024-11-30,BXCM5114,1,1182.15,27927-9654,Corolla,B2B
2024-11-30,BXCM4491,1,944.55,28803-1951,Asheville,
2024-11-30,BXCM5138,1,306.0,32803-3914,Orlando,
2024-11-30,BXCM1653,1,1083.15,28461-9087,Southport,
2024-11-30,BXCM5360,1,15.0,11743-9747,Lloyd Harbor,SP
2024-11-30,BXCM5375,1,15.0,11743-9747,Lloyd Harbor,SP
2024-11-30,BXCM5353,1,15.0,11743-9747,Lloyd Harbor,SP
2024-11-30,BXCM4593,1,424.8,30318-1717,Atlanta,
2024-11-30,BXCM5157,1,938.83,03064-1938,Nashua,
2024-11-30,BXCM4491,1,944.55,33435-6406,Boynton Beach,
2024-11-30,BXCL1408,1,271.35,20854,Potomac,
2024-11-30,BXCM5157,1,938.83,77707,Beaumont,
2024-12-01,BXCM5373,1,15.0,01507-1303,Charlton,SP
2024-12-01,BXCL1641,1,805.95,84124-2058,Holladay,
2024-12-01,BXCM4608,1,716.85,06460-7876,Milford,B2B
2024-12-01,BXCM4491,1,944.55,95003-5606,Aptos,B2B
2024-12-01,BXCM5157,1,1032.33,92662-1032,Newport Beach,
2024-12-01,BXCM3765,1,895.05,27298-9096,Liberty,
2024-12-01,BXCM5363,1,15.0,76107-2465,Fort Worth,SP
2024-12-01,BXCM5357,1,15.0,76107-2465,Fort Worth,SP
2024-12-01,BXCM5373,1,15.0,76107-2465,Fort Worth,SP
2024-12-01,BXCM5365,1,15.0,76107-2465,Fort Worth,SP
2024-12-01,BXCM5366,1,15.0,76107-2465,Fort Worth,SP
2024-12-01,BXCM5372,1,15.0,76107-2465,Fort Worth,SP
2024-12-01,BXCM3765,1,895.05,11713,bellport,
2024-12-01,BXCM5155,1,400.05,19707,Hockessin,B2B
2024-12-01,BXCM5375,1,15.0,19047-8233,Langhorne,SP
2024-12-01,BXCM5369,1,15.0,19047-8233,Langhorne,SP
2024-12-01,BXCL1562,1,390.15,93950-5540,Pacific Grove,
2024-12-02,BXCM5375,1,15.0,10013-4075,New York,SP
2024-12-02,BXCM5361,1,15.0,10013-4075,New York,SP
2024-12-02,BXCM4472,1,1023.75,05656-4458,Johnson,B2B
2024-12-02,BXCM4244,1,444.6,11576-2514,Roslyn,
2024-12-02,BXCM4486,1,390.15,34102-7112,Naples,
2024-12-02,BXCM1653,1,1083.15,63130-4034,University City,B2B
2024-12-02,BXCM5157,1,1032.33,72762-4231,Springdale,B2B
2024-12-02,BXCM3934,1,746.55,07090-3018,Westfield,
2024-12-02,BXCM4592,1,478.8,34638-6927,Land O Lakes,
2024-12-02,BXCM1751,4,286.2,34638-6927,Land O Lakes,
2024-12-02,BXCL1772,2,306.0,34638-6927,Land O Lakes,
2024-12-02,BXCM5157,1,1032.33,90019-5935,Los Angeles,B2B
2024-12-02,BXCM4491,1,944.55,33480,Palm Beach,
2024-12-02,BXCM4257,1,1043.55,L7L 5L2,Burlington,
2024-12-02,BXCM4493,1,627.75,72543-7615,Heber Springs,
2024-12-03,BXCM5528,1,2112.75,22314-3544,Alexandria,
2024-12-03,BXCM4244,1,494.1,29464-2677,Mount Pleasant,
2024-12-03,BXCM5157,1,1032.33,07885-1640,Wharton,B2B
2024-12-03,BXCM3765,1,1013.85,07885-1640,Wharton,B2B
2024-12-03,BXCM5157,1,938.83,66206-2551,Leawood,B2B
2024-12-03,BXCM3765,2,895.05,23063-3925,Goochland,
2024-12-03,BXCM4493,1,627.75,33480-3731,Palm Beach,
2024-12-03,BXCM1783,1,330.75,06525-2513,Woodbridge,
2024-12-03,BXCM3765,1,895.05,23608-0926,Newport News,B2B
2024-12-03,BXCM5032,4,513.9,83001-8992,Jackson,
2024-12-03,BXCM4486,2,390.15,02025-1147,Cohasset,
2024-12-03,BXCM4486,2,390.15,77024,Houston,
2024-12-03,BXCM4292,1,2201.85,07416-2134,Franklin,B2B
2024-12-03,BXCM4493,1,627.75,10708-1803,BRONXVILLE,B2B
2024-12-04,BXCM5155,1,499.05,07726-8821,Manalapan,
2024-12-04,BXCM4774,1,835.65,14103-9666,Medina,
2024-12-04,BXCM3765,1,1126.5,43025-9303,Hebron,
2024-12-04,BXCM4774,1,875.25,77043-4123,Houston,
2024-12-04,BXCL1556,1,1082.5,95864-4928,Sacramento,
2024-12-04,BXCM5157,1,1214.5,84042-2223,Lindon,
2024-12-04,BXCM5365,1,15.0,37801-8511,Maryville,SP
2024-12-05,BXCM4489,1,1011.0,33304-3635,Oakland Park,B2B
2024-12-05,BXCM4783,1,807.5,34104-4998,Naples,B2B
2024-12-05,BXCL1641,1,763.5,29486-2184,Summerville,B2B
2024-12-05,BXCM5157,1,1214.5,90065-1321,Los Angeles,B2B
2024-12-05,BXCM1783,1,367.5,08360-2218,Vineland,
2024-12-06,BXCM4608,1,846.0,48755-9675,Pigeon,
2024-12-06,BXCL1784,1,554.5,78006-2015,Boerne,B2B
2024-12-06,BXCM5369,1,15.0,34212-5112,Bradenton,SP
2024-12-06,BXCM5369,1,15.0,33606-3840,Tampa,SP
2024-12-06,BXCM3765,1,1126.5,48307-1915,Rochester,B2B
2024-12-07,BXCM3765,1,994.5,06890-1062,Southport,
2024-12-07,BXCL1646,2,1132.0,06830-6701,Greenwich,
2024-12-07,BXCM5369,1,15.0,07740-7470,Long Branch,SP
2024-12-07,BXCM3778,2,752.5,07023-1626,Fanwood,B2B
2024-12-07,BXCM4079,1,2771.0,54754-8037,Merrillan,
2024-12-07,BXCM5157,1,1006.1,22727-4160,Madison,
2024-12-07,BXCM5371,1,15.0,02324-2573,Bridgewater,SP
2024-12-07,BXCM5353,1,15.0,02324-2573,Bridgewater,SP
2024-12-07,BXCM5367,1,15.0,02324-2573,Bridgewater,SP
2024-12-08,BXCM3797,1,1192.5,33442-8626,Deerfield Beach,
2024-12-09,BXCM5360,1,15.0,60613,Chicago,SP
2024-12-09,BXCM5353,1,15.0,60613,Chicago,SP
2024-12-09,BXCM5365,1,15.0,60613,Chicago,SP
2024-12-09,BXCM5373,1,15.0,60613,Chicago,SP
2024-12-09,BXCM5367,1,15.0,60613,Chicago,SP
2024-12-09,BXCM5369,1,15.0,60613,Chicago,SP
2024-12-09,BXCM5368,1,15.0,60613,Chicago,SP
2024-12-09,BXCM4525,1,312.5,02906,PROVIDENCE,
2024-12-09,BXCM2362,1,139.75,46703,Angola,
2024-12-09,BXCM4491,1,1049.5,07644-2878,Lodi,B2B
2024-12-09,BXCM5360,1,15.0,89413,Glenbrook,SP
2024-12-09,BXCM5579,1,0.0,89413,Glenbrook,SP
2024-12-09,BXCM5581,1,0.0,89413,Glenbrook,SP
2024-12-09,BXCM5375,1,15.0,89413,Glenbrook,SP
2024-12-09,BXCM4493,1,697.5,90036-2504,Los Angeles,B2B
2024-12-10,BXCM1783,1,367.5,33928-8919,Estero,
2024-12-10,BXCM1782,2,279.5,33928-8919,Estero,
2024-12-10,BXCM1792,1,1159.5,31522,St Simons Island,
2024-12-10,BXCM1651,1,1143.0,83001-8632,JACKSON,B2B
2024-12-10,BXCM1617,1,884.5,70032-1934,Arabi,
2024-12-10,BXCM3690,1,642.5,33040-7133,Key West,B2B
2024-12-10,BXCM1633,1,290.5,33040-7133,Key West,B2B
2024-12-11,BXCM1656,1,241.0,33458-2453,JUPITER,B2B
2024-12-11,BXCM3765,1,994.5,50266-1288,West Des Moines,
2024-12-11,BXCL1562,1,433.5,22801-5404,Harrisonburg,
2024-12-11,BXCL1556,1,1170.5,22801-5404,Harrisonburg,
2024-12-11,BXCM5140,1,775.0,70808-4209,Baton Rouge,B2B
2024-12-11,BXCM5421,1,494.0,33432-3934,Boca Raton,B2B
2024-12-11,BXCM5421,1,494.0,34243-4165,Sarasota,B2B
2024-12-11,BXCM5421,1,494.0,34108-2899,Naples,B2B
2024-12-11,BXCM5421,1,494.0,33607-7229,Tampa,B2B
2024-12-12,BXCL1783,1,763.5,32210-6016,Jacksonville,
2024-12-12,BXCM4493,1,697.5,02766-2493,Norton,B2B
2024-12-12,BXCM5387,1,928.5,77355-1996,Magnolia,
2024-12-12,BXCM4494,1,1214.5,32082-4615,Ponte Vedra Beach,
2024-12-13,BXCM3690,1,642.5,07458,Saddle River,
2024-12-13,BXCM1650,1,697.5,33401-7345,West Palm Beach,
2024-12-14,BXCM5155,1,444.5,33770-1304,Belleair Bluffs,
2024-12-15,BXCM4490,1,384.0,33037-3714,Key Largo,
2024-12-15,BXCM4490,1,373.0,33037-3714,Key Largo,
2024-12-15,BXCM5360,1,15.0,20147-5620,Ashburn,SP
2024-12-15,BXCM5353,1,15.0,20147-5620,Ashburn,SP
2024-12-15,BXCM5375,1,15.0,20147-5620,Ashburn,SP
2024-12-16,BXCM2362,1,139.75,76051-3703,Grapevine,B2B
2024-12-17,BXCM5579,1,0.0,04562-4416,Phippsburg,SP
2024-12-17,BXCM5581,1,0.0,04562-4416,Phippsburg,SP
2024-12-17,BXCM5360,1,15.0,C1N 6H5,Summerside,SP
2024-12-17,BXCM5366,1,15.0,C1N 6H5,Summerside,SP
2024-12-17,BXCM1653,1,1203.5,29464-5554,Mount Pleasant,
2024-12-17,BXCM5157,1,1214.5,37027-8901,Brentwood,B2B
2024-12-18,BXCM5068,2,807.5,02766-2493,Norton,B2B
2024-12-18,BXCM5375,1,15.0,15052-1605,Industry,SP
2024-12-18,BXCM1650,2,697.5,76226-6868,Bartonville,
2024-12-18,BXCM4216,1,967.0,15217-4500,Pittsburgh,
2024-12-19,BXCL1781,2,851.5,19147-5839,Philadelphia,
2024-12-19,BXCM5416,1,873.5,34108-2899,Naples,B2B
2024-12-19,BXCM5157,1,1214.5,78642-2038,Liberty Hill,
2024-12-20,BXCM1614,6,230.0,33957-7016,Sanibel,
2024-12-21,BXCM1652,1,1022.0,11932-1086,Bridgehampton,B2B
2024-12-21,BXCM2360,1,378.5,34135-3429,Bonita Springs,
2024-12-21,BXCM5155,2,334.5,34108-8275,Naples,
2024-12-22,BXCM5043,1,0.0,01440-2362,Gardner,SP
2024-12-22,BXCM5361,1,15.0,71107-9701,Shreveport,SP
2024-12-22,BXCM5375,1,15.0,71107-9701,Shreveport,SP
2024-12-22,BXCM5157,1,1214.5,98498-1209,Lakewood,
2024-12-22,BXCM5157,1,1214.5,71107-9701,Shreveport,
2024-12-23,BXCM5367,1,15.0,63301-8482,St Charles,SP
2024-12-23,BXCM5153,1,550.0,07608-1138,Teterboro,B2B
2024-12-24,BXCM5367,1,15.0,37205-4524,Nashville,SP
2024-12-24,BXCM4062,1,2567.5,M4Y 2T3,Toronto,
2024-12-25,BXCM5157,1,1104.5,11215-1405,Brooklyn,
2024-12-26,BXCL1175,1,355.5,92866-1738,Orange,
2024-12-26,BXCL1556,2,855.45,70435-2215,Covington,B2B
2024-12-26,BXCM1617,1,796.05,44321-1495,copley,
2024-12-26,BXCL1265,2,647.55,75036-8211,FRISCO,B2B
2024-12-27,BXCM5403,1,508.95,90210-2402,Beverly Hills,
2024-12-27,BXCM5375,1,15.0,60030-4006,Grayslake,SP
2024-12-27,BXCL1150,1,256.5,78023-4711,Helotes,
2024-12-27,BXCL1149,1,221.85,78023-4711,Helotes,
2024-12-27,BXCM5371,1,15.0,30577-1842,Toccoa,SP
2024-12-27,BXCM5372,1,15.0,30577-1842,Toccoa,SP
2024-12-27,BXCM3778,1,721.8,79705-1835,Midland,
2024-12-27,BXCL1292,1,1157.4,19606,Reading,
2024-12-27,BXCM5375,1,15.0,84092-4944,Sandy,SP
2024-12-27,BXCM1784,1,380.25,33921-0566,Boca Grande,
2024-12-28,BXCM3765,1,895.05,19958-6542,Lewes,
2024-12-28,BXCM5351,1,15.0,07677,Woodcliff Lake,SP
2024-12-28,BXCM5157,1,1093.05,06355-2336,Mystic,
2024-12-28,BXCM4492,1,1023.75,02052-1929,Medfield,
2024-12-28,BXCM4494,1,1093.05,02052-1929,Medfield,
2024-12-29,BXCM5353,1,15.0,C1N 6H5,Summerside,SP
2024-12-29,BXCM4528,1,182.25,30606,athens,
2024-12-29,BXCM5350,1,15.0,37215-1052,Nashville,SP
2024-12-29,BXCM5355,1,15.0,37215-1052,Nashville,SP
2024-12-29,BXCL1641,1,805.95,60421-9552,Elwood,
2024-12-29,BXCM5387,1,627.75,37209-4548,Nashville,B2B
2024-12-29,BXCM4592,1,543.6,93536-6052,Lancaster,B2B
2024-12-29,BXCM3934,1,835.65,34242-1427,Siesta Key,B2B
2024-12-29,BXCM5367,1,15.0,20854-4270,Potomac,SP
2024-12-30,BXCM4528,1,182.25,95661-3980,ROSEVILLE,
2024-12-30,BXCM1783,1,330.75,77019-6108,Houston,
2024-12-30,BXCM5157,1,994.05,54235-1831,Sturgeon Bay,
2024-12-30,BXCM1778,1,1073.25,06250,Mansfield Center,
2024-12-30,BXCM5098,1,508.95,29464-3865,Mount Pleasant,
2024-12-30,BXCM1783,1,330.75,19087-2109,Wayne,
2024-12-30,BXCM5361,1,15.0,75147-4536,Mabank,SP
2024-12-30,BXCM5580,1,0.0,75147-4536,Mabank,SP
2024-12-30,BXCM5375,1,15.0,75147-4536,Mabank,SP
2024-12-30,BXCL1786,1,578.25,75205-1628,Dallas,
2024-12-30,BXCL1740,1,875.25,75205-1628,Dallas,
2024-12-30,BXCM4244,1,444.6,65201,Columbia,
2024-12-30,BXCM5581,1,0.0,06840,New Canaan,SP
2024-12-30,BXCM5360,1,15.0,06840,New Canaan,SP
2024-12-30,BXCM5579,1,0.0,06840,New Canaan,SP
2024-12-30,BXCM4489,1,909.9,19930,Bethany Beach,
2024-12-30,BXCM4489,1,751.5,19930,Bethany Beach,
2024-12-31,BXCL1511,1,875.25,22901-4037,Charlottesville,
2024-12-31,BXCM4491,1,944.55,08742-5508,Point Pleasant,
2024-12-31,BXCM1742,1,200.8,34114-8764,Naples,
2024-12-31,BXCM5155,1,499.05,06039-2536,Lakeville,
2024-12-31,BXCM3686,1,825.75,15228-1112,Pittsburgh,
2024-12-31,BXCM5361,1,15.0,65203-2714,Columbia,SP
2024-12-31,BXCM5350,1,15.0,65203-2714,Columbia,SP
2024-12-31,BXCM5375,1,15.0,65203-2714,Columbia,SP
2024-12-31,BXCM5353,1,15.0,65203-2714,Columbia,SP
2024-12-31,BXCM5348,1,15.0,65203-2714,Columbia,SP
2024-12-31,BXCM5355,1,15.0,65203-2714,Columbia,SP
2024-12-31,BXCM1656,1,216.9,33404-5913,Riviera Beach,B2B
2024-12-31,BXCM1655,1,1048.5,11763-1616,Medford,
2024-12-31,BXCM1655,1,850.5,34217-1216,Holmes Beach,
2024-12-31,BXCM1792,1,1172.25,34217-1216,Holmes Beach,
2024-12-31,BXCM5456,1,726.75,59860-6820,Polson,
2024-12-31,BXCM5351,1,15.0,10710-2321,Yonkers,SP
2024-12-31,BXCM4265,1,603.0,28016,Bessemer City,
2024-12-31,BXCM4242,1,414.9,28016,Bessemer City,
2025-01-01,BXCM3765,2,994.5,30277,Sharpsburg,
2025-01-01,BXCM3765,2,994.5,76065-2738,Midlothian,
2025-01-02,BXCM4493,1,697.5,73401-6408,Ardmore,
2025-01-02,BXCM5157,1,1104.5,95010-2532,Capitola,
2025-01-02,BXCM5020,1,1379.5,15143-1496,Sewickley,
2025-01-02,BXCM5155,1,444.5,49423-8938,Holland,
2025-01-03,BXCM3765,1,994.5,85383-4522,Peoria,
2025-01-03,BXCL1556,1,1038.5,06820-2927,Darien,
2025-01-03,BXCL1556,1,1038.5,06820-2927,Darien,
2025-01-04,BXCL1562,1,433.5,33761,Clearwater,
2025-01-04,BXCL1268,1,862.5,33761,Clearwater,
2025-01-04,BXCL1268,1,862.5,33761,Clearwater,
2025-01-04,BXCM5349,1,15.0,34112,Naples,SP
2025-01-05,BXCM4521,1,472.0,33905-5838,Fort Myers,
2025-01-05,BXCM5348,1,15.0,21113-6063,Odenton,SP
2025-01-05,BXCM5350,1,15.0,21113-6063,Odenton,SP
2025-01-05,BXCM5355,1,15.0,21113-6063,Odenton,SP
2025-01-05,BXCL1152,1,477.5,19958-7004,Lewes,
2025-01-05,BXCM5367,1,15.0,37205-4524,Nashville,SP
2025-01-05,BXCM5365,1,15.0,10803-2619,Pelham,SP
2025-01-05,BXCM5367,1,15.0,10803-2619,Pelham,SP
2025-01-05,BXCM1609,1,384.0,90025-6968,Los Angeles,
2025-01-06,BXCM5157,1,1104.5,60610-1372,Chicago,
2025-01-06,BXCM5351,1,15.0,35213,Birmingham,SP
2025-01-06,BXCM5366,1,15.0,35213,Birmingham,SP
2025-01-06,BXCM1656,1,241.0,33410-4408,West Palm Beach,
2025-01-06,BXCM4244,1,494.0,93422-4808,Atascadero,
2025-01-06,BXCM5349,1,15.0,28210-7027,Charlotte,SP
2025-01-06,BXCL1785,2,356.5,01841,LAWRENCE,
2025-01-06,BXCM5136,1,835.0,31516-4082,Blackshear,
2025-01-06,BXCM4244,1,494.0,21037-4112,Edgewater,
2025-01-06,BXCL1641,1,763.5,34135-2809,Bonita Springs,B2B
2025-01-07,BXCL1144,1,334.5,33414-4718,Wellington,
2025-01-08,BXCM1783,1,367.5,34103-3627,Naples,
2025-01-08,BXCM5063,2,686.5,34202-4627,Bradenton,
2025-01-08,BXCM5377,1,15.0,14450,Fairport,SP
2025-01-08,BXCM5373,1,15.0,14450,Fairport,SP
2025-01-08,BXCM3686,1,917.5,07760,Rumson,
2025-01-09,BXCM1784,1,422.5,10546-1036,Millwood,B2B
2025-01-09,BXCM4486,2,433.5,33446-3631,Delray Beach,
2025-01-09,BXCM4491,1,1049.5,33446-3631,Delray Beach,
2025-01-09,BXCM1653,1,1203.5,33404-7523,Riviera Beach,B2B
2025-01-10,BXCM4592,1,532.0,78217-4105,SAN ANTONIO,
2025-01-10,BXCM5157,1,1104.5,77707,Beaumont,
2025-01-10,BXCM5363,1,15.0,07076-4717,Scotch Plains,SP
2025-01-10,BXCM5357,1,15.0,07076-4717,Scotch Plains,SP
2025-01-10,BXCM5371,1,15.0,07076-4717,Scotch Plains,SP
2025-01-10,BXCM5367,1,15.0,73034-5289,Edmond,SP
2025-01-10,BXCM5365,1,15.0,73034-5289,Edmond,SP
2025-01-11,BXCM2356,1,139.75,34242-1520,Siesta Key,B2B
2025-01-11,BXCM5157,1,1104.5,31792,Thomasville,
2025-01-12,BXCM5157,1,1214.5,70769-6713,Prairieville,
2025-01-12,BXCM3769,1,604.0,80439-9554,evergreen,
2025-01-12,BXCM5353,1,15.0,94043-1431,Mountain View,SP
2025-01-12,BXCM5367,1,15.0,94043-1431,Mountain View,SP
2025-01-12,BXCM5350,1,15.0,94043-1431,Mountain View,SP
2025-01-12,BXCM5361,1,15.0,94043-1431,Mountain View,SP
2025-01-12,BXCM5361,1,15.0,04072-9353,Saco,SP
2025-01-12,BXCM5580,1,15.0,04072-9353,Saco,SP
2025-01-12,BXCM5360,1,15.0,04072-9353,Saco,SP
2025-01-12,BXCM5375,1,15.0,04072-9353,Saco,SP
2025-01-12,BXCM5579,1,15.0,04072-9353,Saco,SP
2025-01-12,BXCM5350,1,15.0,10538-1309,Larchmont,SP
2025-01-12,BXCM5353,1,15.0,10538-1309,Larchmont,SP
2025-01-12,BXCM5361,1,15.0,10538-1309,Larchmont,SP
2025-01-12,BXCM5375,1,15.0,10538-1309,Larchmont,SP
2025-01-12,BXCM5580,1,15.0,10538-1309,Larchmont,SP
2025-01-12,BXCM4006,1,1269.5,34102-8111,Naples,B2B
2025-01-13,BXCM5365,1,15.0,20854-5429,Potomac,SP
2025-01-13,BXCM5372,1,15.0,20854-5429,Potomac,SP
2025-01-13,BXCM5367,1,15.0,20854-5429,Potomac,SP
2025-01-13,BXCM5368,1,15.0,20854-5429,Potomac,SP
2025-01-13,BXCM5357,1,15.0,20854-5429,Potomac,SP
2025-01-13,BXCM5386,1,631.5,73065-4274,Newcastle,
2025-01-13,BXCM5057,2,752.5,67152-8078,Wellington,
2025-01-13,BXCL1144,1,334.5,94549-7621,Lafayette,
2025-01-14,BXCM5581,1,15.0,01864-2987,North Reading,SP
2025-01-14,BXCM5360,1,15.0,01864-2987,North Reading,SP
2025-01-14,BXCM5579,1,15.0,01864-2987,North Reading,SP
2025-01-14,BXCM4536,1,664.5,92660-4814,Newport Beach,
2025-01-14,BXCM1783,1,367.5,80212-2613,Denver,
2025-01-14,BXCM4491,1,1049.5,59912-9064,Columbia Falls,
2025-01-14,BXCM4830,1,1181.5,11963-4236,Sag harbor,
2025-01-15,BXCM5365,1,15.0,02649-2951,Mashpee,SP
2025-01-15,BXCM5367,1,15.0,02649-2951,Mashpee,SP
2025-01-15,BXCL1175,1,395.0,02043-3790,Hingham,
2025-01-15,BXCM3777,1,433.5,01742-2346,Concord,B2B
2025-01-15,BXCM1635,1,697.5,77024-6000,Houston,
2025-01-15,BXCM5375,1,15.0,93465-8363,Templeton,SP
2025-01-16,BXCM5571,1,1247.5,33147-5917,Miami,B2B
2025-01-16,BXCM4512,1,3002.0,33147-5917,Miami,B2B
2025-01-16,BXCM1656,1,241.0,34997-2568,Stuart,B2B
2025-01-16,BXCL1656,1,1143.0,29577-8723,Myrtle Beach,
2025-01-16,BXCM5387,1,697.5,21601-4897,Easton,B2B
2025-01-17,BXCM1656,1,241.0,34996-1964,Stuart,B2B
2025-01-17,BXCM3765,1,994.5,50266-1288,West Des Moines,
2025-01-17,BXCM3910,1,1533.5,33178,Medley,B2B
2025-01-17,BXCL1551,1,1192.5,43056-8229,Heath,
2025-01-17,BXCL1913,1,631.5,94920-1700,Tiburon,
2025-01-17,BXCL1512,1,356.5,94920-1700,Tiburon,
2025-01-17,BXCM5367,1,15.0,78643-2928,Llano,SP
2025-01-18,BXCM1667,1,417.0,29118-2026,Orangeburg,
2025-01-18,BXCM3886,1,241.78,53072-3461,Pewaukee,
2025-01-18,BXCM5579,1,15.0,80023-9450,Broomfield,SP
2025-01-18,BXCM5360,1,15.0,04092-2120,Westbrook,SP
2025-01-19,BXCL1150,1,285.0,94960-2012,San Anselmo,B2B
2025-01-19,BXCM5365,1,15.0,28411-9313,Wilmington,SP
2025-01-19,BXCM5377,1,15.0,28411-9313,Wilmington,SP
2025-01-19,BXCM5581,1,15.0,28411-9313,Wilmington,SP
2025-01-19,BXCM5373,1,15.0,28411-9313,Wilmington,SP
2025-01-19,BXCM5369,1,15.0,01945-2714,Marblehead,SP
2025-01-19,BXCM5366,1,15.0,01945-2714,Marblehead,SP
2025-01-19,BXCM5360,1,15.0,01945-2714,Marblehead,SP
2025-01-19,BXCM5369,1,15.0,01945-2714,Marblehead,SP
2025-01-19,BXCM5349,1,15.0,01945-2714,Marblehead,SP
2025-01-19,BXCM5360,1,15.0,01945-2714,Marblehead,SP
2025-01-19,BXCM5351,1,15.0,01945-2714,Marblehead,SP
2025-01-19,BXCM5581,1,15.0,01945-2714,Marblehead,SP
2025-01-19,BXCM5157,1,1104.5,14450-2602,Fairport,
2025-01-19,BXCL1784,1,554.5,21117-5097,Owings Mills,
2025-01-19,BXCL1786,1,642.5,21117-5097,Owings Mills,
2025-01-20,BXCL1161,1,466.5,98122-4174,Seattle,
2025-01-20,BXCM5365,1,15.0,K2J 0M1,Ottawa,SP
2025-01-20,BXCM5361,1,15.0,K2J 0M1,Ottawa,SP
2025-01-20,BXCM5377,1,15.0,K2J 0M1,Ottawa,SP
2025-01-20,BXCM5153,1,550.0,10075-0573,New York,B2B
2025-01-20,BXCM1635,1,697.5,36106-1852,Montgomery,B2B
2025-01-20,BXCM4522,1,455.5,23226-1358,Richmond,
2025-01-20,BXCM4491,1,1049.5,32461-7477,Inlet beach,
2025-01-20,BXCM4521,1,455.5,33711-4340,St Petersburg,
2025-01-20,BXCM1751,1,296.0,21030-1927,Cockeysville,B2B
2025-01-20,BXCL1609,1,422.5,07976-0075,New Vernon,
2025-01-21,BXCM4595,1,444.5,28467-4105,Calabash,B2B
2025-01-21,BXCL1786,1,642.5,29745,York,
2025-01-21,BXCM5361,1,15.0,02903-4732,Providence,SP
2025-01-21,BXCM1655,1,1165.0,32413-5115,Panama City Beach,B2B
2025-01-22,BXCM5363,1,15.0,23112-1757,Midlothian,SP
2025-01-22,BXCM5350,1,15.0,23112-1757,Midlothian,SP
2025-01-22,BXCM1616,1,587.5,94043-1431,Mountain View,
2025-01-22,BXCM1656,1,241.0,01945-3706,Marblehead,B2B
2025-01-22,BXCM5061,1,1192.5,10011-4623,New York,
2025-01-22,BXCM1617,1,884.5,94595-2563,Walnut Creek,
2025-01-22,BXCM5135,1,699.0,33496-1000,Boca Raton,
2025-01-22,BXCM4528,1,202.5,29910-4975,bluffton,
2025-01-22,BXCM1655,1,945.0,33957-6402,Sanibel,B2B
2025-01-22,BXCM1657,1,444.5,33957-6402,Sanibel,B2B
2025-01-22,BXCM5153,1,550.0,02649-2951,Mashpee,
2025-01-23,BXCM4486,1,433.5,19966-7059,Millsboro,B2B
2025-01-23,BXCM4486,1,433.5,19966-7059,Millsboro,B2B
2025-01-23,BXCM3765,1,994.5,45409-2343,Oakwood,
2025-01-23,BXCM3690,1,587.5,73120-1212,Nichols Hills,
2025-01-23,BXCM5032,1,620.5,17551-1560,Millersville,
2025-01-23,BXCM5351,1,15.0,10028,New York,SP
2025-01-23,BXCM5369,1,15.0,10028,New York,SP
2025-01-23,BXCL1102,2,458.93,29927-9830,Hardeeville,
2025-01-23,BXCM5366,1,15.0,07863-3326,Oxford,SP
2025-01-23,BXCM5581,1,15.0,07863-3326,Oxford,SP
2025-01-24,BXCM3765,1,994.5,02668-1118,West Barnstable,B2B
2025-01-24,BXCM5580,1,15.0,10527-1117,Granite Springs,SP
2025-01-24,BXCM1669,1,224.5,33403-2371,West Palm Beach,
2025-01-24,BXCL1786,1,642.5,33403-2371,West Palm Beach,
2025-01-24,BXCM1656,1,241.0,11968-3934,Southampton,B2B
2025-01-24,BXCM1655,2,769.0,33908-7014,Fort Myers,
2025-01-24,BXCM4486,1,433.5,33908-7014,Fort Myers,
2025-01-24,BXCM1653,1,1165.0,33908-7014,Fort Myers,
2025-01-24,BXCM3690,1,642.5,20712-2109,Mount Rainier,B2B
2025-01-24,BXCM3765,1,1126.5,48307-1915,Rochester,B2B
2025-01-25,BXCM1667,1,488.5,64114-5152,Kansas City,
2025-01-25,BXCM4592,1,532.0,02632-3441,Centerville,
2025-01-25,BXCL1675,1,246.5,37215-1052,Nashville,
2025-01-25,BXCM4063,1,428.0,13045-1903,Cortland,
2025-01-26,BXCM5349,1,15.0,10065-8183,New York,SP
2025-01-26,BXCM5366,1,15.0,10065-8183,New York,SP
2025-01-26,BXCM4487,2,499.5,78028-8029,Kerrville,
2025-01-26,BXCM4491,1,1049.5,78028-8029,Kerrville,
2025-01-26,BXCM1650,2,719.5,33441,Deerfield Beach,
2025-01-26,BXCM1653,1,1203.5,33441,Deerfield Beach,
2025-01-26,BXCM5361,1,15.0,59840-9511,Hamilton,SP
2025-01-26,BXCM5375,1,15.0,59840-9511,Hamilton,SP
2025-01-26,BXCM3765,1,994.5,30909-2032,Augusta,
2025-01-27,BXCM4596,1,433.5,89143,Las Vegas,
2025-01-27,BXCM4178,1,554.5,11968-3934,Southampton,B2B
2025-01-27,BXCM3765,1,994.5,35223-2879,Mountain Brook,
2025-01-27,BXCL1551,1,1192.5,06082,Enfield,
2025-01-27,BXCM1656,1,241.0,34211-4931,Bradenton,B2B
2025-01-27,BXCM4737,1,395.0,04102-1631,Portland,B2B
2025-01-27,BXCM3765,1,994.5,79705-1824,Midland,
2025-01-28,BXCM3765,1,994.5,02460-1007,NEWTONVILLE,
2025-01-28,BXCM1656,1,241.0,33469-3509,Jupiter,B2B
2025-01-28,BXCM1656,2,241.0,84032,Heber City,
2025-01-28,BXCM5367,1,15.0,37221,Nashville,SP
2025-01-28,BXCM5365,1,15.0,37221,Nashville,SP
2025-01-28,BXCM5351,1,15.0,37221,Nashville,SP
2025-01-28,BXCM5366,1,15.0,37221,Nashville,SP
2025-01-28,BXCM1656,1,241.0,34241,Sarasota,
2025-01-28,BXCM4522,1,373.0,77339-3414,Kingwood,B2B
2025-01-28,BXCM3765,1,1126.5,84117,Holladay,
2025-01-29,BXCM1656,1,241.0,29607,Greenville,
2025-01-29,BXCL1766,1,1368.5,19073-2812,Newtown Square,
2025-01-29,BXCL1150,1,285.0,32967-7206,Vero Beach,
2025-01-29,BXCM3765,1,994.5,99223,Spokane,
2025-01-29,BXCM5157,1,1104.5,80503-2106,Longmont,
2025-01-30,BXCM3765,1,1126.5,55432-2165,Minneapolis,
2025-01-30,BXCM1650,1,719.5,11932,Bridgehampton,B2B
2025-01-30,BXCM4244,1,428.0,33919-1838,Fort Myers,
2025-01-30,BXCL1611,4,461.0,55904-7164,Rochester,B2B
2025-01-30,BXCM4244,1,461.0,19096-1463,Wynnewood,
2025-01-30,BXCM5369,1,15.0,12211-1321,Albany,SP
2025-01-30,BXCM5373,1,15.0,12211-1321,Albany,SP
2025-01-30,BXCM1783,1,367.5,34135-1837,Bonita Springs,B2B
2025-01-30,BXCM1783,1,367.5,34135-1837,Bonita Springs,B2B
2025-01-30,BXCM5032,1,620.5,63123-1115,St Louis,
2025-01-30,BXCM4491,1,1049.5,33178-1421,Miami,
2025-01-30,BXCM4491,1,1049.5,33178-1421,Miami,
2025-01-30,BXCM4491,1,1049.5,33178-1421,Miami,
2025-01-30,BXCM4491,1,1049.5,33178-1421,Miami,
2025-01-30,BXCM4491,1,1049.5,33178-1421,Miami,
2025-01-31,BXCM5351,1,15.0,10128-4096,New York,SP
2025-01-31,BXCM5155,1,554.5,94941-1541,MILL VALLEY,
2025-01-31,BXCM5369,1,15.0,12570-5630,Poughquag,SP
2025-01-31,BXCM4880,1,296.0,07608-1138,Teterboro,B2B
2025-01-31,BXCM5157,1,1104.5,07608-1138,Teterboro,B2B
2025-01-31,BXCL1408,1,301.5,07608-1138,Teterboro,B2B
2025-01-31,BXCM5153,1,550.0,07608-1138,Teterboro,B2B
2025-01-31,BXCM5157,1,1104.5,71854-5915,Texarkana,
2025-01-31,BXCM1656,1,241.0,34240-1452,Sarasota,B2B
2025-02-01,BXCM1617,1,884.5,78738-5059,Austin,
2025-02-01,BXCM1784,1,422.5,92629-4434,Dana Point,B2B
2025-02-01,BXCM5353,1,15.0,89413,Glenbrook,SP
2025-02-01,BXCM5580,1,15.0,89413,Glenbrook,SP
2025-02-01,BXCM5155,2,444.5,49408-9634,Fennville,
2025-02-01,BXCM3765,1,1126.5,34238,Sarasota,
2025-02-01,BXCL1773,1,543.5,28031,Cornelius,
2025-02-02,BXCM5375,1,15.0,30319-3217,Atlanta,SP
2025-02-02,BXCM5580,1,15.0,30319-3217,Atlanta,SP
2025-02-02,BXCM5361,1,15.0,30319-3217,Atlanta,SP
2025-02-02,BXCM5157,1,1214.5,27707-5016,Durham,B2B
2025-02-02,BXCM1617,1,884.5,73034-5289,Edmond,
2025-02-02,BXCM4270,1,1412.5,K0G 1L0,Lombardy,
2025-02-02,BXCM5369,1,15.0,66221-9114,Overland Park,SP
2025-02-02,BXCM5371,1,15.0,66221-9114,Overland Park,SP
2025-02-02,BXCM5355,1,15.0,66221-9114,Overland Park,SP
2025-02-02,BXCM5368,1,15.0,66221-9114,Overland Park,SP
2025-02-02,BXCM5365,1,15.0,66221-9114,Overland Park,SP
2025-02-02,BXCM1782,1,279.5,77077-1145,Houston,
2025-02-02,BXCM3907,1,1726.0,89128-8285,Las Vegas,
2025-02-03,BXCM1647,1,285.0,28712-4759,Brevard,
2025-02-04,BXCM5377,1,15.0,30517-2917,Braselton,SP
2025-02-04,BXCM4492,1,1137.5,90292-8305,Marina Del Ray,B2B
2025-02-04,BXCM5365,1,15.0,98248-9541,Ferndale,SP
2025-02-04,BXCM5373,1,15.0,98248-9541,Ferndale,SP
2025-02-04,BXCM1745,1,417.0,16505-1328,Erie,B2B
2025-02-04,BXCM5153,1,550.0,35213,Birmingham,
2025-02-05,BXCM3690,1,642.5,78028-8029,Kerrville,
2025-02-05,BXCM5157,1,774.5,61822-6406,Champaign,
2025-02-05,BXCM5349,1,15.0,94533-9528,Fairfield,SP
2025-02-05,BXCM4486,1,433.5,33446-3631,Delray Beach,
2025-02-05,BXCM4491,1,1049.5,33446-3631,Delray Beach,
2025-02-05,BXCM5157,1,1104.5,85260-3613,Scottsdale,
2025-02-06,BXCM4943,1,1115.5,60614-1676,Chicago,
2025-02-06,BXCM5366,1,15.0,29205-1856,Columbia,SP
2025-02-06,BXCM5372,1,15.0,29205-1856,Columbia,SP
2025-02-06,BXCM5371,1,15.0,29205-1856,Columbia,SP
2025-02-06,BXCL1152,1,477.5,19958-7004,Lewes,
2025-02-06,BXCM5580,1,15.0,61725-9015,Carlock,SP
2025-02-06,BXCM5522,1,664.5,14891,Watkins Glen,
2025-02-06,BXCM5369,1,15.0,35223-1253,Birmingham,SP
2025-02-06,BXCM5365,1,15.0,35223-1253,Birmingham,SP
2025-02-06,BXCM5373,1,15.0,35223-1253,Birmingham,SP
2025-02-06,BXCM5377,1,15.0,35223-1253,Birmingham,SP
2025-02-06,BXCM5351,1,15.0,35223-1253,Birmingham,SP
2025-02-06,BXCL1150,1,285.0,32801,Orlando,
2025-02-07,BXCM1650,2,697.5,76226-6868,Bartonville,
2025-02-07,BXCM5367,1,15.0,94025-5605,Menlo park,SP
2025-02-07,BXCM5366,1,15.0,94025-5605,Menlo park,SP
2025-02-07,BXCM5349,1,15.0,94025-5605,Menlo park,SP
2025-02-07,BXCM5365,1,15.0,94025-5605,Menlo park,SP
2025-02-07,BXCM5579,1,15.0,94025-5605,Menlo park,SP
2025-02-07,BXCM5360,1,15.0,94025-5605,Menlo park,SP
2025-02-07,BXCM5357,1,15.0,40059-8115,Prospect,SP
2025-02-07,BXCM3893,1,298.75,12211-1321,Albany,B2B
2025-02-07,BXCM1656,1,241.0,33404-5913,Riviera Beach,B2B
2025-02-07,BXCM5155,1,554.5,78731,austin,
2025-02-07,BXCM4740,1,191.5,89128-8285,Las Vegas,
2025-02-07,BXCM4835,2,230.0,89128-8285,Las Vegas,
2025-02-07,BXCM4517,2,505.0,36611-2210,Chickasaw,B2B
2025-02-07,BXCM5368,1,15.0,02066-1307,scituate,SP
2025-02-08,BXCM4490,1,417.0,97055-6909,Sandy,
2025-02-08,BXCM1606,2,395.0,70301-5014,Thibodaux,B2B
2025-02-08,BXCL1765,1,1148.5,94510-3935,Benicia,
2025-02-08,BXCM1813,1,367.5,94510-3935,Benicia,
2025-02-08,BXCM5581,1,15.0,96768-7701,Makawao,SP
2025-02-08,BXCM5355,1,15.0,96768-7701,Makawao,SP
2025-02-08,BXCM5349,1,15.0,96768-7701,Makawao,SP
2025-02-08,BXCM5369,1,15.0,96768-7701,Makawao,SP
2025-02-08,BXCM5351,1,15.0,20854-5429,Potomac,SP
2025-02-08,BXCM5369,1,15.0,42103,Bowling Green,SP
2025-02-08,BXCM4494,1,1093.05,23454,Virginia Beach,
2025-02-08,BXCM3891,1,429.75,10128-4096,New York,
2025-02-08,BXCM5353,1,15.0,75209-2222,Dallas,SP
2025-02-08,BXCM3765,1,895.05,19958-2128,Lewes,
2025-02-08,BXCM5157,1,1093.05,28409-2154,Wilmington,
2025-02-08,BXCM5155,1,400.05,29464-9038,Mount Pleasant,B2B
2025-02-08,BXCM5580,1,15.0,33701,Saint Petersburg,SP
2025-02-09,BXCM5365,1,15.0,85018-6733,Phoenix,SP
2025-02-09,BXCM5361,1,15.0,85018-6733,Phoenix,SP
2025-02-09,BXCM5375,1,15.0,12503-5216,Ancramdale,SP
2025-02-09,BXCM5361,1,15.0,12503-5216,Ancramdale,SP
2025-02-09,BXCM5368,1,15.0,30040-5550,CUMMING,SP
2025-02-09,BXCM5355,1,15.0,30040-5550,CUMMING,SP
2025-02-09,BXCM5032,2,499.05,55102-2113,Saint paul,
2025-02-09,BXCM5369,1,15.0,23455-1687,Virginia Beach,SP
2025-02-09,BXCM5349,1,15.0,23455-1687,Virginia Beach,SP
2025-02-09,BXCM5155,1,400.05,34223-6250,Englewood,
2025-02-09,BXCM4597,2,617.85,32322-3063,Carrabelle,
2025-02-09,BXCM3765,1,1013.85,19971-3410,Rehoboth Beach,
2025-02-10,BXCM5367,1,15.0,02481-1253,Wellesley,SP
2025-02-10,BXCM5365,1,15.0,02481-1253,Wellesley,SP
2025-02-10,BXCM4077,1,1573.2,30328-8215,Atlanta,B2B
2025-02-10,BXCL1150,1,256.5,19317-9284,Chadds Ford,B2B
2025-02-10,BXCM3934,1,895.05,07608-1138,Teterboro,B2B
2025-02-10,BXCM4491,1,944.55,07608-1138,Teterboro,B2B
2025-02-10,BXCM5638,1,345.5,02766-2493,Norton,B2B
2025-02-10,BXCM5638,1,329.0,02766-2493,Norton,B2B
2025-02-10,BXCM5638,1,312.5,02766-2493,Norton,B2B
2025-02-10,BXCM5157,1,1093.05,32309-8952,Tallahassee,
2025-02-10,BXCM5157,1,1093.05,31904-4431,Columbus,B2B
2025-02-10,BXCM5157,1,994.05,46992-8480,Wabash,
2025-02-10,BXCM5568,1,1899.9,27936,Frisco,B2B
2025-02-10,BXCM5157,1,1093.05,06880-1401,Westport,
2025-02-11,BXCM3690,1,528.75,28278-0251,Charlotte,B2B
2025-02-11,BXCM4487,1,449.55,33928-2963,Estero,
2025-02-11,BXCM5157,2,697.05,29910,Bluffton,
2025-02-11,BXCM1609,1,345.6,98248-9541,Ferndale,
2025-02-12,BXCL1641,1,687.15,07041,Millburn,
2025-02-12,BXCM1783,1,330.75,90210,BEVERLY HILLS,
2025-02-12,BXCM5157,1,1093.05,27607-7426,Raleigh,
2025-02-12,BXCM4596,1,330.75,33407-4416,West Palm Beach,
2025-02-12,BXCM1641,1,231.75,29910-8018,Bluffton,
2025-02-12,BXCM5363,1,15.0,32607-1222,Gainesville,SP
2025-02-12,BXCM5372,1,15.0,32607-1222,Gainesville,SP
2025-02-12,BXCM5357,1,15.0,32607-1222,Gainesville,SP
2025-02-12,BXCM5349,1,15.0,32963,Vero Beach,SP
2025-02-12,BXCM4491,1,944.55,34108-2899,Naples,
2025-02-12,BXCM4492,1,1023.75,34108-2899,Naples,
2025-02-12,BXCM3777,1,424.8,34108-2899,Naples,
2025-02-13,BXCM1784,1,380.25,48167-9287,Northville,
2025-02-13,BXCM5355,1,15.0,11568-1503,old westbury,SP
2025-02-13,BXCM5349,1,15.0,11568-1503,old westbury,SP
2025-02-13,BXCM5348,1,15.0,11568-1503,old westbury,SP
2025-02-13,BXCM5373,1,15.0,80301-5502,Boulder,SP
2025-02-13,BXCM5365,1,15.0,80301-5502,Boulder,SP
2025-02-13,BXCM5349,1,15.0,80301-5502,Boulder,SP
2025-02-13,BXCM5348,1,15.0,80301-5502,Boulder,SP
2025-02-13,BXCM4486,2,390.15,29910,Bluffton,
2025-02-13,BXCM1656,1,216.9,34103-3913,Naples,
2025-02-13,BXCM3686,1,875.25,37075-3802,Hendersonville,
2025-02-13,BXCM4493,2,627.75,29486-8540,Summerville,B2B
2025-02-14,BXCM5157,1,1093.05,29910,Bluffton,
2025-02-14,BXCM4486,2,390.15,29910,Bluffton,
2025-02-14,BXCM5157,1,1093.05,02840-4280,Newport,
2025-02-14,BXCM1652,1,919.8,20009,Washington,
2025-02-14,BXCL1145,1,182.25,08251-3062,Villas,B2B
2025-02-14,BXCM5377,1,15.0,24090,Fincastle,SP
2025-02-14,BXCM5650,1,275.0,29464-3865,Mount Pleasant,
2025-02-14,BXCM5651,1,181.5,29464-3865,Mount Pleasant,
2025-02-14,BXCM3910,1,1380.15,33178,Medley,B2B
2025-02-14,BXCL1656,1,850.5,07885-1640,Wharton,B2B
2025-02-14,BXCL1786,1,578.25,63304,St Charles,
2025-02-14,BXCL1609,1,380.25,34786-7933,Windermere,
2025-02-14,BXCM4492,1,1023.75,28512-0060,Atlantic Beach,
2025-02-14,BXCM5470,2,637.65,55391-1512,Wayzata,B2B
2025-02-14,BXCM5157,1,1093.05,30802-1811,Appling,
2025-02-14,BXCM5155,1,499.05,32459-7963,Santa Rosa Beach,
2025-02-14,BXCM5369,1,15.0,29412-5258,Charleston,SP
2025-02-14,BXCM5351,1,15.0,29412-5258,Charleston,SP
2025-02-14,BXCM5366,1,15.0,29412-5258,Charleston,SP
2025-02-14,BXCM5377,1,15.0,29412-5258,Charleston,SP
2025-02-15,BXCM4486,2,390.15,23113,Midlothian,
2025-02-15,BXCM4491,1,944.55,23113,Midlothian,
2025-02-15,BXCM4834,1,672.3,77523-2320,Mont Belvieu,
2025-02-15,BXCM5369,1,15.0,46220-2535,Indianapolis,SP
2025-02-15,BXCM5365,1,15.0,46220-2535,Indianapolis,SP
2025-02-15,BXCM3765,1,1013.85,60093-1708,Winnetka,B2B
2025-02-15,BXCM5579,1,15.0,21012-2337,Arnold,SP
2025-02-15,BXCM5580,1,15.0,21012-2337,Arnold,SP
2025-02-15,BXCM5375,1,15.0,21012-2337,Arnold,SP
2025-02-15,BXCM5581,1,15.0,21012-2337,Arnold,SP
2025-02-15,BXCM5361,1,15.0,21012-2337,Arnold,SP
2025-02-15,BXCM5360,1,15.0,21012-2337,Arnold,SP
2025-02-15,BXCM5353,1,15.0,21012-2337,Arnold,SP
2025-02-15,BXCM1676,1,464.4,95404-7020,Santa Rosa,
2025-02-15,BXCM4486,1,390.15,77351-7140,Livingston,
2025-02-15,BXCM5361,1,15.0,02816-6409,Coventry,SP
2025-02-15,BXCL1641,1,687.15,93908-9310,Salinas,
2025-02-15,BXCL1556,1,974.25,49120-8648,Niles,B2B
2025-02-16,BXCM5157,1,994.05,T1H 6Z4,Lethbridge,B2B
2025-02-16,BXCM5580,1,15.0,77043-4774,Houston,SP
2025-02-16,BXCM5148,1,528.75,78373,Port Aransas,
2025-02-16,BXCM1784,1,380.25,20815,chevy chase,
2025-02-16,BXCM4492,1,1023.75,30319-3217,Atlanta,
2025-02-16,BXCM4494,1,1093.05,30319-3217,Atlanta,
2025-02-16,BXCM4486,2,390.15,30319-3217,Atlanta,
2025-02-16,BXCM2362,1,139.75,33166-2731,Miami,B2B
2025-02-16,BXCL1563,1,499.05,29456,Ladson,
2025-02-16,BXCM4522,1,335.7,29456,Ladson,
2025-02-16,BXCL1785,1,320.85,78373-4921,Port Aransas,
2025-02-16,BXCM1604,1,345.6,01450-4218,Groton,
2025-02-16,BXCL1609,1,380.25,08043-3703,VOORHEES,
2025-02-16,BXCM4596,1,380.25,33767-1720,Clearwater,
2025-02-16,BXCM1604,1,345.6,80465-8504,Morrison,
2025-02-17,BXCM5157,1,1093.05,10538-2636,Larchmont,
2025-02-17,BXCM4522,1,424.8,32082,Ponte Vedra Beach,
2025-02-17,BXCM1655,1,850.5,20124-2111,CLIFTON,
2025-02-17,BXCM3765,1,1013.85,84332-9443,Providence,B2B
2025-02-17,BXCM4244,1,444.6,30071-2969,Norcross,B2B
2025-02-17,BXCM5155,1,499.05,29492-8935,Charleston,
2025-02-17,BXCM3765,1,895.05,10606-3525,White Plains,
2025-02-17,BXCL1786,1,578.25,77583-4920,Arcola,
2025-02-17,BXCM5157,1,1093.05,39817,Bainbridge,
2025-02-17,BXCM3765,1,1013.85,39817,Bainbridge,
2025-02-17,BXCM4006,1,1142.55,39817,Bainbridge,
2025-02-17,BXCM5157,1,1093.05,35124-3855,Indian Springs,
2025-02-17,BXCM3777,1,360.45,08534-2012,Pennington,
2025-02-17,BXCM5363,1,15.0,31792-0414,Thomasville,SP
2025-02-17,BXCM5361,1,15.0,31792-0414,Thomasville,SP
2025-02-17,BXCM5366,1,15.0,31792-0414,Thomasville,SP
2025-02-17,BXCM5155,1,499.05,33629-6428,Tampa,
2025-02-17,BXCM3765,2,716.85,34217-1226,Holmes Beach,
2025-02-17,BXCM3686,1,825.75,30040-5977,Cumming,B2B
2025-02-18,BXCM1653,1,1083.15,34228-1138,Longboat Key,
2025-02-18,BXCM3765,1,895.05,29401-1730,Charleston,
2025-02-18,BXCM3765,1,895.05,02543-1046,falmouth,
2025-02-18,BXCM5369,1,15.0,80501,Longmont,SP
2025-02-18,BXCM1640,2,256.5,29601,Greenville,
2025-02-18,BXCM3778,1,662.4,97707-2083,Bend,
2025-02-18,BXCM5135,1,629.1,78751-5110,Austin,
2025-02-18,BXCM5487,1,885.15,28451,Leland,
2025-02-18,BXCM4989,2,643.5,33040-7339,Key West,
2025-02-18,BXCL1512,1,310.95,23226-1358,Richmond,
2025-02-18,BXCM4492,1,1023.75,53097-2001,Mequon,
2025-02-18,BXCM1783,1,330.75,28211,Charlotte,
2025-02-18,BXCM5646,6,318.0,07608-1138,Teterboro,B2B
2025-02-18,BXCM5649,1,884.5,07608-1138,Teterboro,B2B
2025-02-18,BXCM5383,1,312.5,07608-1138,Teterboro,B2B
2025-02-18,BXCM3887,1,311.08,34655-7070,Trinity,
2025-02-19,BXCM5030,1,489.15,84054-2708,North Salt Lake,B2B
2025-02-19,BXCM5349,1,15.0,34236-2105,sarasota,SP
2025-02-19,BXCM5366,1,15.0,34236-2105,sarasota,SP
2025-02-19,BXCM4244,1,444.6,32618-0058,Archer,
2025-02-19,BXCM1617,1,796.05,32413-6073,Panama city beach,
2025-02-19,BXCM4529,2,285.0,34215-2579,Cortez,
2025-02-19,BXCM3778,2,785.5,33572-2929,Apollo Beach,B2B
2025-02-19,BXCM3779,1,351.0,33572-2929,Apollo Beach,B2B
2025-02-19,BXCM5375,1,15.0,11530-1432,GARDEN CITY,SP
2025-02-19,BXCM5355,1,15.0,11530-1432,GARDEN CITY,SP
2025-02-19,BXCM5361,1,15.0,11530-1432,GARDEN CITY,SP
2025-02-19,BXCM5360,1,15.0,11530-1432,GARDEN CITY,SP
2025-02-19,BXCM1635,1,697.5,28269-5745,Charlotte,B2B
2025-02-19,BXCM3934,1,917.5,23885,Sutherland,
2025-02-19,BXCM1652,1,1000.0,33404-7523,West Palm Beach,
2025-02-19,BXCM5157,1,1214.5,10707-2216,Tuckahoe,
2025-02-19,BXCM5157,1,1214.5,02840-4113,Newport,B2B
2025-02-19,BXCM5157,1,1214.5,28607-7411,Boone,B2B
2025-02-19,BXCM5157,2,1214.5,29405-5610,North Charleston,B2B
2025-02-19,BXCL1149,1,246.5,19425-9523,Chester Springs,B2B
2025-02-19,BXCM4608,1,846.0,19425-9523,Chester Springs,B2B
2025-02-19,BXCM5157,1,1214.5,30528-1065,Cleveland,
2025-02-20,BXCM1616,1,587.5,94043-1431,Mountain View,
2025-02-20,BXCM5351,1,5.0,33953-5675,Port Charlotte,SP
2025-02-20,BXCM5366,1,5.0,33953-5675,Port Charlotte,SP
2025-02-20,BXCM5349,1,5.0,33953-5675,Port Charlotte,SP
2025-02-20,BXCM3690,2,642.5,76107-4207,Fort worth,B2B
2025-02-20,BXCM5155,1,554.5,32169-3784,New Smyrna Beach,
2025-02-20,BXCM1653,1,1165.0,32169-3784,New Smyrna Beach,
2025-02-20,BXCM1657,1,444.5,32169-3784,New Smyrna Beach,
2025-02-21,BXCL1785,2,356.5,84105-1718,Salt Lake City,
2025-02-21,BXCM4490,1,351.0,06461-1738,Milford,
2025-02-21,BXCM4494,1,1214.5,70810-4669,Baton Rouge,
2025-02-21,BXCM2378,1,323.5,95409-8846,Santa Rosa,
2025-02-21,BXCM3790,2,121.5,98230-8052,Blaine,B2B
2025-02-21,BXCM5062,1,499.5,27408-5014,Greensboro,
2025-02-21,BXCL1753,1,444.5,02882-4620,Narragansett,
2025-02-21,BXCL1786,1,642.5,33756-1006,BELLEAIR,
2025-02-22,BXCM4244,1,494.0,10583-6427,Scarsdale,
2025-02-22,BXCM1634,1,268.5,33040-7133,Key West,B2B
2025-02-22,BXCM1604,1,384.0,21612-9702,Bozman,
2025-02-22,BXCM4494,1,1214.5,45208,Cincinnati,
2025-02-23,BXCM3891,1,477.5,02030-1649,Dover,
2025-02-23,BXCM2356,1,139.75,91203-3183,Glendale,
2025-02-23,BXCM4493,1,697.5,28277-0159,Charlotte,
2025-02-24,BXCL1175,1,395.0,97225-6327,Portland,
2025-02-24,BXCL1756,1,1082.5,83709-8506,Boise,
2025-02-24,BXCM4492,1,1137.5,29464-8147,Mount Pleasant,
2025-02-24,BXCL1556,1,1082.5,46237-9597,Indianapolis,B2B
2025-02-24,BXCM5147,4,202.5,23059,Glen Allen,
2025-02-24,BXCM4257,1,1324.5,36542-6232,Gulf Shores,B2B
2025-02-24,BXCM5146,1,620.5,12121-2923,Melrose,
2025-02-24,BXCM5146,1,620.5,12121-2923,Melrose,
2025-02-24,BXCM4596,1,433.5,28451,Leland,
2025-02-25,BXCM5157,1,1104.5,32257-1133,Jacksonville,
2025-02-25,BXCM1634,2,290.5,02492-3311,Needham,
2025-02-25,BXCL1562,1,433.5,06082,Enfield,
2025-02-25,BXCL1781,1,851.5,34105-7152,Naples,
2025-02-25,BXCM4489,2,835.0,37064-9554,Franklin,
2025-02-25,BXCM3934,1,796.5,33578-5136,Riverview,B2B
2025-02-26,BXCM4736,1,296.0,46220-3747,Indianapolis,
2025-02-26,BXCL1738,1,565.5,29206-4602,Columbia,
2025-02-26,BXCL1474,1,1264.0,44089-1005,Vermilion,
2025-02-26,BXCM1792,1,781.5,53562-1075,Middleton,B2B
2025-02-26,BXCL1292,1,1236.5,07462-3517,Vernon,
2025-02-26,BXCM3770,1,582.0,45208-3374,Cincinnati,
2025-02-27,BXCM4006,1,1104.5,33606,Tampa,B2B
2025-02-27,BXCL1609,1,422.5,27513-4400,Cary,
2025-02-27,BXCM1653,1,1203.5,32456-7218,Mexico Beach,
2025-02-27,BXCM4592,1,532.0,32967-7406,Vero Beach,
2025-02-27,BXCL1150,1,285.0,02631,Brewster,
2025-02-27,BXCL1556,1,950.5,39819-7849,Bainbridge,B2B
2025-02-27,BXCM5416,1,873.5,48301-2058,Bloomfield Hills,B2B
2025-02-28,BXCM5153,1,550.0,02649-2951,Mashpee,
2025-02-28,BXCM5135,1,699.0,22180-5889,Vienna,B2B
2025-02-28,BXCL1786,1,642.5,34997-7968,Stuart,
2025-02-28,BXCM5157,1,1104.5,63124-1241,St Louis,
2025-02-28,BXCM3686,1,917.5,15228-1112,Pittsburgh,
2025-02-28,BXCM5157,1,1104.5,63122-5500,Kirkwood,
2025-02-28,BXCM5157,1,1214.5,83402-1831,Idaho Falls,B2B
2025-03-01,BXCM4493,1,697.5,32080-8308,St Augustine,B2B
2025-03-01,BXCM4493,1,697.5,32080-8308,St Augustine,B2B
2025-03-01,BXCM3778,2,719.5,33401-8039,West Palm Beach,B2B
2025-03-01,BXCM4597,1,620.5,85118-7191,Gold Canyon,
2025-03-02,BXCM4596,1,389.5,02360-5135,Plymouth,B2B
2025-03-02,BXCM2362,1,139.75,28031-5870,Cornelius,
2025-03-02,BXCM5380,1,2875.5,65049-5511,Lake Ozark,B2B
2025-03-02,BXCM5030,1,543.5,60093-2332,Winnetka,
2025-03-02,BXCM2356,1,139.75,33193,Miami,
2025-03-02,BXCM3886,1,241.78,21219,Sparrows Point,
2025-03-03,BXCL1753,1,444.5,23226-3211,Richmond,B2B
2025-03-03,BXCL1548,1,141.3,34275-2526,Nokomis,
2025-03-03,BXCM3765,1,994.5,71106-7204,Shreveport,B2B
2025-03-03,BXCL1292,1,1038.5,38941-2269,Itta Bena,B2B
2025-03-03,BXCM2356,1,139.75,K0K 1L0,Prince edward county,
2025-03-03,BXCM4494,1,1214.5,33436-5926,Boynton Beach,B2B
2025-03-03,BXCM4283,4,356.5,19130-3712,Philadelphia,
2025-03-03,BXCM1608,1,296.0,49060-9319,Hickory Corners,B2B
2025-03-03,BXCM1647,1,285.0,49060-9319,Hickory Corners,B2B
2025-03-03,BXCM1783,1,367.5,06355-2041,Mystic,
2025-03-04,BXCM1016,1,466.5,38655-5240,Oxford,
2025-03-04,BXCM5157,1,1214.5,40222-6362,Louisville,
2025-03-04,BXCM4522,1,389.5,08752-1412,Seaside Park,B2B
2025-03-04,BXCM4258,1,1368.5,08752-1412,Seaside Park,B2B
2025-03-04,BXCM4536,1,664.5,33436-5102,Boynton Beach,B2B
2025-03-04,BXCM1633,2,290.5,33436-5102,Boynton Beach,B2B
2025-03-04,BXCM1634,4,268.5,33436-5102,Boynton Beach,B2B
2025-03-05,BXCM5135,1,699.0,11930,Amagansett,
2025-03-05,BXCM5157,1,1214.5,59911,Bigfork,
2025-03-05,BXCM5141,1,555.0,29492-8506,Daniel Island,
2025-03-05,BXCL1149,1,246.5,32801,Orlando,
2025-03-05,BXCL1913,2,615.0,75238-2595,Dallas,B2B
2025-03-05,BXCM1648,2,285.0,80117-9710,Kiowa,
2025-03-05,BXCM4486,1,433.5,85255-6658,Scottsdale,
2025-03-05,BXCM4486,1,433.5,85255-6658,Scottsdale,
2025-03-05,BXCM1650,1,719.5,33441,Deerfield Beach,
2025-03-06,BXCL1408,1,301.5,02043-1254,Hingham,
2025-03-06,BXCM1656,1,241.0,94588-3646,Pleasanton,
2025-03-06,BXCM1784,1,422.5,04096,Yarmouth,B2B
2025-03-06,BXCM5157,1,1214.5,53092-8602,mequon,
2025-03-07,BXCM3686,1,917.5,98112-3710,Seattle,
2025-03-07,BXCM5157,1,1104.5,34229-2901,Osprey,
2025-03-07,BXCL1656,1,1110.0,30097-1944,Duluth,
2025-03-07,BXCM5649,1,884.5,07608-1138,Teterboro,B2B
2025-03-07,BXCM5715,1,642.5,02766-2410,Norton,B2B
2025-03-07,BXCM5716,1,422.5,02766-2410,Norton,B2B
2025-03-07,BXCM4489,1,1242.0,33004-3535,Dania Beach,B2B
2025-03-07,BXCM4487,2,499.5,33004-3535,Dania Beach,B2B
2025-03-07,BXCM1657,2,444.5,33004-3535,Dania Beach,B2B
2025-03-07,BXCM1667,1,417.0,47993-1010,Williamsport,
2025-03-07,BXCL1784,1,554.5,19144-4248,Philadelphia,B2B
2025-03-07,BXCL1641,1,928.5,40059-6583,Prospect,B2B
2025-03-08,BXCM4257,1,1588.5,22102,Mc Lean,
2025-03-08,BXCL1727,1,483.0,54220-7168,Manitowoc,
2025-03-08,BXCM1650,1,697.5,56308,Alexandria,
2025-03-08,BXCM5376,1,5.0,18040-6932,EASTON,SP
2025-03-08,BXCM5374,1,5.0,18040-6932,EASTON,SP
2025-03-08,BXCM2356,1,139.75,32250-4038,Jacksonville Beach,B2B
2025-03-09,BXCM1792,1,695.7,V8B 0K9,Squamish,
2025-03-09,BXCL1785,1,356.5,32312-9022,Tallahassee,
2025-03-09,BXCM5157,1,1214.5,87105-4963,Albuquerque,
2025-03-10,BXCM1653,1,1165.0,10538-2636,Larchmont,
2025-03-10,BXCM2362,1,139.75,32459-6388,Santa Rosa beach,
2025-03-10,BXCM4592,1,532.0,27376,West End,
2025-03-10,BXCL1773,1,615.0,21078-3170,Havre de Grace,B2B
2025-03-10,BXCM1656,1,241.0,11968-4518,Southampton,
2025-03-10,BXCM5136,1,975.0,77019-6415,Houston,B2B
2025-03-10,BXCM4244,1,494.0,77316-1672,Montgomery,B2B
2025-03-10,BXCM4528,1,202.5,33483-7122,Delray Beach,
2025-03-10,BXCM5396,1,1071.5,19520-8917,Elverson,
2025-03-10,BXCM4592,1,604.0,93536-6052,Lancaster,B2B
2025-03-11,BXCM5157,1,1214.5,26505-2213,Morgantown,
2025-03-11,BXCM5157,1,1104.5,29732-7639,Rock Hill,
2025-03-11,BXCM1656,1,241.0,60045-3338,Lake Forest,
2025-03-12,BXCM4242,1,510.5,60098,Woodstock,
2025-03-12,BXCM1656,1,241.0,02043-4403,Hingham,B2B
2025-03-12,BXCM5157,1,1214.5,01966-2335,Rockport,B2B
2025-03-12,BXCM5652,1,60.5,23226-1358,Richmond,
2025-03-12,BXCM5653,1,44.0,23226-1358,Richmond,
2025-03-12,BXCM4808,1,3266.0,21704-6851,Frederick,
2025-03-12,BXCM1634,1,268.5,33405-2522,West Palm Beach,
2025-03-12,BXCM3790,1,121.5,20878,Gaithersburg,
2025-03-12,BXCM1656,1,241.0,11706-8735,Bay Shore,B2B
2025-03-12,BXCM1783,1,367.5,73013-3726,Edmond,B2B
2025-03-12,BXCM1657,2,422.5,39501,Gulfport,B2B
2025-03-12,BXCM1652,1,1000.0,39501,Gulfport,B2B
2025-03-12,BXCL1786,1,642.5,43212,Columbus,
2025-03-13,BXCM3686,1,972.5,45694,Wheelersburg,
2025-03-13,BXCM5155,1,444.5,08738-1602,mantoloking,B2B
2025-03-13,BXCM4734,1,285.0,78756-1009,Austin,
2025-03-13,BXCM5157,1,1214.5,76305-6315,Wichita Falls,
2025-03-14,BXCM1655,2,769.0,49686-4315,Traverse City,B2B
2025-03-14,BXCL1781,1,851.5,68947-5105,Hildreth,
2025-03-14,BXCM5522,1,664.5,97068,West Linn,
2025-03-14,BXCM1617,1,884.5,78738-5059,Austin,
2025-03-14,BXCM1640,1,285.0,90046-1822,Los Angeles,
2025-03-14,BXCM5157,1,1214.5,28717,Cashiers,
2025-03-14,BXCM1813,1,367.5,94510-3935,Benicia,
2025-03-14,BXCM5023,1,1302.5,93010,Camarillo,
2025-03-15,BXCM1782,1,279.5,12866-2206,Saratoga Springs,B2B
2025-03-15,BXCM3765,1,994.5,02668-1118,West Barnstable,B2B
2025-03-15,BXCM3779,1,351.0,78013-2326,Comfort,
2025-03-15,BXCM3765,1,994.5,34223-9331,Englewood,
2025-03-15,BXCL1786,1,642.5,72450-9763,Paragould,
2025-03-16,BXCM4006,1,1269.5,49408-9715,Fennville,
2025-03-16,BXCM5136,1,975.0,52240-8143,Iowa City,
2025-03-17,BXCM5155,1,444.5,30339-4803,Atlanta,
2025-03-17,BXCM5383,1,312.5,07608-1138,Teterboro,B2B
2025-03-17,BXCM5136,1,975.0,29438,Edisto Beach,
2025-03-17,BXCM4734,1,285.0,29910-9412,Bluffton,
2025-03-17,BXCL1607,1,791.0,39452,Lucedale,
2025-03-17,BXCM3765,1,796.5,55038-9776,Centerville,
2025-03-17,BXCM1656,1,241.0,34109-1321,Naples,
2025-03-17,BXCL1511,1,972.5,22153-1822,Springfield,
2025-03-17,BXCM3777,1,433.5,36066-3637,Prattville,B2B
2025-03-18,BXCM4525,1,246.5,72212,Little Rock,
2025-03-18,BXCM1652,1,1000.0,49635-9589,Frankfort,
2025-03-18,BXCM1634,1,290.5,32963-3376,Vero Beach,
2025-03-18,BXCM5157,1,1214.5,33326,Weston,
2025-03-18,BXCL1609,1,422.5,94510-1137,Benicia,B2B
2025-03-18,BXCL1785,1,356.5,01930-4340,Gloucester,B2B
2025-03-18,BXCM3765,1,994.5,75692-7408,Waskom,
2025-03-18,BXCM5155,1,444.5,33149-1826,Key Biscayne,
2025-03-18,BXCL1149,1,246.5,33455-5325,Hobe Sound,
2025-03-19,BXCM5149,2,367.5,07762-1053,Spring Lake,
2025-03-19,BXCL1150,1,285.0,39180-5264,Vicksburg,
2025-03-19,BXCM1667,1,417.0,39180-5264,Vicksburg,
2025-03-20,BXCM3765,1,994.5,80206-4654,Denver,B2B
2025-03-20,BXCM3765,1,994.5,22716,Castleton,
2025-03-20,BXCM4982,1,3479.85,11932,Bridgehampton,B2B
2025-03-20,BXCM5148,1,528.75,93105-2814,Santa Barbara,B2B
2025-03-20,BXCL1609,1,380.25,32901-7374,Melbourne,
2025-03-20,BXCM3765,1,895.05,29609-1996,Greenville,
2025-03-20,BXCM4491,1,944.55,33334-4312,Wilton Manors,
2025-03-20,BXCM4492,1,1023.75,33334-4312,Wilton Manors,
2025-03-20,BXCM5421,2,444.6,96753-8315,Wailea,
2025-03-20,BXCM4487,1,449.55,33928-2963,Estero,
2025-03-20,BXCM4244,1,444.6,10024-5213,New York,
2025-03-21,BXCM5157,1,994.05,28110-0060,Monroe,
2025-03-21,BXCM3765,1,895.05,02360-1370,Plymouth,
2025-03-21,BXCM3765,1,716.85,75205-3606,Dallas,B2B
2025-03-21,BXCL1607,1,711.9,60564-2011,Naperville,
2025-03-21,BXCM4595,2,499.05,60564-2011,Naperville,
2025-03-21,BXCM4525,2,251.55,60564-2011,Naperville,
2025-03-21,BXCL1781,1,766.35,15317-3164,McMurray,B2B
2025-03-21,BXCM5157,1,1093.05,30327-2663,Atlanta,
2025-03-21,BXCM1656,1,216.9,80246-1158,Denver,B2B
2025-03-22,BXCM3765,1,895.05,89502-9624,Reno,
2025-03-22,BXCM5157,1,1093.05,49660-1208,Manistee,
2025-03-22,BXCL1609,1,380.25,19802-3325,Wilmington,
2025-03-22,BXCM5157,2,697.05,32309-4057,Tallahassee,
2025-03-22,BXCL1786,1,578.25,30075-3250,Roswell,
2025-03-22,BXCM5157,1,1093.05,02650,North Chatham,
2025-03-22,BXCM3778,2,617.85,94920-1700,Tiburon,
2025-03-22,BXCM3779,1,256.5,94920-1700,Tiburon,
2025-03-22,BXCM5411,6,261.45,91739-9120,Rancho Cucamonga,
2025-03-22,BXCM3765,1,716.85,22307-2013,Alexandria,
2025-03-22,BXCM4517,1,543.6,22102,Mc Lean,
2025-03-22,BXCM4592,1,478.8,18041-2261,East Greenville,
2025-03-22,BXCM1751,4,256.5,18041-2261,East Greenville,
2025-03-22,BXCL1772,2,276.3,18041-2261,East Greenville,
2025-03-22,BXCM1606,1,355.5,01945-1026,Marblehead,
2025-03-22,BXCM1784,1,380.25,45208-2512,Cincinnati,
2025-03-22,BXCL1556,1,1053.45,29926-4742,Hilton Head Island,
2025-03-23,BXCM5004,1,454.5,89052-2857,Henderson,
2025-03-23,BXCM3778,1,692.1,12020-4505,Malta,B2B
2025-03-23,BXCM3891,1,429.75,10128-4096,New York,
2025-03-23,BXCM4244,1,444.6,80547-4543,Timnath,
2025-03-23,BXCM4528,1,182.25,V2X 6E7,Maple Ridge,
2025-03-23,BXCL1766,1,1033.65,01760,Natick,
2025-03-23,BXCM3934,1,914.85,34242-1427,Siesta Key,B2B
2025-03-23,BXCM5387,1,687.15,12762-5210,Mongaup Valley,
2025-03-24,BXCL1784,2,499.05,98110-2982,Bainbridge Island,
2025-03-24,BXCM3765,1,1013.85,78006,Boerne,
2025-03-24,BXCM1016,1,419.85,33606-4103,Tampa,
2025-03-24,BXCM4522,1,409.95,28027-0335,Concord,
2025-03-24,BXCM4292,1,2112.75,23188-3419,Williamsburg,B2B
2025-03-24,BXCM1784,1,380.25,02467-1230,Chestnut Hill,
2025-03-24,BXCM5157,1,1093.05,60639-3418,Chicago,B2B
2025-03-24,BXCM4786,2,855.45,32092-0612,St Augustine,B2B
2025-03-24,BXCM5157,1,1093.05,29730-8640,Rock Hill,B2B
2025-03-25,BXCL1144,1,301.05,21042-1808,Ellicott City,
2025-03-25,BXCM5157,1,994.05,24083,Daleville,
2025-03-25,BXCM5157,1,1104.5,02052-1528,Medfield,
2025-03-25,BXCM3934,1,950.5,32224-5670,Jacksonville,B2B
2025-03-25,BXCM1604,1,384.0,01450-4218,Groton,
2025-03-25,BXCM3765,1,994.5,40065,Shelbyville,
2025-03-26,BXCL1408,1,301.5,33432-3934,Boca Raton,B2B
2025-03-26,BXCM5642,1,340.0,33432-3934,Boca Raton,B2B
2025-03-26,BXCM4532,1,290.5,33432-3934,Boca Raton,B2B
2025-03-26,BXCM5639,1,345.5,33432-3934,Boca Raton,B2B
2025-03-26,BXCM1641,1,257.5,33432-3934,Boca Raton,B2B
2025-03-26,BXCM4532,1,290.5,34243-4165,Sarasota,B2B
2025-03-26,BXCM5639,1,345.5,34243-4165,Sarasota,B2B
2025-03-26,BXCL1408,1,301.5,34243-4165,Sarasota,B2B
2025-03-26,BXCM5642,1,340.0,34243-4165,Sarasota,B2B
2025-03-26,BXCM1641,1,257.5,34243-4165,Sarasota,B2B
2025-03-26,BXCM4532,1,290.5,34108-2899,Naples,B2B
2025-03-26,BXCM5639,1,345.5,34108-2899,Naples,B2B
2025-03-26,BXCL1408,1,301.5,34108-2899,Naples,B2B
2025-03-26,BXCM5642,1,340.0,34108-2899,Naples,B2B
2025-03-26,BXCM1641,1,257.5,34108-2899,Naples,B2B
2025-03-26,BXCM1656,1,241.0,02025-1147,Cohasset,B2B
2025-03-26,BXCM5639,1,345.5,33607-7229,Tampa,B2B
2025-03-26,BXCM4532,1,290.5,33607-7229,Tampa,B2B
2025-03-26,BXCL1408,1,301.5,33607-7229,Tampa,B2B
2025-03-26,BXCM1641,1,257.5,33607-7229,Tampa,B2B
2025-03-26,BXCL1786,1,642.5,33037-4324,Key Largo,B2B
2025-03-26,BXCM1612,4,257.5,27526-3564,Fuquay Varina,
2025-03-26,BXCM4487,2,499.5,07724-4458,Tinton Falls,B2B
2025-03-26,BXCL1204,1,257.5,30519-2025,Buford,B2B
2025-03-26,BXCL1204,1,257.5,30519-2025,Buford,B2B
2025-03-26,BXCM4939,2,653.5,33912-1602,Fort Myers,B2B
2025-03-27,BXCM1653,1,1203.5,07090-3212,Westfield,
2025-03-27,BXCM5157,1,1214.5,03033-2000,Brookline,B2B
2025-03-27,BXCM5157,1,1104.5,19103-2581,Philadelphia,
2025-03-27,BXCM3690,1,642.5,77095-2874,Houston,
2025-03-27,BXCM1783,1,367.5,32118-7943,Daytona Beach,B2B
2025-03-27,BXCM1680,1,697.5,60614-5044,Chicago,
2025-03-27,BXCL1512,2,323.5,23693,Yorktown,
2025-03-27,BXCL1609,1,422.5,93292-3985,Visalia,
2025-03-27,BXCM1650,2,719.5,34984-6636,Port St Lucie,B2B
2025-03-27,BXCM1652,1,1022.0,34984-6636,Port St Lucie,B2B
2025-03-28,BXCL1786,1,642.5,33957-5002,SANIBEL,
2025-03-28,BXCM4486,1,433.5,85255-6658,Scottsdale,
2025-03-28,BXCM1822,1,246.5,75206-6038,Dallas,
2025-03-28,BXCM5157,1,1214.5,77055-7213,Houston,B2B
2025-03-28,BXCM5157,1,1214.5,77055-7213,Houston,B2B
2025-03-28,BXCL1753,1,444.5,23226-3211,Richmond,B2B
2025-03-28,BXCM1778,1,928.5,91316-4522,Encino,
2025-03-28,BXCM4178,2,703.0,66221-9114,Overland Park,B2B
2025-03-29,BXCL1641,1,697.5,47532-9105,Ferdinand,
2025-03-29,BXCM4244,1,527.0,66206-1433,Leawood,
2025-03-29,BXCM5157,1,1214.5,75077-1823,Highland village,
2025-03-29,BXCM4592,1,532.0,29803-5234,Aiken,
2025-03-29,BXCL1645,2,802.0,30306-4612,Atlanta,
2025-03-29,BXCM4597,1,620.5,94566-7664,Pleasanton,
2025-03-29,BXCM4597,1,620.5,94566-7664,Pleasanton,
2025-03-29,BXCM4597,1,769.0,94566-7664,Pleasanton,
2025-03-29,BXCL1729,1,939.5,94566-7664,Pleasanton,
2025-03-29,BXCL1773,1,615.0,70806-7302,Baton Rouge,
2025-03-29,BXCM1657,1,444.5,33957-6402,Sanibel,B2B
2025-03-29,BXCL1152,1,477.5,86323,Chino Valley,
2025-03-30,BXCM1653,1,1203.5,45243,Cincinnati,
2025-03-30,BXCM1617,1,884.5,98922-8637,Cle Elum,B2B
2025-03-30,BXCL1738,1,532.5,06073-2121,South Glastonbury,
2025-03-30,BXCM1657,1,444.5,32169-3784,New Smyrna Beach,
2025-03-30,BXCM4244,1,494.0,75009-2247,Celina,
2025-03-30,BXCL1740,1,972.5,33418-1443,Palm Beach Gardens,
2025-03-30,BXCM5483,1,1038.5,02056-1139,Norfolk,
2025-03-30,BXCM5023,1,1192.5,02056-1139,Norfolk,
2025-03-30,BXCM5157,1,1104.5,20003-2329,Washington,
2025-03-30,BXCM4482,1,576.5,93546-6137,Mammoth Lakes,
2025-03-31,BXCM3765,1,796.5,27104-2335,Winston-Salem,
2025-03-31,BXCM3765,1,994.5,35223-2879,Mountain Brook,
2025-03-31,BXCM5407,3,433.5,27408-6516,Greensboro,B2B
2025-03-31,BXCM1652,1,1022.0,77063-2802,Houston,
2025-03-31,BXCM5157,1,1104.5,32503-5815,Pensacola,
2025-03-31,BXCM3765,1,994.5,02842-5732,Middletown,
2025-03-31,BXCL1145,1,202.5,08251-3062,Villas,B2B
2025-03-31,BXCM3891,1,477.5,03894,Wolfeboro,B2B
2025-03-31,BXCM5639,1,345.5,33432-3934,Boca Raton,B2B
2025-03-31,BXCM5642,1,340.0,33432-3934,Boca Raton,B2B
2025-03-31,BXCM5655,1,307.0,33432-3934,Boca Raton,B2B
2025-03-31,BXCM5639,1,345.5,34243-4165,Sarasota,B2B
2025-03-31,BXCM5642,1,340.0,34243-4165,Sarasota,B2B
2025-03-31,BXCM5655,1,307.0,34243-4165,Sarasota,B2B
2025-03-31,BXCM4494,1,1214.5,03825-6402,Barrington,B2B
2025-03-31,BXCM5639,1,345.5,34108-2899,Naples,B2B
2025-03-31,BXCM5642,1,340.0,34108-2899,Naples,B2B
2025-03-31,BXCM5655,1,307.0,34108-2899,Naples,B2B
2025-03-31,BXCM5639,1,345.5,33607-7229,Tampa,B2B
2025-03-31,BXCM5642,1,340.0,33607-7229,Tampa,B2B
2025-03-31,BXCM5655,1,307.0,33607-7229,Tampa,B2B
2025-03-31,BXCM1656,1,241.0,22304-4814,Alexandria,B2B
2025-03-31,BXCM5157,1,1104.5,28630-1992,Granite Falls,
2025-03-31,BXCM4178,1,681.0,60516-4302,Downers Grove,
2025-03-31,BXCM4489,1,1011.0,36561-3709,Orange Beach,
2025-03-31,BXCM5157,2,774.5,02874-2208,Saunderstown,
2025-04-01,BXCM1655,1,1165.0,34135-9114,Bonita Springs,
2025-04-01,BXCM1650,1,697.5,34135-9114,Bonita Springs,
2025-04-01,BXCM3765,2,796.5,59911-6604,Bigfork,
2025-04-01,BXCM5387,1,697.5,77043-2312,Houston,B2B
2025-04-01,BXCM5157,1,1104.5,75684-4357,Overton,B2B
2025-04-01,BXCL1150,1,285.0,01930-3903,Gloucester,
2025-04-01,BXCL1609,2,422.5,55391-2648,Wayzata,
2025-04-01,BXCM1751,4,312.5,70601-5850,Lake Charles,
2025-04-01,BXCL1772,2,334.5,70601-5850,Lake Charles,
2025-04-01,BXCM1604,1,384.0,08540,Princeton,
2025-04-02,BXCM3790,1,128.1,34748-7490,Leesburg,
2025-04-02,BXCM3790,1,128.1,34748-7490,Leesburg,
2025-04-02,BXCL1609,1,422.5,33401-7345,West Palm Beach,
2025-04-02,BXCM2362,1,139.75,94611-4267,Oakland,B2B
2025-04-02,BXCM4486,2,433.5,32792,Winter Park,
2025-04-02,BXCM4596,1,433.5,07079-2308,South Orange,
2025-04-02,BXCM4830,1,1181.5,60490-1528,Bolingbrook,B2B
2025-04-02,BXCM5157,1,1104.5,80503-2106,Longmont,
2025-04-02,BXCM3765,1,994.5,81621-9174,Basalt,
2025-04-02,BXCL1773,1,543.5,27104-2339,Winston-Salem,
2025-04-02,BXCL1772,4,318.0,27104-2339,Winston-Salem,
2025-04-02,BXCM1751,2,296.0,27104-2339,Winston-Salem,
2025-04-03,BXCM1634,1,268.5,28211,Charlotte,
2025-05-01,BXCM3891,1,477.5,10128-4096,New York,
2025-05-01,BXCM4486,2,433.5,29466-8413,Mount Pleasant,
2025-05-01,BXCM5157,1,1104.5,06457,Middletown,
2025-05-01,BXCM4494,1,1214.5,33037-5303,Key Largo,
2025-05-01,BXCM3765,1,1126.5,49315-9655,Byron Center,B2B
2025-05-01,BXCM5157,1,1214.5,50249,Stratford,B2B
2025-05-01,BXCM2361,1,1280.5,56442-2063,Crosslake,B2B
2025-05-01,BXCM3765,1,994.5,48642-7219,Midland,
2025-05-01,BXCM1655,1,1165.0,11937-4817,East Hampton,
2025-05-01,BXCM1657,2,444.5,11937-4817,East Hampton,
2025-05-01,BXCL1784,1,554.5,29609-2446,Greenville,B2B
2025-05-01,BXCM1612,4,257.5,27526,Fuquay Varina,
2025-05-01,BXCM5411,3,290.5,91739-9120,Rancho Cucamonga,
2025-05-01,BXCM1016,1,466.5,27927-9621,Corolla,B2B
2025-05-01,BXCL1150,1,285.0,29407-5130,Charleston,
2025-05-01,BXCM4006,1,1104.5,77055-2204,Houston,B2B
2025-05-02,BXCM3765,1,1126.5,28411-9313,Wilmington,B2B
2025-05-02,BXCM1652,1,1022.0,02026-5642,Dedham,
2025-05-02,BXCM4534,1,1137.5,06498,Westbrook,B2B
2025-05-02,BXCM4524,1,356.5,06498,Westbrook,B2B
2025-05-03,BXCM5149,2,367.5,77005-2746,Houston,
2025-05-03,BXCM4741,1,395.0,77457,Matagorda,
2025-05-03,BXCM4528,2,202.5,77457,Matagorda,
2025-05-03,BXCM5157,1,1104.5,28387-6926,Southern Pines,
2025-05-03,BXCL1786,1,642.5,33480-4069,Palm Beach,
2025-05-03,BXCM3790,1,134.7,04538-2303,Boothbay Harbor,
2025-05-03,BXCM4006,1,1269.5,77389,Spring,
2025-05-03,BXCM3765,1,1126.5,15090,Wexford,
2025-05-04,BXCM5157,1,1214.5,37174-4000,Spring Hill,
2025-05-04,BXCM5155,1,554.5,28449-3738,Kure Beach,B2B
2025-05-04,BXCM1016,1,466.5,02649-4110,Mashpee,
2025-05-04,BXCM4494,1,1214.5,45226-2003,Cincinnati,
2025-05-04,BXCM4486,2,433.5,06902-7414,Stamford,
2025-05-04,BXCM1647,1,285.0,75206-3470,Dallas,
2025-05-04,BXCL1753,2,444.5,28411-9204,Wilmington,B2B
2025-05-04,BXCM3765,1,1126.5,03816-5922,Tuftonboro,B2B
2025-05-04,BXCM5157,1,1214.5,12804-8809,Queensbury,
2025-05-04,BXCM2362,1,139.75,75078-3845,Prosper,
2025-05-04,BXCM5157,1,1104.5,94563-2721,Orinda,B2B
2025-05-05,BXCM5157,1,1214.5,30293-3035,Woodbury,
2025-05-05,BXCL1408,2,301.5,53072-5712,Pewaukee,
2025-05-05,BXCM3777,1,444.5,08735-2352,Lavallette,B2B
2025-05-05,BXCM5157,1,1214.5,02649-4508,Mashpee,B2B
2025-05-05,BXCM1650,1,697.5,34135-9114,Bonita Springs,
2025-05-05,BXCM5157,1,1104.5,28079-9695,Indian Trail,
2025-05-05,BXCM5695,1,367.5,03782,Sunapee,
2025-05-05,BXCM1621,6,312.5,60093-3934,Winnetka,B2B
2025-05-05,BXCL1784,1,554.5,01950-4191,Newburyport,
2025-05-05,BXCM5421,1,395.0,33301-1628,Fort Lauderdale,B2B
2025-05-05,BXCM4771,2,1148.5,11932-4104,Bridgehampton,
2025-05-05,BXCM5068,1,598.5,11932-4104,Bridgehampton,
2025-05-06,BXCM5133,1,555.0,53590-4695,Sun Prairie,
2025-05-06,BXCM5138,1,340.0,53590-4695,Sun Prairie,
2025-05-06,BXCM1634,6,274.0,33469-2408,Jupiter,B2B
2025-05-06,BXCM1633,2,296.0,33469-2408,Jupiter,B2B
2025-05-06,BXCM3779,1,351.0,78013-2326,Comfort,
2025-05-06,BXCM4006,1,1269.5,77388-5176,Spring,
2025-05-06,BXCL1785,2,356.5,77388-5176,Spring,
2025-05-06,BXCM5157,1,1104.5,77534-8972,Danbury,
2025-05-06,BXCM1783,1,367.5,32963-2826,Vero Beach,B2B
2025-05-06,BXCM4244,1,577.0,66206-1433,Leawood,
2025-05-06,BXCM5157,1,1214.5,29730-8640,Rock Hill,B2B
2025-05-06,BXCM5157,1,1214.5,29033-2741,Cayce,
2025-05-06,BXCM4511,1,1605.0,07065,Rahway,
2025-05-06,BXCM4592,1,532.0,20184,Upperville,
2025-05-07,BXCL1786,1,642.5,80214,Lakewood,
2025-05-07,BXCM3765,2,796.5,78209,San Antonio,
2025-05-07,BXCM1652,1,1022.0,20815-4609,Friendship Heights,
2025-05-07,BXCM5155,1,554.5,34470-3356,Ocala,B2B
2025-05-07,BXCM5030,1,543.5,78006-8611,Boerne,
2025-05-07,BXCM3765,1,994.5,04860,Tenants Harbor,
2025-05-07,BXCM3891,1,477.5,92868-1517,Orange,
2025-05-07,BXCM4491,1,1049.5,91030-3923,South Pasadena,B2B
2025-05-08,BXCM5709,1,554.5,30024-7676,Suwanee,
2025-05-08,BXCM3686,1,917.5,96037,Greenview,
2025-05-08,BXCM4244,1,461.5,19355-3504,Malvern,
2025-05-08,BXCL1408,2,301.5,34102-7411,NAPLES,
2025-05-08,BXCM4486,1,433.5,29910,Bluffton,
2025-05-08,BXCM4523,1,367.5,71051-8545,Elm Grove,
2025-05-08,BXCM3765,1,1126.5,39817,Bainbridge,
2025-05-09,BXCM5148,1,587.5,77469-2452,Richmond,B2B
2025-05-09,BXCL1102,1,458.93,08251-1329,Lower Township,
2025-05-09,BXCM5157,1,1214.5,24551-3093,Forest,
2025-05-09,BXCM4006,1,1104.5,11791-1406,Syosset,
2025-05-09,BXCM1782,1,279.5,44236-3105,Hudson,
2025-05-09,BXCM5157,1,1104.5,02052-1528,Medfield,
2025-05-09,BXCL1408,1,301.5,11944-1645,Greenport,B2B
2025-05-09,BXCL1727,2,565.5,75069-7460,McKinney,
2025-05-10,BXCM5157,2,774.5,79424-5012,Lubbock,
2025-05-10,BXCM5020,1,1280.5,83340,ketchum,B2B
2025-05-10,BXCM4595,2,444.5,11771-1819,Oyster Bay,
2025-05-10,BXCM5638,2,312.5,29920,St Helena Island,
2025-05-11,BXCM3765,1,1126.5,28734-1034,Franklin,
2025-05-11,BXCM4596,1,378.5,10538-4005,LARCHMONT,
2025-05-11,BXCM4595,2,395.0,32128-6694,Port Orange,
2025-05-11,BXCM1656,1,241.0,83646-4767,Meridian,B2B
2025-05-11,BXCM3686,1,917.5,07446-1231,Ramsey,
2025-05-11,BXCL1175,1,428.0,11561-4906,Lido Beach,
2025-05-11,BXCM5157,1,1104.5,33432,Boca Raton,
2025-05-11,BXCM5153,1,550.0,02633-1935,Chatham,
2025-05-11,BXCM1652,1,1022.0,02633-1935,Chatham,
2025-05-11,BXCM1633,1,285.0,02633-1935,Chatham,
2025-05-12,BXCL1785,2,356.5,55364-1317,Mound,
2025-05-12,BXCM5157,1,1214.5,31906-1116,Columbus,
2025-05-12,BXCM3765,1,994.5,38563-4503,Gordonsville,
2025-05-12,BXCM4492,1,1137.5,44126-2717,Fairview Park,
2025-05-12,BXCM3690,1,587.5,33445,Delray Beach,
2025-05-12,BXCM5157,1,1214.5,18222-1631,Drums,
2025-05-12,BXCM1782,1,279.5,53212-2146,Milwaukee,B2B
2025-05-12,BXCM3793,2,1616.0,66207-3400,Prairie Village,B2B
2025-05-12,BXCM4213,1,1159.5,32169-3465,New Smyrna Beach,
2025-05-12,BXCM4215,1,1467.5,32169-3465,New Smyrna Beach,
2025-05-12,BXCM1652,1,1022.0,48189-9416,Whitmore Lake,
2025-05-12,BXCM1655,1,1165.0,48189-9416,Whitmore Lake,
2025-05-12,BXCM1657,2,444.5,48189-9416,Whitmore Lake,
2025-05-13,BXCM3765,1,994.5,03246,Laconia,B2B
2025-05-13,BXCM5059,1,763.5,B0E 1P0,Judique,
2025-05-13,BXCL1408,1,301.5,85212-2431,Mesa,B2B
2025-05-13,BXCM5062,1,543.5,77007-0002,Houston,
2025-05-13,BXCM5642,1,340.0,33607-1411,Tampa,
2025-05-13,BXCM5139,1,555.0,01095-1776,Wilbraham,
2025-05-13,BXCL1150,1,285.0,35476-5064,Northport,B2B
2025-05-13,BXCM1656,1,241.0,94588-3646,Pleasanton,
2025-05-13,BXCM3690,1,642.5,34102-5329,Naples,B2B
2025-05-13,BXCM1656,1,241.0,27516-2363,Chapel Hill,B2B
2025-05-14,BXCL1609,1,422.5,33040-7224,Key West,B2B
2025-05-14,BXCL1150,1,285.0,02557,Oak Bluffs,
2025-05-14,BXCM3765,2,994.5,02557,Oak Bluffs,
2025-05-14,BXCL1785,2,356.5,33418-1443,Palm Beach Gardens,
2025-05-14,BXCM3778,2,769.0,94611-3614,Piedmont,
2025-05-14,BXCM4592,1,532.0,32080-7658,St Augustine,
2025-05-14,BXCM1656,1,241.0,11743-9714,Huntington,
2025-05-14,BXCM5157,1,1214.5,33326,Weston,
2025-05-15,BXCM1652,1,1000.0,30316-1131,Atlanta,
2025-05-15,BXCM1653,1,1165.0,02748-1321,Dartmouth,
2025-05-15,BXCM1652,1,1022.0,10562-5942,Ossining,
2025-05-15,BXCM1650,2,719.5,53095,West Bend,
2025-05-15,BXCM3765,1,994.5,19958-3124,Lewes,B2B
2025-05-15,BXCM4491,1,1049.5,38139-6980,Germantown,B2B
2025-05-16,BXCM5421,2,494.0,96753-8315,Wailea,
2025-05-16,BXCM4994,1,417.0,75454-2408,Melissa,
2025-05-16,BXCM5638,1,356.5,23229-7131,Richmond,B2B
2025-05-16,BXCM4486,1,390.15,08008-2324,Long Beach Township,
2025-05-16,BXCM1656,2,216.9,76132-3702,Fort Worth,
2025-05-16,BXCM1655,1,1048.5,08738-1601,Mantoloking,
2025-05-16,BXCM1783,2,367.5,33316-4216,Fort Lauderdale,
2025-05-17,BXCM4836,1,351.0,36532-5250,Fairhope,
2025-05-17,BXCM3765,1,895.05,59937,Whitefish,
2025-05-17,BXCL1772,1,318.0,53072-5159,PEWAUKEE,
2025-05-17,BXCM4486,2,390.15,08008-5625,Beach Haven,B2B
2025-05-17,BXCM5157,1,1093.05,30327-3527,Atlanta,
2025-05-17,BXCM4486,2,390.15,02540,Falmouth,B2B
2025-05-17,BXCM4491,1,944.55,02540,Falmouth,B2B
2025-05-17,BXCM5157,1,994.05,78744,Austin,B2B
2025-05-17,BXCM3765,1,895.05,78744,Austin,B2B
2025-05-17,BXCM4593,1,489.15,33573-5032,Sun City Center,
2025-05-17,BXCM4592,1,478.8,33946,Placida,
2025-05-18,BXCM5141,1,499.5,48054,East China,
2025-05-18,BXCL1144,1,301.05,56036-7505,Glenville,
2025-05-18,BXCL1145,1,182.25,56036-7505,Glenville,
2025-05-18,BXCM5062,1,499.5,95678-2906,Roseville,
2025-05-18,BXCM1784,1,380.25,06902-7414,Stamford,
2025-05-18,BXCM5157,1,994.05,31405-5914,Savannah,
2025-05-18,BXCM3765,1,1013.85,02032-1238,Walpole,
2025-05-18,BXCM5411,2,301.5,07640-1719,Harrington Park,
2025-05-18,BXCM3690,1,528.75,92662-1024,Newport Beach,
2025-05-18,BXCM4645,1,494.5,08204-1412,Cape may,
2025-05-18,BXCL1609,1,380.25,46737-8868,Fremont,
2025-05-18,BXCM4492,1,1023.75,23114-4693,Midlothian,
2025-05-18,BXCM5157,1,994.05,12503-5216,Ancramdale,
2025-05-18,BXCM5157,1,994.05,39666-9126,SUMMIT,
2025-05-19,BXCM4487,2,449.55,60044,Lake Bluff,
2025-05-19,BXCM1782,2,251.55,02738-2038,Marion,
2025-05-19,BXCM5157,1,1093.05,30813-5972,Grovetown,
2025-05-19,BXCM5157,1,994.05,77546-4080,Friendswood,
2025-05-19,BXCM3765,1,1013.85,84049-1215,Midway,B2B
2025-05-19,BXCM5157,1,1093.05,91362-2145,Thousand Oaks,
2025-05-19,BXCM3765,1,895.05,76034-3502,Colleyville,
2025-05-19,BXCM3777,1,422.5,76034-3502,Colleyville,
2025-05-19,BXCM4804,1,2474.0,02481-3000,Wellesley,
2025-05-19,BXCM1655,1,1048.5,31406,Savannah,
2025-05-19,BXCM5157,1,994.05,04562-4814,Phippsburg,
2025-05-19,BXCM3765,1,895.05,75773-6699,Mineola,
2025-05-19,BXCM1653,1,1083.15,28203-7096,Charlotte,
2025-05-19,BXCM1604,1,345.6,21612-9702,Bozman,
2025-05-19,BXCM5157,1,1093.05,02568-6904,Vineyard Haven,
2025-05-19,BXCM4487,2,449.55,11978-2405,Westhampton beach,
2025-05-19,BXCM1016,1,419.85,07042-1625,Montclair,B2B
2025-05-19,BXCM5157,1,994.05,36106-2218,Montgomery,
2025-05-20,BXCM1818,1,604.0,12494-5343,West Shokan,
2025-05-20,BXCM1604,1,345.6,70454-4281,Ponchatoula,
2025-05-20,BXCM1655,1,1048.5,90266-4893,Manhattan Beach,B2B
2025-05-20,BXCM5157,1,1093.05,94941-3510,Mill Valley,
2025-05-20,BXCM1634,3,290.5,21093,Lutherville Timonium,
2025-05-20,BXCM4596,1,411.5,06443-3434,Madison,
2025-05-20,BXCM1653,1,1083.15,75148,Malakoff,
2025-05-20,BXCL1487,1,697.5,04107-2005,Cape Elizabeth,
2025-05-20,BXCM3765,1,895.05,04046,Kennebunkport,
2025-05-20,BXCM1782,2,251.55,02653,Orleans,
2025-05-20,BXCL1609,1,380.25,02633,Chatham,
2025-05-20,BXCM4608,1,829.5,02633,Chatham,
2025-05-20,BXCM5134,1,382.5,01966,Rockport,
2025-05-20,BXCM4596,1,367.5,31405-4340,Savannah,
2025-05-20,BXCM4523,1,330.75,20817-2801,Bethesda,
2025-05-21,BXCM3690,1,528.75,75212-6101,Dallas,
2025-05-21,BXCL1786,1,578.25,70808,Baton Rouge,
2025-05-21,BXCM5157,1,1093.05,21204-4248,Towson,
2025-05-21,BXCM1653,1,1083.15,07732-1321,Highlands,
2025-05-21,BXCM1657,2,400.05,07732-1321,Highlands,
2025-05-21,BXCM5157,1,1093.05,02650,North Chatham,
2025-05-21,BXCM3769,1,516.0,75115,Desoto,
2025-05-21,BXCM1655,2,692.1,34119,Naples,
2025-05-21,BXCM4487,1,449.55,34119,Naples,
2025-05-21,BXCM1652,1,919.8,34119,Naples,
2025-05-21,BXCL1556,1,1170.5,97756-9816,Redmond,
2025-05-21,BXCM2379,4,334.5,29455,Johns Island,
2025-05-21,BXCM1782,1,251.55,07601-3211,Hackensack,B2B
2025-05-21,BXCM4006,1,1142.55,34104-6565,Naples,
2025-05-21,BXCM5157,1,1093.05,97703-5245,Bend,B2B
2025-05-21,BXCL1641,1,763.5,70433-2256,Covington,B2B
2025-05-21,BXCM5157,1,994.05,80121-1933,Littleton,
2025-05-21,BXCM5136,2,598.05,28557,Morehead City,
2025-05-21,BXCM5155,2,301.05,96743-9785,Kamuela,B2B
2025-05-21,BXCM4608,1,895.5,01867-1515,Reading,
2025-05-22,BXCM5157,1,1093.05,06107-1139,West Hartford,B2B
2025-05-22,BXCL1152,1,429.75,11702-3337,Babylon,
2025-05-22,BXCM3765,1,895.05,77807,Bryan,
2025-05-22,BXCM4521,1,389.5,42437-7173,Morganfield,
2025-05-22,BXCM3765,1,895.05,01264,TYRINGHAM,
2025-05-22,BXCL1150,1,256.5,34110-8707,Naples,
2025-05-22,BXCM1784,1,380.25,34285,Venice,
2025-05-22,BXCL1612,2,439.0,02052-1408,Medfield,
2025-05-22,BXCM3765,1,895.05,15026,Clinton,
2025-05-22,BXCM5157,1,697.05,68138-6341,Omaha,
2025-05-22,BXCM1634,1,285.0,33432-3934,Boca Raton,B2B
2025-05-22,BXCM5411,1,290.5,33432-3934,Boca Raton,B2B
2025-05-22,BXCM2377,1,329.0,33432-3934,Boca Raton,B2B
2025-05-22,BXCM5716,1,380.25,33432-3934,Boca Raton,B2B
2025-05-22,BXCM5715,1,578.25,33432-3934,Boca Raton,B2B
2025-05-22,BXCM1634,1,285.0,34243-4165,Sarasota,B2B
2025-05-22,BXCM5411,1,290.5,34243-4165,Sarasota,B2B
2025-05-22,BXCM2377,1,329.0,34243-4165,Sarasota,B2B
2025-05-22,BXCM5716,1,380.25,34243-4165,Sarasota,B2B
2025-05-22,BXCM5715,1,578.25,34243-4165,Sarasota,B2B
2025-05-22,BXCM1634,1,285.0,34108-2899,Naples,B2B
2025-05-22,BXCM5411,1,290.5,34108-2899,Naples,B2B
2025-05-22,BXCM2377,1,329.0,34108-2899,Naples,B2B
2025-05-22,BXCM5716,1,380.25,34108-2899,Naples,B2B
2025-05-22,BXCM5715,1,578.25,34108-2899,Naples,B2B
2025-05-22,BXCM1634,1,285.0,33607-1411,Tampa,B2B
2025-05-22,BXCM5411,1,290.5,33607-1411,Tampa,B2B
2025-05-22,BXCM2377,1,329.0,33607-1411,Tampa,B2B
2025-05-22,BXCM5716,1,380.25,33607-1411,Tampa,B2B
2025-05-22,BXCM5715,1,578.25,33607-1411,Tampa,B2B
2025-05-22,BXCM1667,1,375.3,30909,Augusta,B2B
2025-05-22,BXCM4487,2,449.55,33401,West Palm Beach,
2025-05-23,BXCM5153,1,495.0,34134-7915,Bonita Springs,
2025-05-23,BXCM5157,1,994.05,30263-1967,Newnan,
2025-05-23,BXCL1609,1,380.25,28409-3306,Wilmington,
2025-05-23,BXCM1656,1,216.9,02633-2226,Chatham,
2025-05-23,BXCM3765,1,895.05,32803-5320,Orlando,
2025-05-23,BXCM1655,1,1048.5,55435-1547,Edina,
2025-05-23,BXCM5157,1,994.05,23188-9339,Williamsburg,
2025-05-23,BXCM2362,1,139.75,27127-9863,Winston-Salem,
2025-05-23,BXCM5003,1,851.5,23223-7353,Richmond,
2025-05-23,BXCM1782,2,251.55,70118-5950,New Orleans,
2025-05-23,BXCM1617,1,796.05,98922-8637,Cle Elum,B2B
2025-05-23,BXCM1667,1,375.3,19002-1157,Ambler,
2025-05-24,BXCM3790,1,128.1,33178,Medley,B2B
2025-05-24,BXCM1640,1,256.5,11030-3618,Manhasset,
2025-05-24,BXCM3690,1,578.25,07401-1850,Allendale,
2025-05-24,BXCM5023,1,1192.5,22312-2909,Alexandria,
2025-05-24,BXCM5157,2,697.05,28209-2114,Charlotte,
2025-05-24,BXCM1806,2,257.5,10033-5331,New York,
2025-05-24,BXCM5155,1,499.05,33486,Boca Raton,
2025-05-24,BXCM1016,1,419.85,33472-2748,Boynton Beach,
2025-05-24,BXCM1783,1,330.75,91423-1416,sherman oaks,
2025-05-24,BXCM5157,1,994.05,02842-6059,Middletown,B2B
2025-05-24,BXCM1655,1,1048.5,33624-1144,Tampa,
2025-05-24,BXCM1653,1,1083.15,33624-1144,Tampa,
2025-05-24,BXCM3765,1,1013.85,22903-7952,Charlottesville,
2025-05-24,BXCM1655,1,1048.5,33042-4313,Summerland Key,
2025-05-25,BXCM1655,1,1048.5,34210-3728,Bradenton,
2025-05-25,BXCM1657,2,400.05,34210-3728,Bradenton,
2025-05-25,BXCM5136,1,751.5,02816-6409,Coventry,
2025-05-25,BXCM5157,1,1093.05,44077,Painesville,
2025-05-25,BXCM5157,1,1093.05,32503,Pensacola,
2025-05-25,BXCM5155,1,400.05,31721,Albany,
2025-05-25,BXCL1292,1,1038.5,72404-8870,Jonesboro,B2B
2025-05-25,BXCM4216,1,813.0,08202-2320,Avalon,
2025-05-25,BXCM4214,1,791.0,08202-2320,Avalon,
2025-05-25,BXCM1784,3,380.25,22039-3343,Fairfax Station,B2B
2025-05-25,BXCL1746,1,1302.75,75862,Trinity,
2025-05-26,BXCM5157,1,1093.05,55902-1143,Rochester,
2025-05-26,BXCM4486,2,390.15,75244-7450,Dallas,
2025-05-26,BXCM5157,1,994.05,06870-2311,Old Greenwich,
2025-05-26,BXCM5009,2,697.05,02540-2027,Falmouth,
2025-05-26,BXCM5141,1,499.5,07757-1622,Oceanport,B2B
2025-05-26,BXCM5157,1,1093.05,30501-1008,Gainesville,
2025-05-26,BXCM1653,1,1083.15,55044-7507,Lakeville,
2025-05-26,BXCM4491,1,944.55,29464-5723,Mount Pleasant,
2025-05-26,BXCM4270,1,1296.0,80220,Denver,
2025-05-26,BXCM1653,1,1048.5,49740,Harbor Springs,B2B
2025-05-26,BXCM1783,1,330.75,19085-1504,Villanova,
2025-05-26,BXCM1650,2,627.75,02807,New Shoreham,
2025-05-26,BXCM1634,4,236.7,91302-3157,Calabasas,
2025-05-26,BXCM5157,1,994.05,11963-4214,Sag Harbor,
2025-05-26,BXCL1766,1,1018.8,44266-2665,RAVENNA,B2B
2025-05-26,BXCL1781,1,766.35,94559,Napa,
2025-05-26,BXCM3776,1,271.35,01906,Saugus,
2025-05-26,BXCM1655,1,1048.5,53105-5609,Burlington,B2B
2025-05-26,BXCM3765,1,1013.85,35661-4276,Muscle Shoals,
2025-05-26,BXCM3765,1,895.05,49046-7548,Delton,
2025-05-27,BXCM4787,1,1786.5,12983-3100,Saranac Lake,
2025-05-27,BXCM1655,2,850.5,75248,Dallas,
2025-05-27,BXCM5157,1,994.05,11101-5616,Long Island City,B2B
2025-05-27,BXCM3765,1,1013.85,55391-3246,Wayzata,B2B
2025-05-27,BXCM5157,2,697.05,38464-3070,Lawrenceburg,
2025-05-27,BXCM5157,1,1093.05,37066-5882,Gallatin,
2025-05-27,BXCL1551,1,1104.5,18428,Hawley,
2025-05-27,BXCM1784,1,380.25,78676-5724,Wimberley,B2B
2025-05-27,BXCM5411,3,301.5,32951-3223,Melbourne Beach,
2025-05-27,BXCM5136,1,877.5,28277-5634,charlotte,
2025-05-27,BXCM5157,1,1093.05,35243-2800,Vestavia,
2025-05-27,BXCM4608,1,813.0,77005-2042,Houston,B2B
2025-05-27,BXCM1783,1,330.75,94549-4183,Lafayette,
2025-05-27,BXCM5453,1,1434.5,87501-8347,Santa Fe,
2025-05-27,BXCM5453,1,1434.5,87501-8347,Santa Fe,
2025-05-27,BXCM3765,2,716.85,29615-1603,Greenville,B2B
2025-05-27,BXCM4536,1,598.05,06840-3020,New Canaan,
2025-05-27,BXCM1784,1,380.25,74114-3911,TULSA,B2B
2025-05-27,BXCM4994,1,375.3,11434-2615,Jamaica,
2025-05-27,BXCM4528,1,182.25,06762-2417,Middlebury,
2025-05-27,BXCM5155,1,400.05,06437-3134,Guilford,
2025-05-28,BXCM5136,1,877.5,44870-5995,Sandusky,
2025-05-28,BXCM3765,1,895.05,06820-5111,Darien,
2025-05-28,BXCM4521,1,455.5,13367,Lowville,
2025-05-28,BXCM1604,1,384.0,12561-4426,New Paltz,
2025-05-28,BXCM5157,1,1104.5,20002-5427,Washington,
2025-05-28,BXCL1145,1,202.5,04901-7677,Winslow,
2025-05-28,BXCM4244,1,621.0,07719,Wall Township,
2025-05-29,BXCM4487,1,499.5,20015,Washington,
2025-05-29,BXCM1634,1,274.0,94024-6549,LOS ALTOS HILLS,
2025-05-29,BXCM1617,1,884.5,37934-2674,Knoxville,
2025-05-29,BXCM4525,1,279.5,03755-2025,Hanover,
2025-05-29,BXCL1913,1,631.5,94920-1700,Tiburon,
2025-05-29,BXCM3778,1,686.5,94920-1700,Tiburon,
2025-05-29,BXCM5157,1,1214.5,02540,Falmouth,
2025-05-30,BXCM5148,1,587.5,06854-4814,Norwalk,
2025-05-30,BXCM5157,1,1214.5,11530-3919,Garden City,
2025-05-30,BXCM1604,1,384.0,98239,Coupeville,
2025-05-30,BXCM3765,1,994.5,49301-9162,Ada,B2B
2025-05-30,BXCM5379,1,1544.5,37356,Monteagle,
2025-05-30,BXCM3787,1,774.5,64154-1143,Kansas City,
2025-05-30,BXCM4486,1,433.5,32169-3784,New Smyrna Beach,
2025-05-30,BXCM4084,1,847.0,48067-1573,Royal Oak,B2B
2025-05-31,BXCM5157,1,1214.5,81006-1908,Pueblo,B2B
2025-05-31,BXCM1653,1,1165.0,90220-5008,Compton,B2B
2025-05-31,BXCM4596,1,433.5,33436-6138,Boynton Beach,
2025-05-31,BXCM4534,1,1137.5,02492-2776,Needham,
2025-05-31,BXCL1685,4,208.0,02492-2776,Needham,
2025-05-31,BXCM1614,6,230.0,02492-2776,Needham,
2025-05-31,BXCL1684,1,252.0,02492-2776,Needham,
2025-05-31,BXCL1784,1,554.5,07601-4042,Hackensack,B2B
2025-05-31,BXCM4487,1,499.5,33134,Coral Gables,
2025-06-01,BXCM5662,1,1000.0,30004-2873,Milton,
2025-06-01,BXCL1551,1,972.5,02143-3244,Somerville,
2025-06-01,BXCM5155,1,554.5,37922-9425,Knoxville,
2025-06-01,BXCM1676,2,609.5,94595-3912,Walnut Creek,B2B
2025-06-01,BXCL1785,1,356.5,19971-1693,Rehoboth Beach,
2025-06-01,BXCL1784,2,554.5,19971-1693,Rehoboth Beach,
2025-06-01,BXCM3765,2,796.5,33060-7146,Pompano Beach,B2B
2025-06-01,BXCM5029,1,268.5,77380-3866,Spring,B2B
2025-06-01,BXCM3934,1,1082.5,70810-0451,Baton Rouge,
2025-06-01,BXCM5030,1,499.5,20815-5740,Chevy chase,
2025-06-01,BXCM1784,1,422.5,29458-9742,McClellanville,
2025-06-01,BXCM1783,1,367.5,33418-6082,Palm Beach Gardens,
2025-06-01,BXCM5421,1,554.5,33617-1646,Tampa,
2025-06-02,BXCL1786,1,642.5,30326-3451,Atlanta,
2025-06-02,BXCM4487,1,499.5,78703-1537,Austin,B2B
2025-06-02,BXCM4596,1,389.5,12498,Woodstock,
2025-06-02,BXCM4596,1,389.5,93953,Pebble Beach,
2025-06-02,BXCM5155,1,554.5,28731-0945,Flat Rock,B2B
2025-06-02,BXCM1656,1,241.0,02332-3709,Duxbury,
2025-06-02,BXCM5157,1,1214.5,35546-2957,Berry,
2025-06-02,BXCM5157,1,1104.5,29920,Fripp Island,
2025-06-02,BXCM3934,1,1027.5,75028-1626,Flower Mound,
2025-06-03,BXCM5136,1,975.0,28173-6842,Waxhaw,
2025-06-03,BXCL1408,1,301.5,72212,Little Rock,
2025-06-03,BXCM1782,1,279.5,23113-6045,Midlothian,B2B
2025-06-03,BXCL1727,1,565.5,20912-4551,Takoma Park,
2025-06-03,BXCL1150,1,285.0,34953-8217,Port Saint Lucie,
2025-06-03,BXCM4734,1,285.0,78657,Horseshoe Bay,
2025-06-03,BXCM4525,1,268.5,06820-5813,Darien,
2025-06-03,BXCM4487,1,499.5,33182-2298,Miami,B2B
2025-06-03,BXCM4596,1,389.5,20678-4273,Prince Frederick,
2025-06-03,BXCM4491,1,1049.5,33432-3934,Boca Raton,B2B
2025-06-04,BXCM4491,1,1049.5,34243-4165,Sarasota,B2B
2025-06-04,BXCM4491,1,1049.5,33607-7229,Tampa,B2B
2025-06-04,BXCM4528,1,202.5,06512-1105,East Haven,
2025-06-04,BXCM3765,1,1126.5,46077-8537,Zionsville,
2025-06-04,BXCL1408,2,301.5,39759,Starkville,
2025-06-04,BXCM1656,1,241.0,32803-3201,Orlando,
2025-06-04,BXCM5157,1,774.5,65706,Marshfield,
2025-06-04,BXCM5155,1,444.5,34241-6230,Sarasota,
2025-06-04,BXCM5155,1,554.5,34241-6230,Sarasota,
2025-06-04,BXCM3690,1,642.5,11972,Speonk,B2B
2025-06-04,BXCM1609,1,384.0,02066-4700,Scituate,
2025-06-04,BXCM5157,2,774.5,37215-3235,Nashville,
2025-06-05,BXCM5138,1,340.0,53704-2397,Madison,
2025-06-05,BXCM5133,1,555.0,53704-2397,Madison,
2025-06-05,BXCM5157,1,1104.5,15232,Pittsburgh,
2025-06-05,BXCM1655,1,945.0,22903-9323,Charlottesville,
2025-06-05,BXCM1016,1,466.5,78933-5103,Cat Spring,
2025-06-05,BXCM3765,2,796.5,08901-1503,New Brunswick,B2B
2025-06-05,BXCM1634,1,268.5,31522-2875,St Simons Island,B2B
2025-06-05,BXCM5157,1,1214.5,76107-3115,Fort Worth,
2025-06-05,BXCL1748,2,818.5,96761-9072,Lahaina,B2B
2025-06-05,BXCM5379,2,1544.5,96761-9072,Lahaina,B2B
2025-06-06,BXCM3686,1,917.5,32571-9119,Milton,
2025-06-06,BXCM1655,1,769.0,23229-7276,Richmond,B2B
2025-06-06,BXCM3765,1,994.5,33440-5109,Clewiston,B2B
2025-06-06,BXCL1408,2,301.5,33440-5109,Clewiston,B2B
2025-06-06,BXCM4490,1,373.0,33473-5081,Boynton Beach,
2025-06-06,BXCM5030,1,543.5,02906-4622,Providence,B2B
2025-06-06,BXCM1665,6,268.5,34119-7743,Naples,
2025-06-06,BXCM3777,2,400.5,30817-2879,Lincolnton,B2B
2025-06-07,BXCM1339,1,761.2,45335-1203,Jamestown,
2025-06-07,BXCM5146,1,620.5,91910-8037,Chula Vista,
2025-06-07,BXCM1667,1,417.0,02818-5109,East Greenwich,
2025-06-07,BXCL1408,2,301.5,33913,Fort Myers,
2025-06-07,BXCM5157,1,1214.5,35802-1275,Huntsville,
2025-06-07,BXCM4487,1,499.5,34120,Naples,
2025-06-07,BXCL1784,1,554.5,49740,Harbor Springs,B2B
2025-06-07,BXCM4734,1,285.0,49740,Harbor Springs,B2B
2025-06-07,BXCM1655,2,769.0,30071-1267,NORCROSS,B2B
2025-06-07,BXCM5136,1,975.0,60189-8128,Wheaton,B2B
2025-06-08,BXCM5157,1,1104.5,30309-3207,Atlanta,
2025-06-08,BXCL1727,2,582.0,27410-6073,Greensboro,
2025-06-08,BXCM5030,1,543.5,02673-5515,West Yarmouth,
2025-06-08,BXCM5030,1,543.5,02673-5515,West Yarmouth,
2025-06-08,BXCM5387,1,972.5,29405-7493,North Charleston,B2B
2025-06-09,BXCM2362,1,139.75,77554,Galveston,
2025-06-09,BXCM5411,1,290.5,34243-4165,Sarasota,B2B
2025-06-09,BXCM1657,1,444.5,32169-3784,New Smyrna Beach,
2025-06-09,BXCM1667,1,417.0,30512-3455,Blairsville,B2B
2025-06-09,BXCM4006,1,1104.5,11771-5010,Oyster Bay,B2B
2025-06-09,BXCM1652,1,1022.0,08402-1125,Margate City,B2B
2025-06-09,BXCM1652,1,1022.0,08402-1125,Margate City,B2B
2025-06-09,BXCL1172,1,422.5,20815-4829,Chevy Chase,B2B
2025-06-09,BXCM5157,1,1214.5,90077-2710,Los Angeles,B2B
2025-06-09,BXCM5411,1,290.5,34108-2899,Naples,B2B
2025-06-09,BXCM5063,2,780.0,56501-3027,DETROIT LAKES,
2025-06-10,BXCM4270,1,1231.0,46795-9553,Wolcottville,
2025-06-10,BXCM5717,1,829.5,78717-4565,Austin,
2025-06-10,BXCL1175,1,428.0,14472-9370,Honeoye Falls,
2025-06-10,BXCM5411,1,290.5,33432-3934,Boca Raton,B2B
2025-06-10,BXCM1811,1,880.5,36695-8518,Mobile,
2025-06-10,BXCM5411,1,290.5,33607-1411,Tampa,B2B
2025-06-10,BXCM5157,1,1104.5,61550-1122,Morton,
2025-06-10,BXCM3765,1,1126.5,37641-6023,Chuckey,
2025-06-10,BXCM5157,1,1214.5,77568-2391,Texas City,
2025-06-11,BXCM5157,1,1214.5,29464-4125,Mount Pleasant,
2025-06-11,BXCM3934,1,1060.5,33913,Fort Myers,
2025-06-11,BXCM1665,1,268.5,32034-5205,Fernandina Beach,B2B
2025-06-11,BXCM5157,1,1214.5,55082-8415,Stillwater,B2B
2025-06-11,BXCM1634,1,290.5,07631-3159,Englewood,B2B
2025-06-11,BXCM3765,2,796.5,21218-1896,Baltimore,
2025-06-11,BXCM5157,1,1104.5,49630-9708,Empire,
2025-06-11,BXCM5157,1,1104.5,81611-2546,Aspen,B2B
2025-06-11,BXCM4771,1,1148.5,11932-4104,Bridgehampton,
2025-06-12,BXCM5157,2,774.5,95695-3433,Woodland,
2025-06-12,BXCM5157,1,1104.5,95695-3433,Woodland,
2025-06-12,BXCL1551,1,1104.5,80524-9607,Fort Collins,
2025-06-12,BXCM1656,1,241.0,10705-1060,Yonkers,
2025-06-12,BXCM3958,2,395.0,18235,Lehighton,
2025-06-13,BXCM4492,1,1137.5,20854-5547,Rockville,
2025-06-13,BXCM5018,1,455.5,49770-8707,Petoskey,
2025-06-13,BXCL1786,1,642.5,85297-7614,Gilbert,
2025-06-13,BXCL1641,1,840.5,33957-7512,Sanibel,
2025-06-13,BXCM4493,1,697.5,74361-2615,Pryor,
2025-06-13,BXCL1265,1,664.5,94563-3558,Orinda,B2B
2025-06-14,BXCM4244,1,544.0,31632-3833,Hahira,
2025-06-14,BXCM1604,1,384.0,27502-4502,Apex,
2025-06-14,BXCM5710,1,1104.5,02446-7415,Brookline,
2025-06-15,BXCM1656,1,241.0,19930-9211,Bethany Beach,
2025-06-15,BXCM1656,1,241.0,19930-9211,Bethany Beach,
2025-06-15,BXCM4494,1,1214.5,33418-8662,West Palm Beach,
2025-06-15,BXCM4487,2,499.5,33418-8662,West Palm Beach,
2025-06-15,BXCM3690,1,642.5,33618-2702,Tampa,
2025-06-15,BXCM3776,1,279.5,27809-3304,Battleboro,
2025-06-15,BXCM5029,3,279.5,31904-2866,Columbus,B2B
2025-06-15,BXCM3690,1,642.5,07901-2351,Summit,
2025-06-15,BXCM1783,1,367.5,07901-2351,Summit,
2025-06-16,BXCM1652,1,1022.0,06405,Branford,
2025-06-16,BXCM5030,1,543.5,30066-2935,Marietta,B2B
2025-06-16,BXCL1609,1,422.5,37405,Chattanooga,
2025-06-16,BXCM5029,2,307.0,76645-2386,Hillsboro,
2025-06-16,BXCM5157,1,1214.5,33629-7153,Tampa,
2025-06-16,BXCM5136,1,835.0,59808-1601,Missoula,B2B
2025-06-16,BXCM5508,1,1759.0,93921,Carmel-by-the-Sea,
2025-06-16,BXCM4270,1,1572.0,44108-1161,Bratenahl,
2025-06-16,BXCM5386,1,642.5,21037-2728,Edgewater,B2B
2025-06-16,BXCM4062,1,2710.5,60126-2552,Elmhurst,B2B
2025-06-16,BXCM5157,1,1214.5,98134-1132,Seattle,B2B
2025-06-17,BXCM3765,1,1104.5,95220,Acampo,
2025-06-17,BXCM3765,1,1126.5,17545-8007,Manheim,
2025-06-17,BXCM4596,1,433.5,02452-4636,Waltham,B2B
2025-06-17,BXCL1784,1,554.5,29609-2446,Greenville,B2B
2025-06-17,BXCM4524,1,356.5,33708,Madeira Beach,
2025-06-17,BXCM1016,1,466.5,63132-1803,St Louis,
2025-06-18,BXCM5157,1,1214.5,35243-1702,Mountain Brook,
2025-06-18,BXCM4292,1,2545.5,59715-6688,Bozeman,B2B
2025-06-18,BXCM4494,1,1214.5,60614-4681,Chicago,B2B
2025-06-18,BXCM5635,4,620.5,90245-2006,El Segundo,
2025-06-18,BXCM5157,1,1214.5,91902-1104,Bonita,B2B
2025-06-18,BXCM1783,1,367.5,06390,Fishers Island,
2025-06-19,BXCM5153,1,550.0,02659-1625,South Chatham,
2025-06-19,BXCM1016,1,466.5,20817-2064,Bethesda,
2025-06-19,BXCM3765,1,1126.5,31024-5618,Eatonton,B2B
2025-06-19,BXCM1655,1,945.0,33040-5145,Key West,
2025-06-19,BXCM3730,1,368.5,32207-3278,Jacksonville,
2025-06-19,BXCM3777,1,444.5,02882-1339,Narragansett,B2B
2025-06-19,BXCM4743,2,285.0,10604-3412,White Plains,
2025-06-20,BXCL1609,1,422.5,07458-1614,Upper Saddle River,
2025-06-20,BXCM4486,1,433.5,02536,East Falmouth,B2B
2025-06-20,BXCM5157,1,1104.5,02920-3730,Cranston,
2025-06-20,BXCM4595,2,395.0,51351-7314,Milford,
2025-06-20,BXCM5030,1,543.5,02766-2410,Norton,B2B
2025-06-20,BXCM5658,1,763.5,02766-2410,Norton,B2B
2025-06-20,BXCM1636,1,395.0,02766-2410,Norton,B2B
2025-06-20,BXCM1634,1,290.5,02766-2410,Norton,B2B
2025-06-20,BXCM3790,1,134.7,02540-3800,Falmouth,
2025-06-21,BXCM1655,1,945.0,29407,Charleston,
2025-06-21,BXCL1551,1,1192.5,90272-3453,Pacific Palisades,
2025-06-21,BXCM1653,1,1165.0,23505-2936,Norfolk,
2025-06-21,BXCL1145,1,202.5,04901-7677,Winslow,
2025-06-21,BXCM3765,1,994.5,33076,Parkland,
2025-06-21,BXCM1655,1,1165.0,33547,Lithia,
2025-06-21,BXCM5136,1,975.0,23220-3413,Richmond,
2025-06-22,BXCM4608,1,813.0,94024-5724,Los Altos,
2025-06-22,BXCL1508,8,466.5,80113-5136,Englewood,
2025-06-22,BXCM4487,1,499.5,08008-6152,Beach Haven,
2025-06-22,BXCM4487,1,499.5,08008-6152,Beach Haven,
2025-06-22,BXCM4493,1,697.5,08008-6152,Beach Haven,
2025-06-22,BXCM5157,2,774.5,29302-3355,Spartanburg,
2025-06-23,BXCL1551,1,1192.5,76233-2196,Collinsville,
2025-06-23,BXCM4523,1,367.5,23518-6023,Norfolk,B2B
2025-06-23,BXCM5386,1,686.5,10028-4522,New York,B2B
2025-06-23,BXCM3690,1,642.5,19003-1019,Ardmore,
2025-06-23,BXCM3765,1,994.5,53147-4838,Lake Geneva,
2025-06-23,BXCM3765,1,1126.5,02032-1238,Walpole,
2025-06-24,BXCM1676,1,560.0,04576-3366,Southport,
2025-06-24,BXCM4242,1,494.0,60010-2215,North Barrington,
2025-06-24,BXCM5157,1,1214.5,35801-3307,Huntsville,
2025-06-24,BXCM4487,1,499.5,33444,Delray Beach,
2025-06-25,BXCM5376,1,5.0,98250-8883,Friday Harbor,SP
2025-06-25,BXCM1784,1,422.5,06902-8037,Stamford,
2025-06-25,BXCM1784,1,422.5,83714-2638,Boise,
2025-06-25,BXCM1640,1,285.0,76109-2736,Fort Worth,B2B
2025-06-25,BXCM5000,1,411.5,30506-4131,Gainesville,
2025-06-25,BXCM1621,1,312.5,60093-3934,Winnetka,B2B
2025-06-25,BXCM4523,1,367.5,08243-1379,Sea Isle City,
2025-06-25,BXCM5157,1,1214.5,44023,Chagrin Falls,B2B
2025-06-25,BXCM3765,2,796.5,98105-3708,Seattle,
2025-06-25,BXCM1655,1,1165.0,53105-5609,Burlington,B2B
2025-06-25,BXCM4492,1,1137.5,76109-3305,Fort Worth,B2B
2025-06-25,BXCM5151,1,675.5,33548,Lutz,
2025-06-25,BXCM5150,2,422.5,33548,Lutz,
2025-06-26,BXCM4595,2,411.5,08008,Harvey Cedars,
2025-06-26,BXCM5715,1,642.5,07416,Franklin,B2B
2025-06-26,BXCM5157,1,1104.5,02842-6059,Middletown,B2B
2025-06-26,BXCL1408,2,301.5,39817,Bainbridge,
2025-06-26,BXCM5136,1,975.0,08204-3607,Cape May,B2B
2025-06-26,BXCL1641,1,873.5,92131-4245,San Diego,
2025-06-26,BXCM2379,3,362.0,77055-6619,Houston,
2025-06-26,BXCM5776,1,5.0,29927-1614,Hardeeville,SP
2025-06-26,BXCM5762,1,5.0,29927-1614,Hardeeville,SP
2025-06-26,BXCM5774,1,5.0,29927-1614,Hardeeville,SP
2025-06-26,BXCM5771,1,5.0,29927-1614,Hardeeville,SP
2025-06-26,BXCM5766,1,5.0,29927-1614,Hardeeville,SP
2025-06-26,BXCM5766,1,5.0,54411,Athens,SP
2025-06-26,BXCM5770,1,5.0,54411,Athens,SP
2025-06-26,BXCM5757,1,5.0,54411,Athens,SP
2025-06-26,BXCM5765,1,5.0,54411,Athens,SP
2025-06-26,BXCM5769,1,5.0,54411,Athens,SP
2025-06-26,BXCM5759,1,5.0,54411,Athens,SP
2025-06-26,BXCL1753,2,444.5,49408-9715,Fennville,
2025-06-26,BXCM5762,1,5.0,34994-2842,Stuart,SP
2025-06-26,BXCM5757,1,5.0,34994-2842,Stuart,SP
2025-06-26,BXCM5778,1,5.0,34994-2842,Stuart,SP
2025-06-26,BXCM5769,1,5.0,34994-2842,Stuart,SP
2025-06-26,BXCM5766,1,5.0,34994-2842,Stuart,SP
2025-06-26,BXCM5763,1,5.0,34994-2842,Stuart,SP
2025-06-26,BXCM5754,1,5.0,34994-2842,Stuart,SP
2025-06-26,BXCM5767,1,5.0,34994-2842,Stuart,SP
2025-06-26,BXCM5768,1,5.0,34994-2842,Stuart,SP
2025-06-26,BXCM4486,2,433.5,29414-6662,Charleston,
2025-06-27,BXCM5774,1,5.0,53125,Fontana,SP
2025-06-27,BXCM5776,1,5.0,53125,Fontana,SP
2025-06-27,BXCM5756,1,5.0,53125,Fontana,SP
2025-06-27,BXCM5766,1,5.0,53125,Fontana,SP
2025-06-27,BXCM3765,1,994.5,37064-8603,Franklin,
2025-06-27,BXCM3765,1,845.33,22207-1555,Arlington,
2025-06-27,BXCM4593,1,543.5,28468-5801,Sunset Beach,B2B
2025-06-27,BXCL1781,1,723.78,11706-8735,Bay Shore,
2025-06-27,BXCM3958,1,395.0,46158-6795,Mooresville,
2025-06-27,BXCM1653,1,990.25,79701-7814,Midland,
2025-06-27,BXCL1144,1,334.5,04901-7677,Winslow,
2025-06-27,BXCM5133,1,471.75,53704-2397,Madison,
2025-06-27,BXCM5138,1,289.0,53704-2397,Madison,
2025-06-27,BXCM1806,2,235.5,94920-2349,Belvedere,
2025-06-27,BXCM5157,1,938.83,11790-2000,Stony Brook,B2B
2025-06-27,BXCM1656,1,241.0,34103-3511,Naples,
2025-06-27,BXCM5416,1,793.9,49757,Mackinac Island,
2025-06-27,BXCM5774,1,5.0,48642-5139,Midland,SP
2025-06-27,BXCM4487,1,424.58,33182-2298,Miami,B2B
2025-06-27,BXCM3934,1,901.43,60025-7617,Glenview,
2025-06-27,BXCM5062,1,405.88,77385-7343,Conroe,
2025-06-27,BXCM4494,1,1032.33,77546-4080,Friendswood,
2025-06-27,BXCM1634,1,285.0,33432-3934,Boca Raton,B2B
2025-06-27,BXCM1634,1,285.0,34243-4165,Sarasota,B2B
2025-06-27,BXCM2377,1,279.65,34243-4165,Sarasota,B2B
2025-06-27,BXCM1634,1,285.0,33607-1411,Tampa,B2B
2025-06-27,BXCM2377,1,279.65,33607-1411,Tampa,B2B
2025-06-27,BXCM1634,1,285.0,34108-2899,Naples,B2B
2025-06-27,BXCM2377,1,279.65,34108-2899,Naples,B2B
2025-06-27,BXCM2377,1,279.65,33432-3934,Boca Raton,B2B
2025-06-28,BXCM1617,1,751.83,40059-9592,Prospect,
2025-06-28,BXCM3686,1,779.88,11768-3502,Northport,
2025-06-28,BXCM4493,1,697.5,49022-3556,Benton Harbor,
2025-06-28,BXCM5776,1,5.0,34205,Bradenton,SP
2025-06-28,BXCM5778,1,5.0,32081-0963,Ponte Vedra Beach,SP
2025-06-28,BXCM5762,1,5.0,32081-0963,Ponte Vedra Beach,SP
2025-06-28,BXCM5779,1,5.0,32081-0963,Ponte Vedra Beach,SP
2025-06-28,BXCM3778,1,653.65,94611-3614,Piedmont,
2025-06-28,BXCM3778,1,653.65,94611-3614,Piedmont,
2025-06-28,BXCM5157,1,938.83,60043-1213,Kenilworth,
2025-06-28,BXCM4486,1,368.48,02554-2516,Nantucket,
2025-06-28,BXCM5157,1,938.83,37205-4421,Nashville,
2025-06-28,BXCM5713,1,505.0,95125-3231,San Jose,
2025-06-28,BXCM5004,2,538.0,03254-3352,Moultonborough,
2025-06-28,BXCM5157,1,938.83,47111-9233,Charlestown,
2025-06-28,BXCM3765,1,845.33,68510-3745,Lincoln,
2025-06-28,BXCM4595,1,444.5,91361-2072,Westlake Village,
2025-06-28,BXCM3765,1,957.53,L9W 7K5,East Garafraxa,B2B
2025-06-29,BXCM5774,1,5.0,19967,Millville,SP
2025-06-29,BXCM1653,1,990.25,34231-5309,Sarasota,B2B
2025-06-29,BXCM3765,1,845.33,38018-7608,Cordova,
2025-06-29,BXCM1784,1,422.5,17543-6612,Lititz,B2B
2025-06-29,BXCM1605,1,251.6,93436-1939,Lompoc,
2025-06-29,BXCM5779,1,5.0,21030-1357,Cockeysville,SP
2025-06-29,BXCM5754,1,5.0,21030-1357,Cockeysville,SP
2025-06-29,BXCM5758,1,5.0,21030-1357,Cockeysville,SP
2025-06-29,BXCM4592,1,532.0,08628-2904,Ewing,
2025-06-29,BXCM5157,1,1032.33,02190-3122,Weymouth,
2025-06-29,BXCM5776,1,5.0,24486-2449,Weyers cave,SP
2025-06-29,BXCM5768,1,5.0,24486-2449,Weyers cave,SP
2025-06-30,BXCM4774,1,751.83,13326-2814,Cooperstown,
2025-06-30,BXCM4486,2,368.48,38139,Germantown,
2025-06-30,BXCM3765,1,957.53,01966-1402,Rockport,
2025-06-30,BXCM5766,1,5.0,20141-2394,Round Hill,SP
2025-06-30,BXCM5769,1,5.0,20141-2394,Round Hill,SP
2025-06-30,BXCM5767,1,5.0,20141-2394,Round Hill,SP
2025-06-30,BXCM4608,1,813.0,19709-2204,Middletown,
2025-06-30,BXCM5768,1,5.0,76107-3732,Fort Worth,SP
2025-06-30,BXCM5771,1,5.0,76107-3732,Fort Worth,SP
2025-06-30,BXCM5760,1,5.0,76107-3732,Fort Worth,SP
2025-06-30,BXCM5769,1,5.0,76107-3732,Fort Worth,SP
2025-06-30,BXCM3765,1,845.33,32828,Orlando,
2025-06-30,BXCM5769,1,5.0,23451-1083,Virginia Beach,SP
2025-06-30,BXCM5766,1,5.0,23451-1083,Virginia Beach,SP
2025-06-30,BXCM5756,1,5.0,23451-1083,Virginia Beach,SP
2025-06-30,BXCM5776,1,5.0,92126-4365,San Diego,SP
2025-06-30,BXCL1913,2,598.5,02053-2123,Medway,B2B
2025-06-30,BXCM5756,1,5.0,33408,North Palm Beach,SP
2025-06-30,BXCM5766,1,5.0,33408,North Palm Beach,SP
2025-06-30,BXCM1655,1,803.25,30116-8903,Carrollton,
2025-06-30,BXCM5772,1,5.0,92126-4365,San Diego,SP
2025-06-30,BXCM5777,1,5.0,92126-4365,San Diego,SP
2025-06-30,BXCM5758,1,5.0,92126-4365,San Diego,SP
2025-06-30,BXCM5754,1,5.0,92126-4365,San Diego,SP
2025-06-30,BXCM4486,2,368.48,77043,Houston,B2B
2025-06-30,BXCM1633,2,290.5,21093,Lutherville Timonium,
2025-06-30,BXCM5708,1,1104.5,07762-1939,Spring Lake Heights,B2B
2025-06-30,BXCM3765,1,994.5,77019-5612,Houston,
2025-06-30,BXCM5778,1,5.0,23451-3780,VIRGINIA BEACH,SP
2025-06-30,BXCM5757,1,5.0,23451-3780,VIRGINIA BEACH,SP
2025-06-30,BXCM5755,1,5.0,23451-3780,VIRGINIA BEACH,SP
2025-06-30,BXCM5776,1,5.0,23451-3780,VIRGINIA BEACH,SP
2025-06-30,BXCM5762,1,5.0,23451-3780,VIRGINIA BEACH,SP
2025-06-30,BXCM4064,1,1214.5,06901-5312,Stamford,
2025-07-01,BXCM1652,1,868.7,10573-1008,Rye Brook,B2B
2025-07-01,BXCM5157,1,1032.33,29438-3714,Edisto Beach,
2025-07-01,BXCM1652,1,1022.0,48189-9416,Whitmore Lake,
2025-07-01,BXCL1144,1,284.33,02494-2917,Needham,
2025-07-01,BXCM5776,1,5.0,72364-2640,Marion,SP
2025-07-01,BXCM1606,1,335.75,07727-1618,Wall Township,B2B
2025-07-01,BXCL1145,1,202.5,04901-7677,Winslow,
2025-07-01,BXCM5157,1,938.83,01867-3808,Reading,
2025-07-01,BXCM5762,1,5.0,22124-2812,Oakton,SP
2025-07-01,BXCM5778,1,5.0,22124-2812,Oakton,SP
2025-07-01,BXCM5757,1,5.0,22124-2812,Oakton,SP
2025-07-01,BXCM5768,1,5.0,22124-2812,Oakton,SP
2025-07-01,BXCM5762,1,5.0,27526-8960,Fuquay Varina,SP
2025-07-01,BXCM5757,1,5.0,27526-8960,Fuquay Varina,SP
2025-07-01,BXCM5778,1,5.0,27526-8960,Fuquay Varina,SP
2025-07-01,BXCM5774,1,5.0,27526-8960,Fuquay Varina,SP
2025-07-01,BXCM5768,1,5.0,27526-8960,Fuquay Varina,SP
2025-07-01,BXCM5766,1,5.0,75201-1716,Dallas,SP
2025-07-01,BXCM5776,1,5.0,75201-1716,Dallas,SP
2025-07-01,BXCM5769,1,5.0,75201-1716,Dallas,SP
2025-07-01,BXCM5761,1,5.0,95620-9345,Dixon,SP
2025-07-01,BXCM5767,1,5.0,95620-9345,Dixon,SP
2025-07-01,BXCM4486,2,368.48,07756-1335,Ocean Grove,
2025-07-01,BXCM4734,1,285.0,07756-1335,Ocean Grove,
2025-07-01,BXCM1650,1,697.5,07756-1335,Ocean Grove,
2025-07-01,BXCM5757,1,5.0,07712-8708,Asbury Park,SP
2025-07-01,BXCM5755,1,5.0,02764-1700,Dighton,SP
2025-07-01,BXCM5758,1,5.0,02764-1700,Dighton,SP
2025-07-01,BXCL1556,1,807.93,98250-8883,Friday Harbor,
2025-07-01,BXCM5761,1,5.0,02379-1652,West Bridgewater,SP
2025-07-01,BXCM5767,1,5.0,02379-1652,West Bridgewater,SP
2025-07-01,BXCM5763,1,5.0,02379-1652,West Bridgewater,SP
2025-07-01,BXCM5757,1,5.0,02379-1652,West Bridgewater,SP
2025-07-01,BXCM5778,1,5.0,02379-1652,West Bridgewater,SP
2025-07-02,BXCM5778,1,5.0,23225-3618,Richmond,SP
2025-07-02,BXCM5762,1,5.0,23225-3618,Richmond,SP
2025-07-02,BXCM5757,1,5.0,23225-3618,Richmond,SP
2025-07-02,BXCM1655,1,1165.0,49720-9109,Charlevoix,
2025-07-02,BXCM3765,1,957.53,84045-5314,saratoga springs,
2025-07-02,BXCM1633,2,279.65,77005-1519,Houston,
2025-07-02,BXCM1751,2,274.98,35906,Rainbow City,
2025-07-02,BXCM5157,1,938.83,18925-1222,Furlong,
2025-07-02,BXCM1783,1,312.38,02045-2320,Hull,
2025-07-02,BXCM5767,1,5.0,75119-7296,Ennis,SP
2025-07-02,BXCM5762,1,5.0,75119-7296,Ennis,SP
2025-07-02,BXCM5763,1,5.0,75119-7296,Ennis,SP
2025-07-02,BXCM5757,1,5.0,75119-7296,Ennis,SP
2025-07-02,BXCM5778,1,5.0,30342-3301,Atlanta,SP
2025-07-02,BXCM5754,1,5.0,30342-3301,Atlanta,SP
2025-07-02,BXCM5779,1,5.0,30342-3301,Atlanta,SP
2025-07-02,BXCM5758,1,5.0,30342-3301,Atlanta,SP
2025-07-02,BXCM5757,1,5.0,30342-3301,Atlanta,SP
2025-07-02,BXCM3787,1,658.33,64154-1143,Kansas City,
2025-07-02,BXCM4486,2,433.5,34109,Naples,
2025-07-02,BXCM4491,1,1049.5,34109,Naples,
2025-07-02,BXCM5425,1,1083.75,33432-5635,Boca Raton,
2025-07-02,BXCM5646,4,279.65,75205-0034,Dallas,
2025-07-02,BXCM1016,1,396.53,08402,Margate City,B2B
2025-07-02,BXCM1641,1,218.88,07675-2903,Westwood,
2025-07-02,BXCM3778,1,681.7,45107-1243,Blanchester,B2B
2025-07-03,BXCM4608,1,691.05,27889,washington,
2025-07-03,BXCM5768,1,5.0,19606-2219,Reading,SP
2025-07-03,BXCM5157,1,938.83,35613,Athens,
2025-07-03,BXCM5157,1,938.83,37774,Loudon,
2025-07-03,BXCM5157,1,938.83,37205-3727,Nashville,
2025-07-03,BXCM3777,1,340.43,92127,San Diego,
2025-07-03,BXCM4263,1,382.5,07762-1924,Spring Lake,
2025-07-03,BXCM4833,1,807.93,07762-1924,Spring Lake,
2025-07-03,BXCM3765,1,845.33,33776,Seminole,
2025-07-03,BXCM5157,1,1032.33,29582-2415,North Myrtle Beach,
2025-07-03,BXCM4487,1,424.58,01760-2955,Natick,
2025-07-03,BXCM3689,1,513.4,48436-9750,Gaines,
2025-07-03,BXCM5773,1,5.0,60605-1816,Chicago,SP
2025-07-03,BXCM5775,1,5.0,60605-1816,Chicago,SP
2025-07-03,BXCM5777,1,5.0,60605-1816,Chicago,SP
2025-07-03,BXCM4593,1,461.98,23113-4080,Midlothian,
2025-07-03,BXCL1740,1,826.63,11530-3919,Garden City,
2025-07-03,BXCM1784,1,359.13,35802-1250,Huntsville,B2B
2025-07-03,BXCM5157,1,938.83,70817,Baton Rouge,
2025-07-03,BXCM3765,1,957.53,63118-1205,St Louis,
2025-07-03,BXCM5781,2,637.0,07416,Franklin,B2B
2025-07-03,BXCM3765,1,957.53,97707-2076,Bend,
2025-07-03,BXCM5023,2,966.88,23321-2124,Chesapeake,
2025-07-03,BXCM5422,1,303.03,11101-3468,LONG ISLAND CITY,
2025-07-04,BXCM3790,1,246.93,07417-1469,Franklin Lakes,
2025-07-04,BXCM2380,2,289.0,92117,San Diego,
2025-07-04,BXCM4244,1,420.33,76262-1530,Roanoke,
2025-07-04,BXCM5768,1,5.0,92612-2716,Irvine,SP
2025-07-04,BXCM5157,1,1032.33,72227-5919,Little Rock,
2025-07-04,BXCM3765,1,845.33,22308-2226,Alexandria,
2025-07-04,BXCM2379,2,307.7,20009-6617,Washington,
2025-07-04,BXCM5157,1,938.83,23185-8947,Williamsburg,
2025-07-04,BXCL1556,1,994.5,03885-2438,Stratham,B2B
2025-07-04,BXCM3765,1,957.53,55391-3246,Wayzata,B2B
2025-07-04,BXCM5157,1,938.83,84601-4260,Provo,B2B
2025-07-04,BXCM4523,1,312.38,35223,Birmingham,
2025-07-04,BXCM1653,1,1022.98,55105-1663,Saint Paul,
2025-07-04,BXCM5776,1,5.0,30327-3449,atlanta,SP
2025-07-04,BXCM5756,1,5.0,30327-3449,atlanta,SP
2025-07-04,BXCM5776,1,5.0,11743-2330,Huntington,SP
2025-07-04,BXCM5756,1,5.0,11743-2330,Huntington,SP
2025-07-04,BXCM5758,1,5.0,11743-2330,Huntington,SP
2025-07-04,BXCM1670,2,214.2,33908-4982,Fort Myers,
2025-07-04,BXCM4593,1,461.98,33908-4982,Fort Myers,
2025-07-04,BXCM1782,2,237.58,29407-9657,Charleston,
2025-07-04,BXCM5136,1,709.75,78731-2902,Austin,
2025-07-04,BXCM5157,1,1032.33,78828,Barksdale,
2025-07-04,BXCM1634,6,246.93,29455-3216,Johns Island,
2025-07-04,BXCM4536,1,564.83,29455-3216,Johns Island,
2025-07-05,BXCM4528,1,172.13,32136-5521,Flagler Beach,
2025-07-05,BXCM5157,1,1032.33,40242-2967,Louisville,
2025-07-05,BXCM3777,1,340.43,08203-2700,Brigantine,
2025-07-05,BXCM3765,1,845.33,10708-1403,Bronxville,
2025-07-05,BXCM5157,1,1032.33,30655-1853,monroe,
2025-07-05,BXCM3765,1,845.33,75032-5866,HEATH,
2025-07-05,BXCM5419,1,396.53,51351-7314,Milford,
2025-07-05,BXCM5768,1,5.0,60645,Chicago,SP
2025-07-05,BXCM5757,1,5.0,60645,Chicago,SP
2025-07-05,BXCM5757,1,5.0,29492-7582,Daniel Island,SP
2025-07-05,BXCM5762,1,5.0,29492-7582,Daniel Island,SP
2025-07-05,BXCM5767,1,5.0,29492-7582,Daniel Island,SP
2025-07-05,BXCM5763,1,5.0,29492-7582,Daniel Island,SP
2025-07-05,BXCL1786,1,546.13,92122,San Diego,
2025-07-05,BXCM4528,1,172.13,07675-2903,Westwood,
2025-07-05,BXCM5057,1,522.75,21030-2944,Cockeysville,
2025-07-05,BXCM5157,1,938.83,27265,High Point,
2025-07-05,BXCM5761,1,5.0,23120-1689,Moseley,SP
2025-07-05,BXCM5762,1,5.0,89011,Henderson,SP
2025-07-05,BXCM5767,1,5.0,89011,Henderson,SP
2025-07-05,BXCM5776,1,5.0,04963-3611,ROME,SP
2025-07-05,BXCM5779,1,5.0,04963-3611,ROME,SP
2025-07-05,BXCM5756,1,5.0,04963-3611,ROME,SP
2025-07-05,BXCM5777,1,5.0,04963-3611,ROME,SP
2025-07-05,BXCM5758,1,5.0,04963-3611,ROME,SP
2025-07-05,BXCM5766,1,5.0,04963-3611,ROME,SP
2025-07-05,BXCM4521,1,373.15,35242-2313,Vestavia,
2025-07-06,BXCM1653,1,990.25,28403-4664,wilmington,
2025-07-06,BXCM1667,1,415.23,11726-5302,Copiague,
2025-07-06,BXCM5774,1,5.0,10128-1688,New York,SP
2025-07-06,BXCM5778,1,5.0,10128-1688,New York,SP
2025-07-06,BXCM5768,1,5.0,10128-1688,New York,SP
2025-07-06,BXCM5776,1,5.0,10128-1688,New York,SP
2025-07-06,BXCM5777,1,5.0,10128-1688,New York,SP
2025-07-06,BXCM3777,1,387.18,84103-4464,Salt Lake city,
2025-07-06,BXCM5757,1,5.0,30327-3532,Atlanta,SP
2025-07-06,BXCM5779,1,5.0,30327-3532,Atlanta,SP
2025-07-06,BXCM5778,1,5.0,30327-3532,Atlanta,SP
2025-07-06,BXCM5762,1,5.0,30327-3532,Atlanta,SP
2025-07-06,BXCM5754,1,5.0,30327-3532,Atlanta,SP
2025-07-06,BXCM5761,1,5.0,30327-3532,Atlanta,SP
2025-07-06,BXCM5763,1,5.0,30327-3532,Atlanta,SP
2025-07-06,BXCM5767,1,5.0,30327-3532,Atlanta,SP
2025-07-06,BXCM5754,1,5.0,30327-3532,Atlanta,SP
2025-07-06,BXCM5758,1,5.0,30327-3532,Atlanta,SP
2025-07-06,BXCM5157,1,1032.33,33025-5800,Miramar,B2B
2025-07-06,BXCM5778,1,5.0,06468,Monroe,SP
2025-07-06,BXCM5779,1,5.0,06468,Monroe,SP
2025-07-06,BXCM5758,1,5.0,06468,Monroe,SP
2025-07-06,BXCM5754,1,5.0,06468,Monroe,SP
2025-07-06,BXCM5015,1,527.43,77084,Houston,
2025-07-06,BXCM4789,1,368.48,33458-7819,Jupiter,
2025-07-06,BXCM5464,1,733.13,33458-7819,Jupiter,
2025-07-06,BXCM5762,1,5.0,60610-2193,Chicago,SP
2025-07-06,BXCM5757,1,5.0,60610-2193,Chicago,SP
2025-07-06,BXCM5767,1,5.0,60610-2193,Chicago,SP
2025-07-06,BXCM5754,1,5.0,60610-2193,Chicago,SP
2025-07-06,BXCM5758,1,5.0,60610-2193,Chicago,SP
2025-07-06,BXCM5758,1,5.0,48170-2402,Plymouth,SP
2025-07-06,BXCM5777,1,5.0,48170-2402,Plymouth,SP
2025-07-06,BXCM5759,1,5.0,48170-2402,Plymouth,SP
2025-07-06,BXCM5779,1,5.0,48170-2402,Plymouth,SP
2025-07-06,BXCM3765,1,957.53,03053-3014,Londonderry,
2025-07-06,BXCM5769,1,5.0,29466,Mt Pleasant,SP
2025-07-06,BXCM5764,1,5.0,29466,Mt Pleasant,SP
2025-07-06,BXCM5157,1,938.83,29412-5079,Charleston,
2025-07-06,BXCM4244,1,434.35,45244-3931,Cincinnati,
2025-07-06,BXCM4487,1,424.58,29401-2410,Charleston,
2025-07-06,BXCM4487,1,424.58,29401-2410,Charleston,
2025-07-06,BXCM4608,1,677.03,21601-8177,Easton,
2025-07-06,BXCL1781,1,723.78,01951-2312,Newbury,
2025-07-06,BXCM1782,2,237.58,06824-6391,Fairfield,
2025-07-06,BXCM5133,1,471.75,89511-4348,Reno,
2025-07-06,BXCM5778,1,5.0,33756-1924,Belleair,SP
2025-07-06,BXCM5754,1,5.0,33756-1924,Belleair,SP
2025-07-06,BXCM5759,1,5.0,33756-1924,Belleair,SP
2025-07-06,BXCM5777,1,5.0,33756-1924,Belleair,SP
2025-07-06,BXCL1556,1,1170.5,98068,snoqualmie Pass,
2025-07-06,BXCM5015,2,564.83,34109-3240,Naples,
2025-07-07,BXCM5767,1,5.0,44202,Aurora,SP
2025-07-07,BXCM5762,1,5.0,44202,Aurora,SP
2025-07-07,BXCM5136,1,709.75,22307-2021,Alexandria,
2025-07-07,BXCM5776,1,5.0,21093-4001,Timonium,SP
2025-07-07,BXCM4006,1,1104.5,31322-2305,Pooler,
2025-07-07,BXCL1738,1,653.5,02481-5414,Wellesley,
2025-07-07,BXCM5776,1,5.0,37772-3945,Lenoir City,SP
2025-07-07,BXCM5765,1,5.0,37772-3945,Lenoir City,SP
2025-07-07,BXCM5770,1,5.0,37772-3945,Lenoir City,SP
2025-07-07,BXCM5764,1,5.0,37772-3945,Lenoir City,SP
2025-07-07,BXCM3777,1,444.5,54403,Wausau,
2025-07-07,BXCM5766,1,5.0,60118,Dundee,SP
2025-07-07,BXCM5776,1,5.0,60118,Dundee,SP
2025-07-07,BXCM5769,1,5.0,60118,Dundee,SP
2025-07-07,BXCM3765,1,994.5,53711-1611,MADISON,
2025-07-07,BXCM5770,1,5.0,31906,Columbus,SP
2025-07-07,BXCM3765,1,994.5,77386,Spring,B2B
2025-07-07,BXCM5643,1,1104.5,77386,Spring,B2B
2025-07-07,BXCM1656,1,241.0,81621-7317,basalt,B2B
2025-07-07,BXCM5777,1,5.0,19002,Ambler,SP
2025-07-07,BXCM5763,1,5.0,19002,Ambler,SP
2025-07-07,BXCM5767,1,5.0,19002,Ambler,SP
2025-07-07,BXCM5758,1,5.0,19002,Ambler,SP
2025-07-07,BXCM4492,1,1137.5,33060-9505,Pompano Beach,B2B
2025-07-07,BXCM3765,1,796.5,84020,Draper,
2025-07-08,BXCM1606,1,395.0,62711-9674,Springfield,B2B
2025-07-08,BXCM3765,1,796.5,64029,Grain Valley,
2025-07-08,BXCM3778,4,769.0,22102-1538,McLean,
2025-07-08,BXCM5157,1,1214.5,90265-2248,Malibu,
2025-07-08,BXCM5157,1,1104.5,90265-2248,Malibu,
2025-07-08,BXCM3765,1,994.5,29906-9140,Beaufort,
2025-07-08,BXCL1408,1,301.5,29906-9140,Beaufort,
2025-07-08,BXCM1652,1,1022.0,38111-7619,Memphis,
2025-07-08,BXCM5778,1,5.0,32080-0049,St Augustine Beach,SP
2025-07-08,BXCM5758,1,5.0,32080-0049,St Augustine Beach,SP
2025-07-08,BXCM5754,1,5.0,32080-0049,St Augustine Beach,SP
2025-07-08,BXCM5779,1,5.0,32080-0049,St Augustine Beach,SP
2025-07-08,BXCM5157,1,1214.5,15370,waynesburg,
2025-07-08,BXCM5762,1,5.0,12125-2104,New Lebanon,SP
2025-07-08,BXCM5778,1,5.0,12125-2104,New Lebanon,SP
2025-07-08,BXCM4493,1,697.5,02360,Plymouth,
2025-07-08,BXCM5768,1,5.0,41011-2284,Park Hills,SP
2025-07-08,BXCM5759,1,5.0,41011-2284,Park Hills,SP
2025-07-08,BXCM5778,1,5.0,11970-0113,S Jamesport,SP
2025-07-08,BXCM5754,1,5.0,11970-0113,S Jamesport,SP
2025-07-08,BXCM5774,1,5.0,32413-9626,Panama City Beach,SP
2025-07-08,BXCM4293,1,2897.5,07416,Franklin,B2B
2025-07-08,BXCM5768,1,5.0,77345-1801,Kinwood,SP
2025-07-08,BXCM5755,1,5.0,77345-1801,Kinwood,SP
2025-07-08,BXCM1680,1,741.5,22152-2019,Springfield,
2025-07-09,BXCM5768,1,5.0,10708-2407,Bronxville,SP
2025-07-09,BXCM5762,1,5.0,10708-2407,Bronxville,SP
2025-07-09,BXCM5157,1,1104.5,78163-3277,Bulverde,B2B
2025-07-09,BXCM5638,3,356.5,23229-7131,Richmond,B2B
2025-07-09,BXCM5383,4,257.5,31021-6115,Dublin,
2025-07-09,BXCM1784,1,422.5,33166-2731,Miami,B2B
2025-07-09,BXCM4528,2,202.5,21701,Frederick,
2025-07-09,BXCM5157,1,1214.5,71006-8786,Benton,
2025-07-09,BXCM1617,1,884.5,98922-8637,Cle Elum,B2B
2025-07-09,BXCM5762,1,5.0,31721-9018,Albany,SP
2025-07-09,BXCM5767,1,5.0,31721-9018,Albany,SP
2025-07-09,BXCM5757,1,5.0,31721-9018,Albany,SP
2025-07-09,BXCM1378,1,302.5,07416,Franklin,B2B
2025-07-09,BXCM5411,8,301.5,08008-1930,Beach Haven,
2025-07-09,BXCM5763,1,5.0,77027-4014,Houston,SP
2025-07-09,BXCM5767,1,5.0,77027-4014,Houston,SP
2025-07-09,BXCM5761,1,5.0,77027-4014,Houston,SP
2025-07-09,BXCM5512,1,890.0,28779-2838,Sylva,
2025-07-09,BXCM4994,1,472.0,29466-8413,Mount Pleasant,
2025-07-10,BXCM3797,1,1016.5,06901,Stamford,
2025-07-10,BXCM5776,1,5.0,37215,Nashville,SP
2025-07-10,BXCM4487,1,499.5,01760-2955,Natick,
2025-07-10,BXCM5638,3,312.5,37205,Nashville,
2025-07-10,BXCL1150,1,285.0,08090-1951,Wenonah,
2025-07-10,BXCL1609,1,422.5,30327,atlanta,
2025-07-10,BXCM4525,1,312.5,39564-4832,Ocean Springs,
2025-07-10,BXCM5778,1,5.0,33480-4301,Palm Beach,SP
2025-07-10,BXCM5762,1,5.0,33480-4301,Palm Beach,SP
2025-07-10,BXCM3690,1,642.5,04046-6113,Kennebunkport,B2B
2025-07-10,BXCM1021,1,170.0,38655-7408,Oxford,
2025-07-10,BXCM1778,1,1148.5,21030-2944,Cockeysville,
2025-07-10,BXCM5778,1,5.0,53045,Brookfield,SP
2025-07-10,BXCM5769,1,5.0,53045,Brookfield,SP
2025-07-10,BXCM5758,1,5.0,53045,Brookfield,SP
2025-07-10,BXCM5776,1,5.0,53045,Brookfield,SP
2025-07-10,BXCM3765,1,1126.5,11963-3536,Sag Harbor,B2B
2025-07-10,BXCM5776,1,5.0,33556,Odessa,SP
2025-07-10,BXCM5756,1,5.0,33556,Odessa,SP
2025-07-10,BXCM5766,1,5.0,33556,Odessa,SP
2025-07-10,BXCM5157,1,1214.5,80906-5983,Colorado Springs,
2025-07-11,BXCM1634,6,274.0,30909-3476,Augusta,
2025-07-11,BXCM5769,1,5.0,02646-1300,Harwich Port,SP
2025-07-11,BXCM5766,1,5.0,02646-1300,Harwich Port,SP
2025-07-11,BXCM5776,1,5.0,02646-1300,Harwich Port,SP
2025-07-11,BXCM5759,1,5.0,10021-4246,New York,SP
2025-07-11,BXCM5776,1,5.0,10021-4246,New York,SP
2025-07-11,BXCM5755,1,5.0,10021-4246,New York,SP
2025-07-11,BXCM5768,1,5.0,28164-6853,Stanley,SP
2025-07-11,BXCM5755,1,5.0,28164-6853,Stanley,SP
2025-07-11,BXCM5157,1,1104.5,75206-1521,Dallas,
2025-07-11,BXCM5769,1,5.0,11559-1502,Lawrence,SP
2025-07-11,BXCM5776,1,5.0,11559-1502,Lawrence,SP
2025-07-11,BXCM5766,1,5.0,11559-1502,Lawrence,SP
2025-07-11,BXCM2379,2,362.0,37075-1550,Hendersonville,
2025-07-11,BXCM2379,2,362.0,37075-1550,Hendersonville,
2025-07-11,BXCM1655,1,945.0,28451-8806,Leland,B2B
2025-07-11,BXCM5774,1,5.0,41011-2284,Park Hills,SP
2025-07-11,BXCM5755,1,5.0,41011-2284,Park Hills,SP
2025-07-11,BXCM5155,1,554.5,04963,Rome,B2B
2025-07-11,BXCM5761,1,5.0,11570-2407,Rockville Center,SP
2025-07-11,BXCL1408,1,301.5,07416,Franklin,B2B
2025-07-11,BXCM5776,1,5.0,23113-2100,Midlothian,SP
2025-07-11,BXCM5766,1,5.0,23113-2100,Midlothian,SP
2025-07-11,BXCM5157,1,1104.5,06870-2311,Old Greenwich,
2025-07-11,BXCM5778,1,5.0,97365-3732,Newport,SP
2025-07-11,BXCM5754,1,5.0,97365-3732,Newport,SP
2025-07-11,BXCM5779,1,5.0,97365-3732,Newport,SP
2025-07-12,BXCM5157,1,1104.5,30601-4835,Athens,
2025-07-12,BXCM5755,1,5.0,76034,Colleyville,SP
2025-07-12,BXCM4069,1,3667.5,96722-5312,Princeville,B2B
2025-07-12,BXCM5755,1,5.0,28037-6024,Denver,SP
2025-07-12,BXCM5765,1,5.0,28037-6024,Denver,SP
2025-07-12,BXCM5770,1,5.0,28037-6024,Denver,SP
2025-07-12,BXCM1655,1,1165.0,78731-3620,Austin,B2B
2025-07-12,BXCM5755,1,5.0,78731-3620,Austin,SP
2025-07-12,BXCM5776,1,5.0,42633-7838,Monticello,SP
2025-07-12,BXCM5772,1,5.0,42633-7838,Monticello,SP
2025-07-12,BXCM5759,1,5.0,42633-7838,Monticello,SP
2025-07-12,BXCM5774,1,5.0,42633-7838,Monticello,SP
2025-07-12,BXCM5777,1,5.0,42633-7838,Monticello,SP
2025-07-12,BXCM5771,1,5.0,35758-9755,Madison,SP
2025-07-12,BXCM5760,1,5.0,35758-9755,Madison,SP
2025-07-12,BXCM5777,1,5.0,35758-9755,Madison,SP
2025-07-12,BXCM5765,1,5.0,35758-9755,Madison,SP
2025-07-12,BXCM5776,1,5.0,35758-9755,Madison,SP
2025-07-12,BXCM5762,1,5.0,35758-9755,Madison,SP
2025-07-12,BXCM5754,1,5.0,35758-9755,Madison,SP
2025-07-12,BXCM5779,1,5.0,35758-9755,Madison,SP
2025-07-12,BXCM5770,1,5.0,35758-9755,Madison,SP
2025-07-12,BXCM5755,1,5.0,35758-9755,Madison,SP
2025-07-12,BXCM5758,1,5.0,35758-9755,Madison,SP
2025-07-13,BXCM5066,1,312.5,03226-3614,Center Harbor,
2025-07-13,BXCM5760,1,5.0,29464-5328,Mount Pleasant,SP
2025-07-13,BXCM5765,1,5.0,29464-5328,Mount Pleasant,SP
2025-07-13,BXCM5758,1,5.0,29464-5328,Mount Pleasant,SP
2025-07-13,BXCM5755,1,5.0,29464-5328,Mount Pleasant,SP
2025-07-13,BXCM5157,1,1104.5,19073-1128,Newtown Square,B2B
2025-07-13,BXCM5762,1,5.0,21784-5608,Sykesville,SP
2025-07-13,BXCM5763,1,5.0,21784-5608,Sykesville,SP
2025-07-13,BXCM5757,1,5.0,21784-5608,Sykesville,SP
2025-07-13,BXCM5349,1,5.0,28226-8039,Charlotte,SP
2025-07-13,BXCM5157,1,1214.5,N3H 4R7,Cambridge,
2025-07-13,BXCM5774,1,5.0,45226,Cincinnati,SP
2025-07-13,BXCM5768,1,5.0,45226,Cincinnati,SP
2025-07-13,BXCM5755,1,5.0,45226,Cincinnati,SP
2025-07-13,BXCL1150,1,285.0,22124-2812,Oakton,
2025-07-13,BXCM5768,1,5.0,75205-1451,Dallas,SP
2025-07-13,BXCM3777,1,488.5,78701,Austin,
2025-07-13,BXCM1604,1,384.0,10001-7901,New York,
2025-07-13,BXCM1647,1,285.0,10001-7901,New York,
2025-07-13,BXCM5765,1,5.0,75219,Dallas,SP
2025-07-13,BXCM5774,1,5.0,75219,Dallas,SP
2025-07-13,BXCM5776,1,5.0,75219,Dallas,SP
2025-07-13,BXCM5770,1,5.0,75219,Dallas,SP
2025-07-13,BXCM5766,1,5.0,75219,Dallas,SP
2025-07-13,BXCM5779,1,5.0,75219,Dallas,SP
2025-07-13,BXCM5755,1,5.0,75219,Dallas,SP
2025-07-13,BXCM5777,1,5.0,75219,Dallas,SP
2025-07-13,BXCM5758,1,5.0,75219,Dallas,SP
2025-07-13,BXCM5754,1,5.0,75219,Dallas,SP
2025-07-13,BXCM3686,1,917.5,28650-9081,Maiden,
2025-07-13,BXCM5759,1,5.0,30092,PEACHTREE CORNERS,SP
2025-07-13,BXCM5764,1,5.0,30092,PEACHTREE CORNERS,SP
2025-07-13,BXCM5779,1,5.0,30092,PEACHTREE CORNERS,SP
2025-07-13,BXCM5765,1,5.0,30092,PEACHTREE CORNERS,SP
2025-07-13,BXCM5778,1,5.0,30092,PEACHTREE CORNERS,SP
2025-07-13,BXCM5754,1,5.0,30092,PEACHTREE CORNERS,SP
2025-07-13,BXCM5757,1,5.0,30092,PEACHTREE CORNERS,SP
2025-07-13,BXCM5762,1,5.0,30092,PEACHTREE CORNERS,SP
2025-07-13,BXCM5777,1,5.0,30092,PEACHTREE CORNERS,SP
2025-07-13,BXCM5758,1,5.0,30092,PEACHTREE CORNERS,SP
2025-07-13,BXCM5776,1,5.0,27612-4341,Raleigh,SP
2025-07-13,BXCM5758,1,5.0,27612-4341,Raleigh,SP
2025-07-13,BXCM5759,1,5.0,27612-4341,Raleigh,SP
2025-07-13,BXCM5755,1,5.0,27612-4341,Raleigh,SP
2025-07-14,BXCM5776,1,5.0,92037-4834,La Jolla,SP
2025-07-14,BXCM5766,1,5.0,92037-4834,La Jolla,SP
2025-07-14,BXCM5756,1,5.0,92037-4834,La Jolla,SP
2025-07-14,BXCM5762,1,5.0,37771-6847,Lenoir City,SP
2025-07-14,BXCM5769,1,5.0,07901-3733,Summit,SP
2025-07-14,BXCM5766,1,5.0,07901-3733,Summit,SP
2025-07-14,BXCM5756,1,5.0,07901-3733,Summit,SP
2025-07-14,BXCM5776,1,5.0,07901-3733,Summit,SP
2025-07-14,BXCM5760,1,5.0,07901-3733,Summit,SP
2025-07-14,BXCM5776,1,5.0,11720-1366,S Setauket,SP
2025-07-14,BXCM5778,1,5.0,11720-1366,S Setauket,SP
2025-07-14,BXCM5755,1,5.0,01096-9610,Williamsburg,SP
2025-07-14,BXCM5776,1,5.0,11570-2615,rockville centre,SP
2025-07-14,BXCM5766,1,5.0,11570-2615,rockville centre,SP
2025-07-14,BXCM5774,1,5.0,11570-2615,rockville centre,SP
2025-07-14,BXCM5756,1,5.0,11570-2615,rockville centre,SP
2025-07-14,BXCM5768,1,5.0,11570-2615,rockville centre,SP
2025-07-14,BXCL1781,1,851.5,12836-2320,Hague,B2B
2025-07-14,BXCM5767,1,5.0,29615-6724,Greenville,SP
2025-07-14,BXCM5761,1,5.0,29615-6724,Greenville,SP
2025-07-14,BXCM5763,1,5.0,29615-6724,Greenville,SP
2025-07-14,BXCM4536,1,664.5,28512-7211,Atlantic Beach,
2025-07-14,BXCM5776,1,5.0,76262-9301,Roanoke,SP
2025-07-14,BXCM5766,1,5.0,76262-9301,Roanoke,SP
2025-07-14,BXCM5756,1,5.0,76262-9301,Roanoke,SP
2025-07-14,BXCM5776,1,5.0,43221-4112,Upper Arlington,SP
2025-07-14,BXCM5767,1,5.0,43221-4112,Upper Arlington,SP
2025-07-14,BXCL1292,1,1088.0,72404-8870,Jonesboro,B2B
2025-07-14,BXCM5762,1,5.0,77005,Houston,SP
2025-07-14,BXCM5778,1,5.0,77005,Houston,SP
2025-07-14,BXCM5757,1,5.0,77005,Houston,SP
2025-07-14,BXCM5760,1,5.0,33473-5081,Boynton Beach,SP
2025-07-14,BXCM5770,1,5.0,33473-5081,Boynton Beach,SP
2025-07-14,BXCM5767,1,5.0,33473-5081,Boynton Beach,SP
2025-07-14,BXCM5157,1,1104.5,37216-2542,Nashville,
2025-07-14,BXCM5776,1,5.0,32217-4222,Jacksonville,SP
2025-07-14,BXCM5774,1,5.0,32217-4222,Jacksonville,SP
2025-07-14,BXCM5756,1,5.0,32217-4222,Jacksonville,SP
2025-07-14,BXCM4596,1,400.5,60093-1003,Northfield,
2025-07-14,BXCM1782,2,279.5,11222-3705,Brooklyn,B2B
2025-07-14,BXCL1784,2,554.5,30318-2216,Atlanta,
2025-07-15,BXCL1773,1,543.5,95864-5203,Sacramento,
2025-07-15,BXCM5769,1,5.0,46239-7764,Indianapolis,SP
2025-07-15,BXCM5772,1,5.0,46239-7764,Indianapolis,SP
2025-07-15,BXCM5757,1,5.0,46239-7764,Indianapolis,SP
2025-07-15,BXCM5157,1,1214.5,45229-1430,Cincinnati,B2B
2025-07-15,BXCL1740,1,972.5,11932,Bridgehampton,
2025-07-15,BXCM1784,1,422.5,20705-1731,Beltsville,B2B
2025-07-15,BXCL1609,1,422.5,27886-3874,Tarboro,
2025-07-15,BXCM5149,1,367.5,02633-1935,Chatham,
2025-07-15,BXCM5777,1,5.0,20002-7467,Washington,SP
2025-07-15,BXCM5411,1,296.0,73116-4116,Nichols Hills,
2025-07-15,BXCM5759,1,5.0,37205-2813,Nashville,SP
2025-07-15,BXCM5756,1,5.0,37205-2813,Nashville,SP
2025-07-15,BXCM3765,1,994.5,84009-6216,South Jordan,
2025-07-15,BXCM5157,1,774.5,79720-6150,Big Spring,B2B
2025-07-16,BXCM5778,1,5.0,14526-9528,Penfield,SP
2025-07-16,BXCM5758,1,5.0,14526-9528,Penfield,SP
2025-07-16,BXCM5779,1,5.0,14526-9528,Penfield,SP
2025-07-16,BXCM5157,1,1214.5,23508-1148,Norfolk,
2025-07-16,BXCM1604,1,384.0,99223-6626,Spokane,
2025-07-16,BXCM5349,1,5.0,33308-2409,Fort Lauderdale,SP
2025-07-16,BXCL1488,1,461.0,63088,Valley Park,
2025-07-16,BXCL1487,1,780.0,63088,Valley Park,
2025-07-16,BXCM1653,1,1203.5,33408-3725,North Palm Beach,B2B
2025-07-16,BXCM4244,1,576.5,80109-4728,Castle Rock,
2025-07-16,BXCM5776,1,5.0,33908-9238,Fort Myers,SP
2025-07-16,BXCM5766,1,5.0,33908-9238,Fort Myers,SP
2025-07-16,BXCM5761,1,5.0,33908-9238,Fort Myers,SP
2025-07-16,BXCM5773,1,5.0,33908-9238,Fort Myers,SP
2025-07-16,BXCM5771,1,5.0,33908-9238,Fort Myers,SP
2025-07-16,BXCM5769,1,5.0,33908-9238,Fort Myers,SP
2025-07-16,BXCM1606,1,395.0,27407-6103,Greensboro,
2025-07-16,BXCL1145,1,202.5,32159,The Villages,
2025-07-17,BXCM5157,1,1104.5,21561-2431,Swanton,B2B
2025-07-17,BXCM5758,1,5.0,93103,Santa Barbara,SP
2025-07-17,BXCM5765,1,5.0,08226-4323,Ocean City,SP
2025-07-17,BXCM5777,1,5.0,08226-4323,Ocean City,SP
2025-07-17,BXCM5764,1,5.0,08226-4323,Ocean City,SP
2025-07-17,BXCM5776,1,5.0,08226-4323,Ocean City,SP
2025-07-17,BXCM5759,1,5.0,08226-4323,Ocean City,SP
2025-07-17,BXCM5349,1,5.0,84093-6202,Sandy,SP
2025-07-17,BXCM5774,1,5.0,31309,Fleming,SP
2025-07-17,BXCM5768,1,5.0,31309,Fleming,SP
2025-07-17,BXCM5756,1,5.0,31309,Fleming,SP
2025-07-17,BXCM1806,1,246.5,90402-2909,Santa Monica,
2025-07-17,BXCM5772,1,5.0,44106,Cleveland Heights,SP
2025-07-17,BXCM5759,1,5.0,44106,Cleveland Heights,SP
2025-07-17,BXCM3777,1,422.5,12211-1425,Albany,B2B
2025-07-17,BXCM5763,1,5.0,94061-2500,Redwood City,SP
2025-07-17,BXCM5762,1,5.0,94061-2500,Redwood City,SP
2025-07-17,BXCM5767,1,5.0,94061-2500,Redwood City,SP
2025-07-17,BXCM5757,1,5.0,94061-2500,Redwood City,SP
2025-07-17,BXCM5009,1,719.5,31008-9583,Byron,
2025-07-17,BXCM1667,1,417.0,02043,Hingham,
2025-07-17,BXCM4486,1,433.5,34211-9496,Bradenton,B2B
2025-07-17,BXCL1551,1,972.5,95747,Roseville,
2025-07-17,BXCL1562,1,378.5,95747,Roseville,
2025-07-17,BXCM3777,1,400.5,02540-1604,Falmouth,
2025-07-17,BXCM5774,1,5.0,02646-1300,Harwich Port,SP
2025-07-17,BXCM5756,1,5.0,02646-1300,Harwich Port,SP
2025-07-17,BXCM5768,1,5.0,02650,North Chatham,SP
2025-07-17,BXCM5776,1,5.0,02650,North Chatham,SP
2025-07-17,BXCM5774,1,5.0,02650,North Chatham,SP
2025-07-17,BXCM5755,1,5.0,08205-3015,Galloway,SP
2025-07-17,BXCL1487,1,780.0,34786-5832,Windermere,
2025-07-17,BXCL1488,1,461.0,34786-5832,Windermere,
2025-07-17,BXCM5157,1,1104.5,78758-4944,austin,B2B
2025-07-17,BXCM5761,1,5.0,07458-1771,Upper Saddle River,SP
2025-07-18,BXCM3934,1,1082.5,78610-5081,Buda,
2025-07-18,BXCM5776,1,5.0,43452-3100,Port Clinton,SP
2025-07-18,BXCM5778,1,5.0,43452-3100,Port Clinton,SP
2025-07-18,BXCM5762,1,5.0,33957-5106,Sanibel,SP
2025-07-18,BXCM5778,1,5.0,33957-5106,Sanibel,SP
2025-07-18,BXCM3765,1,1126.5,04843-4116,Camden,
2025-07-18,BXCM5757,1,5.0,33480-4301,Palm Beach,SP
2025-07-18,BXCM5778,1,5.0,21093-3604,Lutherville-Timonium,SP
2025-07-18,BXCM5756,1,5.0,21093-3604,Lutherville-Timonium,SP
2025-07-18,BXCM5762,1,5.0,21093-3604,Lutherville-Timonium,SP
2025-07-18,BXCM5766,1,5.0,21093-3604,Lutherville-Timonium,SP
2025-07-18,BXCM5757,1,5.0,21093-3604,Lutherville-Timonium,SP
2025-07-18,BXCM4266,4,1104.5,33178-2508,Medley,B2B
2025-07-18,BXCM5155,1,444.5,34228-1119,Longboat Key,
2025-07-18,BXCM5777,1,5.0,37604-8320,Johnson City,SP
2025-07-18,BXCM5776,1,5.0,37604-8320,Johnson City,SP
2025-07-18,BXCM5755,1,5.0,37604-8320,Johnson City,SP
2025-07-18,BXCM5776,1,5.0,02210,Boston,SP
2025-07-18,BXCM4528,1,202.5,84081-6150,West Jordan,B2B
2025-07-18,BXCM5765,1,5.0,70115,New Orleans,SP
2025-07-18,BXCM5776,1,5.0,70115,New Orleans,SP
2025-07-18,BXCM5764,1,5.0,70115,New Orleans,SP
2025-07-18,BXCM5758,1,5.0,02482-7018,Wellesley,SP
2025-07-18,BXCM5772,1,5.0,02482-7018,Wellesley,SP
2025-07-18,BXCM5764,1,5.0,02482-7018,Wellesley,SP
2025-07-18,BXCM1784,1,422.5,28465,Oak Island,B2B
2025-07-18,BXCM4487,2,499.5,33703-3103,St Petersburg,B2B
2025-07-18,BXCM5349,1,5.0,87505-6710,Santa Fe,SP
2025-07-19,BXCM5713,1,505.0,32904-5129,West Melbourne,B2B
2025-07-19,BXCM3765,1,994.5,01266,Stockbridge,
2025-07-19,BXCL1292,1,1088.0,48746,Millington,
2025-07-19,BXCM5009,1,719.5,48746,Millington,
2025-07-19,BXCM5520,1,296.0,48746,Millington,
2025-07-19,BXCM5762,1,5.0,36532-7250,Fairhope,SP
2025-07-19,BXCM5769,1,5.0,36532-7250,Fairhope,SP
2025-07-19,BXCM5767,1,5.0,36532-7250,Fairhope,SP
2025-07-19,BXCM5757,1,5.0,36532-7250,Fairhope,SP
2025-07-19,BXCM5776,1,5.0,03874-4929,Seabrook,SP
2025-07-19,BXCM5766,1,5.0,03874-4929,Seabrook,SP
2025-07-19,BXCM5756,1,5.0,03874-4929,Seabrook,SP
2025-07-19,BXCM5779,1,5.0,03874-4929,Seabrook,SP
2025-07-19,BXCM5758,1,5.0,03874-4929,Seabrook,SP
2025-07-19,BXCM5769,1,5.0,14526-9528,Penfield,SP
2025-07-19,BXCM5776,1,5.0,14526-9528,Penfield,SP
2025-07-19,BXCL1145,1,202.5,40502-2744,Lexington,
2025-07-19,BXCM5758,1,5.0,06831-2639,Greenwich,SP
2025-07-19,BXCM5754,1,5.0,06831-2639,Greenwich,SP
2025-07-19,BXCM5777,1,5.0,49316,Caledonia,SP
2025-07-19,BXCM5758,1,5.0,49316,Caledonia,SP
2025-07-19,BXCM5756,1,5.0,49316,Caledonia,SP
2025-07-19,BXCM5772,1,5.0,49316,Caledonia,SP
2025-07-19,BXCM5776,1,5.0,10038-4878,New York,SP
2025-07-19,BXCM5367,1,5.0,76262-4941,Keller,SP
2025-07-19,BXCM5349,1,5.0,76262-4941,Keller,SP
2025-07-19,BXCM5769,1,5.0,60062-3541,Northbrook,SP
2025-07-19,BXCM1655,1,1165.0,30319-1073,Atlanta,
2025-07-19,BXCM1657,2,422.5,30319-1073,Atlanta,
2025-07-19,BXCM5776,1,5.0,30319-1073,Atlanta,SP
2025-07-19,BXCM1822,1,290.5,02906,PROVIDENCE,
2025-07-19,BXCM5778,1,5.0,06820,Darien,SP
2025-07-19,BXCM5769,1,5.0,06820,Darien,SP
2025-07-19,BXCM5754,1,5.0,06820,Darien,SP
2025-07-19,BXCM5765,1,5.0,06820,Darien,SP
2025-07-19,BXCM5770,1,5.0,06820,Darien,SP
2025-07-19,BXCL1175,1,428.0,43551-3426,Perrysburg,
2025-07-19,BXCL1727,2,516.0,33957-5929,Sanibel,
2025-07-19,BXCL1150,1,285.0,33756-1924,Belleair,
2025-07-19,BXCL1149,2,246.5,33756-1924,Belleair,
2025-07-19,BXCM4486,2,433.5,75205-1620,Dallas,
2025-07-19,BXCM5777,1,5.0,21227-3900,Baltimore,SP
2025-07-19,BXCM5774,1,5.0,21227-3900,Baltimore,SP
2025-07-19,BXCM5776,1,5.0,76016,Arlington,SP
2025-07-19,BXCM5157,1,1214.5,33326,Weston,
2025-07-19,BXCM5776,1,5.0,97229-2633,Portland,SP
2025-07-19,BXCM5756,1,5.0,97229-2633,Portland,SP
2025-07-20,BXCM5157,1,1214.5,33326,Weston,
2025-07-20,BXCM5769,1,5.0,30022,Alpharetta,SP
2025-07-20,BXCM5776,1,5.0,30022,Alpharetta,SP
2025-07-20,BXCM5766,1,5.0,30022,Alpharetta,SP
2025-07-20,BXCM5755,1,5.0,30022,Alpharetta,SP
2025-07-20,BXCM5778,1,5.0,28203-5610,Charlotte,SP
2025-07-20,BXCL1645,2,884.5,10901-7428,Suffern,
2025-07-20,BXCM5772,1,5.0,32082-3522,Ponte Vedra Beach,SP
2025-07-20,BXCM5756,1,5.0,32082-3522,Ponte Vedra Beach,SP
2025-07-20,BXCM5779,1,5.0,32082-3522,Ponte Vedra Beach,SP
2025-07-20,BXCM5766,1,5.0,32082-3522,Ponte Vedra Beach,SP
2025-07-20,BXCM5769,1,5.0,32082-3522,Ponte Vedra Beach,SP
2025-07-20,BXCM1656,1,241.0,02744-2030,New Bedford,
2025-07-20,BXCM5769,1,5.0,01921-1800,Boxford,SP
2025-07-20,BXCM5777,1,5.0,01921-1800,Boxford,SP
2025-07-20,BXCM5774,1,5.0,01921-1800,Boxford,SP
2025-07-20,BXCL1781,1,851.5,75071,McKinney,
2025-07-20,BXCM5155,1,444.5,75071,McKinney,
2025-07-20,BXCM4486,1,433.5,34109,Naples,
2025-07-20,BXCM5157,1,1214.5,30040-3828,Cumming,
2025-07-20,BXCM5157,1,1214.5,10069-0702,New York,
2025-07-20,BXCM3690,1,642.5,21921-7624,Elkton,
2025-07-20,BXCL1102,1,458.93,49306-9637,Belmont,
2025-07-20,BXCM4590,1,1176.0,34972-8285,Okeechobee,
2025-07-21,BXCM4534,1,1137.5,29439,Folly Beach,
2025-07-21,BXCL1685,2,208.0,29439,Folly Beach,
2025-07-21,BXCL1684,2,252.0,29439,Folly Beach,
2025-07-21,BXCM5157,1,1214.5,90066-3515,Los Angeles,
2025-07-21,BXCM5777,1,5.0,30033,Decatur,SP
2025-07-21,BXCM5768,1,5.0,46311-2940,Dyer,SP
2025-07-21,BXCM5755,1,5.0,46311-2940,Dyer,SP
2025-07-21,BXCM5769,1,5.0,29412-8048,Charleston,SP
2025-07-21,BXCM5776,1,5.0,29412-8048,Charleston,SP
2025-07-21,BXCM5771,1,5.0,49684,Traverse City,SP
2025-07-21,BXCM5763,1,5.0,49684,Traverse City,SP
2025-07-21,BXCM5760,1,5.0,49684,Traverse City,SP
2025-07-21,BXCM5761,1,5.0,49684,Traverse City,SP
2025-07-21,BXCM5766,1,5.0,49684,Traverse City,SP
2025-07-21,BXCM5777,1,5.0,49684,Traverse City,SP
2025-07-21,BXCM5765,1,5.0,49684,Traverse City,SP
2025-07-21,BXCM5767,1,5.0,49684,Traverse City,SP
2025-07-21,BXCM5758,1,5.0,49684,Traverse City,SP
2025-07-21,BXCM5759,1,5.0,49684,Traverse City,SP
2025-07-21,BXCM4256,1,906.5,26209,Snowshoe,B2B
2025-07-21,BXCM4296,1,1396.0,26209,Snowshoe,B2B
2025-07-21,BXCM3934,1,1126.5,34242-1427,Siesta Key,B2B
2025-07-21,BXCM3779,2,351.0,33919-3120,Fort Myers,
2025-07-21,BXCL1656,1,1231.0,63122-5536,kirkwood,
2025-07-21,BXCM5769,1,5.0,33473-5081,Boynton Beach,SP
2025-07-21,BXCM5757,1,5.0,33473-5081,Boynton Beach,SP
2025-07-21,BXCM1782,2,279.5,46635-1775,South Bend,B2B
2025-07-21,BXCM5778,1,5.0,43064-3673,Plain City,SP
2025-07-21,BXCM1650,1,697.5,37205-3614,NASHVILLE,
2025-07-21,BXCM4534,1,1137.5,02492-2776,Needham,
2025-07-21,BXCM5768,1,5.0,97702-2996,Bend,SP
2025-07-21,BXCM1634,1,268.5,06820-3325,Darien,B2B
2025-07-21,BXCM1634,1,268.5,06820-3325,Darien,B2B
2025-07-21,BXCM1634,6,268.5,06820-3325,Darien,B2B
2025-07-21,BXCL1753,2,444.5,60605-1816,Chicago,
2025-07-21,BXCM5153,1,550.0,02659-1625,South Chatham,
2025-07-21,BXCM5758,1,5.0,06870-1705,Old Greenwich,SP
2025-07-21,BXCM5759,1,5.0,06870-1705,Old Greenwich,SP
2025-07-21,BXCM5776,1,5.0,06870-1705,Old Greenwich,SP
2025-07-21,BXCM5770,1,5.0,39571,Pass Christian,SP
2025-07-21,BXCM5774,1,5.0,39571,Pass Christian,SP
2025-07-21,BXCM5777,1,5.0,39571,Pass Christian,SP
2025-07-21,BXCM4073,1,1324.5,98370-9318,Poulsbo,
2025-07-21,BXCM5769,1,5.0,76262-9301,Roanoke,SP
2025-07-21,BXCM5777,1,5.0,76262-9301,Roanoke,SP
2025-07-21,BXCM5757,1,5.0,76262-9301,Roanoke,SP
2025-07-22,BXCM5773,1,5.0,06443-2417,Madison,SP
2025-07-22,BXCM3686,1,917.5,02025-1936,Cohasset,B2B
2025-07-22,BXCM1665,6,268.5,92129-3013,San Diego,
2025-07-22,BXCM5776,1,5.0,02053-1352,Medway,SP
2025-07-22,BXCM5762,1,5.0,02053-1352,Medway,SP
2025-07-22,BXCM5774,1,5.0,02053-1352,Medway,SP
2025-07-22,BXCM5157,1,1104.5,10024-6533,New York,
2025-07-22,BXCM5349,1,5.0,33308-7617,Fort Lauderdale,SP
2025-07-22,BXCM3690,1,642.5,90046-2618,Los Angeles,
2025-07-22,BXCM5776,1,5.0,34119-8617,Naples,SP
2025-07-22,BXCM5769,1,5.0,34119-8617,Naples,SP
2025-07-22,BXCM5778,1,5.0,34119-8617,Naples,SP
2025-07-22,BXCM5777,1,5.0,34119-8617,Naples,SP
2025-07-22,BXCM5756,1,5.0,34119-8617,Naples,SP
2025-07-22,BXCM5762,1,5.0,34119-8617,Naples,SP
2025-07-22,BXCM5758,1,5.0,34119-8617,Naples,SP
2025-07-22,BXCM5766,1,5.0,34119-8617,Naples,SP
2025-07-22,BXCM5777,1,5.0,33483-6813,Delray Beach,SP
2025-07-22,BXCL1556,1,994.5,32934-8513,Melbourne,
2025-07-22,BXCM1667,1,417.0,10023-6548,NEW YORK,
2025-07-22,BXCM5758,1,5.0,53144-3331,Kenosha,SP
2025-07-22,BXCM5157,1,1104.5,23188-9339,Williamsburg,
2025-07-22,BXCM5769,1,5.0,60610,CHICAGO,SP
2025-07-22,BXCM5776,1,5.0,60610,CHICAGO,SP
2025-07-22,BXCM5351,1,5.0,49546-2269,Grand Rapids,SP
2025-07-22,BXCM5349,1,5.0,49546-2269,Grand Rapids,SP
2025-07-22,BXCM5764,1,5.0,94062-1954,Redwood City,SP
2025-07-22,BXCM5777,1,5.0,94062-1954,Redwood City,SP
2025-07-22,BXCM5759,1,5.0,94062-1954,Redwood City,SP
2025-07-22,BXCM5776,1,5.0,37072-3507,Goodlettsville,SP
2025-07-22,BXCM5766,1,5.0,37072-3507,Goodlettsville,SP
2025-07-22,BXCM5756,1,5.0,37072-3507,Goodlettsville,SP
2025-07-22,BXCM4596,2,433.5,33921,Boca Grande,B2B
2025-07-22,BXCM5763,1,5.0,20815-5026,Chevy Chase,SP
2025-07-22,BXCM5762,1,5.0,20815-5026,Chevy Chase,SP
2025-07-22,BXCM5767,1,5.0,20815-5026,Chevy Chase,SP
2025-07-22,BXCM5757,1,5.0,20815-5026,Chevy Chase,SP
2025-07-22,BXCM3765,1,994.5,68031-2161,Hooper,
2025-07-22,BXCL1487,1,873.5,59068-9309,Red Lodge,
2025-07-22,BXCM5422,2,428.0,38655,Oxford,B2B
2025-07-22,BXCM5157,1,1104.5,30263-1967,Newnan,
2025-07-22,BXCM5157,1,1214.5,63124-1748,St Louis,
2025-07-22,BXCM1616,1,587.5,02646,Harwich Port,
2025-07-22,BXCM5778,1,5.0,98908-1057,Yakima,SP
2025-07-22,BXCM5762,1,5.0,98908-1057,Yakima,SP
2025-07-22,BXCM5157,1,1104.5,75225-5010,Dallas,
2025-09-17,BXCM5755,1,5.0,77706-4316,Beaumont,SP
2025-09-17,BXCM5766,1,5.0,77706-4316,Beaumont,SP
2025-09-17,BXCM5698,2,218.0,21113-2645,Odenton,
2025-09-17,BXCM5157,1,1214.5,92037-3014,La Jolla,
2025-09-17,BXCM3765,1,994.5,29625-6806,Anderson,
2025-09-17,BXCM5157,1,1214.5,02476-6407,Arlington,
2025-09-17,BXCM3765,1,994.5,02476-6407,Arlington,
2025-09-17,BXCM1666,1,285.0,32459-6621,Santa Rosa Beach,
2025-09-17,BXCM1656,1,241.0,33976-2231,Lehigh Acres,
2025-09-17,BXCM4494,1,1214.5,37128-3806,Murfreesboro,B2B
2025-09-17,BXCM5157,1,1214.5,70121-1124,New Orleans,B2B
2025-09-17,BXCM5754,1,5.0,92374-3948,Redlands,SP
2025-09-17,BXCM5757,1,5.0,92374-3948,Redlands,SP
2025-09-17,BXCM5764,1,5.0,92374-3948,Redlands,SP
2025-09-17,BXCM5761,1,5.0,92374-3948,Redlands,SP
2025-09-17,BXCM5760,1,5.0,92374-3948,Redlands,SP
2025-09-17,BXCM5770,1,5.0,92374-3948,Redlands,SP
2025-09-17,BXCM3765,1,994.5,77845-8927,College Station,B2B
2025-09-17,BXCM1633,1,318.0,06824-3822,Fairfield,B2B
2025-09-17,BXCM1633,1,290.5,93923-9526,Carmel,
2025-09-17,BXCM5758,1,5.0,02066,Scituate,SP
2025-09-17,BXCM5778,1,5.0,02066,Scituate,SP
2025-09-17,BXCM5779,1,5.0,02066,Scituate,SP
2025-09-17,BXCM5754,1,5.0,02066,Scituate,SP
2025-09-17,BXCM4490,1,384.0,76110-1106,Fort Worth,B2B
2025-09-17,BXCL1511,1,840.5,30223-7294,Griffin,
2025-09-17,BXCM5416,2,807.5,30223-7294,Griffin,
2025-09-18,BXCM3765,1,1126.5,19333-1814,Devon,
2025-09-18,BXCM1783,1,367.5,10011-1347,New York,
2025-09-18,BXCM1655,1,1165.0,23456-4644,Virginia Beach,B2B
2025-09-18,BXCM3765,1,994.5,23456-4644,Virginia Beach,B2B
2025-09-18,BXCM1617,1,884.5,33703-5301,Saint Petersburg,
2025-09-18,BXCM5775,1,5.0,78155-5827,Seguin,SP
2025-09-18,BXCM5766,1,5.0,78155-5827,Seguin,SP
2025-09-18,BXCM5756,1,5.0,78155-5827,Seguin,SP
2025-09-18,BXCM5776,1,5.0,78155-5827,Seguin,SP
2025-09-18,BXCM5373,1,5.0,06830-6927,Greenwich,SP
2025-09-18,BXCM1669,6,246.5,07416,Franklin,B2B
2025-09-18,BXCM5157,1,1214.5,36604-2506,Mobile,B2B
2025-09-18,BXCM5756,1,5.0,32095-7461,St Augustine,SP
2025-09-18,BXCM1657,2,444.5,33957-2425,Sanibel,
2025-09-18,BXCM1653,1,1203.5,33957-2425,Sanibel,
2025-09-18,BXCL1161,1,466.5,02025-1427,Cohasset,
2025-09-18,BXCM5157,1,1214.5,29611-7953,Greenville,B2B
2025-09-18,BXCM5768,1,5.0,91207-1013,Glendale,SP
2025-09-18,BXCM5767,1,5.0,91207-1013,Glendale,SP
2025-09-18,BXCM5766,1,5.0,91207-1013,Glendale,SP
2025-09-18,BXCM3765,1,1126.5,94941-1778,Mill Valley,
2025-09-18,BXCM5043,1,0.0,90024-2512,Los Angeles,SP
2025-09-18,BXCM5363,1,5.0,90024-2512,Los Angeles,SP
2025-09-18,BXCM3649,1,0.0,90024-2512,Los Angeles,SP
2025-09-19,BXCM5717,1,829.5,37209-3924,Nashville,
2025-09-19,BXCM5483,1,1236.5,75204-1786,Dallas,
2025-09-19,BXCM5133,1,555.0,10305-3736,Staten Island,
2025-09-19,BXCM5759,1,5.0,20007-1052,Washington,SP
2025-09-19,BXCM5776,1,5.0,20007-1052,Washington,SP
2025-09-19,BXCM5772,1,5.0,20007-1052,Washington,SP
2025-09-19,BXCM1634,1,290.5,02052-1528,Medfield,B2B
2025-09-19,BXCM5776,1,5.0,92067,Rancho Santa Fe,SP
2025-09-19,BXCM5754,1,5.0,92067,Rancho Santa Fe,SP
2025-09-19,BXCM5779,1,5.0,92067,Rancho Santa Fe,SP
2025-09-19,BXCM5758,1,5.0,92067,Rancho Santa Fe,SP
2025-09-19,BXCM4528,1,202.5,07762,Spring Lake,
2025-09-19,BXCM5141,1,555.0,28314-2630,Fayetteville,
2025-09-19,BXCM5771,1,5.0,34238-8516,Sarasota,SP
2025-09-19,BXCM1656,1,241.0,32082-4202,Ponte Vedra Beach,B2B
2025-09-19,BXCM5710,1,1104.5,78006-3497,Boerne,
2025-09-19,BXCM3958,1,395.0,90064-4616,Los Angeles,
2025-09-19,BXCM5759,1,5.0,76107-4701,Fort Worth,SP
2025-09-19,BXCM5772,1,5.0,76107-4701,Fort Worth,SP
2025-09-19,BXCM5777,1,5.0,76107-4701,Fort Worth,SP
2025-09-19,BXCM5760,1,5.0,75094-3912,Murphy,SP
2025-09-19,BXCM3765,2,796.5,35213-3810,Mountain Brk,B2B
2025-09-19,BXCM4787,1,1869.0,80220-1524,Denver,
2025-09-19,BXCM4487,1,499.5,32955-5115,Viera,B2B
2025-09-19,BXCM4282,2,389.5,81416-6701,Delta,B2B
2025-09-19,BXCL1641,1,972.5,34442-3160,Hernando,B2B
2025-09-19,BXCM4493,1,697.5,77042-2031,Houston,B2B
2025-09-19,BXCM5147,4,202.5,27617-7940,Raleigh,
2025-09-19,BXCM4494,1,1214.5,33487,Boca Raton,
2025-09-19,BXCM1633,2,312.5,34109-0357,Naples,
2025-09-20,BXCM5779,1,5.0,03894-4323,Wolfeboro,SP
2025-09-20,BXCM5754,1,5.0,03894-4323,Wolfeboro,SP
2025-09-20,BXCM5758,1,5.0,03894-4323,Wolfeboro,SP
2025-09-20,BXCM5353,1,5.0,12545,Millbrook,SP
2025-09-20,BXCM3779,1,307.0,98223-9625,Arlington,
2025-09-20,BXCM5762,1,5.0,53211-1243,Whitefish Bay,SP
2025-09-20,BXCM5766,1,5.0,53211-1243,Whitefish Bay,SP
2025-09-20,BXCM5769,1,5.0,53211-1243,Whitefish Bay,SP
2025-09-20,BXCM5768,1,5.0,53211-1243,Whitefish Bay,SP
2025-09-20,BXCL1725,2,257.5,22602-2309,Winchester,
2025-09-20,BXCL1727,1,483.0,22602-2309,Winchester,
2025-09-20,BXCL1727,1,483.0,22602-2309,Winchester,
2025-09-20,BXCM3765,1,1126.5,01930-1432,Gloucester,B2B
2025-09-20,BXCM4608,1,813.0,38117-4339,Memphis,
2025-09-20,BXCM5773,1,5.0,63124-1057,St Louis,SP
2025-09-20,BXCM5763,1,5.0,63124-1057,St Louis,SP
2025-09-20,BXCM5761,1,5.0,63124-1057,St Louis,SP
2025-09-20,BXCM5768,1,5.0,63124-1057,St Louis,SP
2025-09-20,BXCM5757,1,5.0,75225-5010,Dallas,SP
2025-09-20,BXCM5762,1,5.0,75225-5010,Dallas,SP
2025-09-20,BXCM5754,1,5.0,75225-5010,Dallas,SP
2025-09-20,BXCM5758,1,5.0,75225-5010,Dallas,SP
2025-09-20,BXCM5779,1,5.0,75225-5010,Dallas,SP
2025-09-20,BXCM5778,1,5.0,75225-5010,Dallas,SP
2025-09-20,BXCM5759,1,5.0,75225-5010,Dallas,SP
2025-09-20,BXCM5776,1,5.0,02882-3368,Narragansett,SP
2025-09-20,BXCM5776,1,5.0,75078-2969,Prosper,SP
2025-09-20,BXCM5772,1,5.0,75078-2969,Prosper,SP
2025-09-20,BXCM1656,1,241.0,50501,Fort Dodge,
2025-09-20,BXCL1641,1,1093.5,48230-1211,Grosse Pointe,
2025-09-20,BXCM1651,1,1143.0,27587-3334,Wake Forest,B2B
2025-09-21,BXCM4490,1,428.0,20816-1817,Bethesda,B2B
2025-09-21,BXCM5769,1,5.0,37160-7116,Shelbyville,SP
2025-09-21,BXCM5761,1,5.0,37160-7116,Shelbyville,SP
2025-09-21,BXCM5763,1,5.0,37160-7116,Shelbyville,SP
2025-09-21,BXCM5764,1,5.0,37160-7116,Shelbyville,SP
2025-09-21,BXCM5757,1,5.0,37160-7116,Shelbyville,SP
2025-09-21,BXCM5773,1,5.0,55105,Saint Paul,SP
2025-09-21,BXCM5635,1,648.0,90245-2006,El Segundo,
2025-09-21,BXCM5761,1,5.0,11743-9721,Lloyd Harbor,SP
2025-09-21,BXCM5760,1,5.0,11743-9721,Lloyd Harbor,SP
2025-09-21,BXCM5770,1,5.0,11743-9721,Lloyd Harbor,SP
2025-09-21,BXCM5778,1,5.0,77079-7139,Houston,SP
2025-09-21,BXCM5767,1,5.0,33157-7923,Miami,SP
2025-09-21,BXCM5774,1,5.0,33157-7923,Miami,SP
2025-09-21,BXCM5755,1,5.0,33157-7923,Miami,SP
2025-09-21,BXCM5773,1,5.0,33157-7923,Miami,SP
2025-09-21,BXCM5769,1,5.0,33157-7923,Miami,SP
2025-09-21,BXCM5766,1,5.0,33157-7923,Miami,SP
2025-09-21,BXCM5768,1,5.0,33157-7923,Miami,SP
2025-09-21,BXCM5157,1,1214.5,66085-9141,Stilwell,
2025-09-21,BXCM5763,1,5.0,34609-5100,Spring Hill,SP
2025-09-21,BXCM5767,1,5.0,34609-5100,Spring Hill,SP
2025-09-21,BXCM1667,1,488.5,33483-5965,Delray Beach,
2025-09-21,BXCM5778,1,5.0,77845-2043,College Station,SP
2025-09-21,BXCM5754,1,5.0,77845-2043,College Station,SP
2025-09-21,BXCM3765,1,1126.5,37209-4944,Nashville,
2025-09-22,BXCM3765,1,1126.5,20002,Washington,
2025-09-22,BXCL1556,1,950.5,22308-2034,Alexandria,
2025-09-22,BXCM5777,1,5.0,27858-3704,Greenville,SP
2025-09-22,BXCM5779,1,5.0,27858-3704,Greenville,SP
2025-09-22,BXCM5758,1,5.0,27858-3704,Greenville,SP
2025-09-22,BXCM5373,1,5.0,30339,Atlanta,SP
2025-09-22,BXCM5753,1,5.0,30339,Atlanta,SP
2025-09-22,BXCM5367,1,5.0,30339,Atlanta,SP
2025-09-22,BXCM5778,1,5.0,34471-1085,Ocala,SP
2025-09-22,BXCM5762,1,5.0,14612,Rochester,SP
2025-09-22,BXCM5763,1,5.0,14612,Rochester,SP
2025-09-22,BXCM5757,1,5.0,14612,Rochester,SP
2025-09-22,BXCM5767,1,5.0,14612,Rochester,SP
2025-09-22,BXCM5353,1,5.0,11771-2704,Oyster Bay,SP
2025-09-22,BXCM5757,1,5.0,60093-3940,Winnetka,SP
2025-09-22,BXCM5776,1,5.0,60093-3940,Winnetka,SP
2025-09-22,BXCM5766,1,5.0,60093-3940,Winnetka,SP
2025-09-22,BXCM5769,1,5.0,60093-3940,Winnetka,SP
2025-09-22,BXCM5763,1,5.0,07830-3310,Califon,SP
2025-09-22,BXCM5762,1,5.0,07830-3310,Califon,SP
2025-09-22,BXCM5767,1,5.0,07830-3310,Califon,SP
2025-09-22,BXCM5774,1,5.0,06831-3356,Greenwich,SP
2025-09-22,BXCM5768,1,5.0,06831-3356,Greenwich,SP
2025-09-22,BXCM3690,1,642.5,92064,Poway,
2025-09-22,BXCM3690,1,642.5,77008-2555,Houston,B2B
2025-09-22,BXCM5157,1,1214.5,11980-9742,Yaphank,
2025-09-22,BXCM4489,1,1242.0,04660-6516,Mount Desert,
2025-09-22,BXCM5777,1,5.0,29405,North Charleston,SP
2025-09-22,BXCM5758,1,5.0,29405,North Charleston,SP
2025-09-22,BXCM1656,1,241.0,34202,Lakewood Ranch,B2B
2025-09-22,BXCM4486,2,422.5,20816-1817,Bethesda,
2025-09-22,BXCM1784,1,422.5,29611-5352,Greenville,
2025-09-22,BXCM5759,1,5.0,29605-3029,Greenville,SP
2025-09-22,BXCM5772,1,5.0,29605-3029,Greenville,SP
2025-09-22,BXCM5763,1,5.0,29605-3029,Greenville,SP
2025-09-22,BXCM5157,1,1104.5,38139,Germantown,
2025-09-22,BXCM4525,1,268.5,33154-1451,Bal Harbour,
2025-09-23,BXCM5134,1,425.0,98831-9473,manson,B2B
2025-09-23,BXCM4244,1,615.0,62049-1037,Hillsboro,
2025-09-23,BXCM5774,1,5.0,29585-6175,Pawleys Island,SP
2025-09-23,BXCM1652,1,1022.0,78373-4030,Port Aransas,B2B
2025-09-23,BXCM1655,1,1165.0,78373-4030,Port Aransas,B2B
2025-09-23,BXCM1657,2,444.5,78249-2079,Shavano Park,B2B
2025-09-23,BXCM5157,1,1214.5,24503-1141,Lynchburg,
2025-09-23,BXCL1781,1,851.5,10520-3710,Croton-on-Hudson,B2B
2025-09-23,BXCM5157,2,774.5,75069-9534,Fairview,
2025-09-23,BXCM1633,2,312.5,37027-7869,Brentwood,B2B
2025-09-23,BXCM4265,1,752.5,55328-5323,delano,
2025-09-23,BXCM1782,1,279.5,07450-2915,Ridgewood,B2B
2025-09-23,BXCM5157,1,1104.5,19808-3651,Wilmington,B2B
2025-09-23,BXCM3765,1,994.5,22031-2727,Fairfax,
2025-09-23,BXCM5772,1,5.0,68069-4654,Waterloo,SP
2025-09-23,BXCM5776,1,5.0,68069-4654,Waterloo,SP
2025-09-23,BXCM5777,1,5.0,68069-4654,Waterloo,SP
2025-09-23,BXCM5759,1,5.0,68069-4654,Waterloo,SP
2025-09-23,BXCL1766,1,1176.0,92127-2306,San Diego,B2B
2025-09-23,BXCM1666,2,318.0,80007,Arvada,B2B
2025-09-23,BXCM5759,1,5.0,02459-2849,Newton,SP
2025-09-23,BXCM5772,1,5.0,02459-2849,Newton,SP
2025-09-23,BXCM5756,1,5.0,02459-2849,Newton,SP
2025-09-23,BXCM5776,1,5.0,02459-2849,Newton,SP
2025-09-23,BXCL1150,1,285.0,92660-5422,Newport Beach,B2B
2025-09-23,BXCL1149,1,246.5,92660-5422,Newport Beach,B2B
2025-09-23,BXCM5762,1,5.0,75230-1726,Dallas,SP
2025-09-23,BXCM5757,1,5.0,75230-1726,Dallas,SP
2025-09-23,BXCM5771,1,5.0,75230-1726,Dallas,SP
2025-09-23,BXCM5755,1,5.0,75230-1726,Dallas,SP
2025-09-23,BXCM5762,1,5.0,11733,Setauket,SP
2025-09-23,BXCM5761,1,5.0,11733,Setauket,SP
2025-09-23,BXCM5057,1,824.0,75034-1810,Frisco,
2025-09-24,BXCM5776,1,5.0,10504,Armonk,SP
2025-09-24,BXCM5774,1,5.0,39503-6123,Gulfport,SP
2025-09-24,BXCM5756,1,5.0,39503-6123,Gulfport,SP
2025-09-24,BXCM5776,1,5.0,39503-6123,Gulfport,SP
2025-09-24,BXCM5766,1,5.0,39503-6123,Gulfport,SP
2025-09-24,BXCM5768,1,5.0,39503-6123,Gulfport,SP
2025-09-24,BXCM5755,1,5.0,39503-6123,Gulfport,SP
2025-09-24,BXCM1634,2,290.5,72712-8575,Bentonville,
2025-09-24,BXCL1511,1,884.5,32312-3788,Tallahassee,
2025-09-24,BXCM5756,1,5.0,29585-6175,Pawleys Island,SP
2025-09-24,BXCM5776,1,5.0,29585-6175,Pawleys Island,SP
2025-09-24,BXCM1669,1,235.5,34987-2924,Port St Lucie,
2025-09-24,BXCM5367,1,5.0,23457-1373,Virginia Beach,SP
2025-09-24,BXCM5353,1,5.0,23457-1373,Virginia Beach,SP
2025-09-24,BXCM5360,1,5.0,23457-1373,Virginia Beach,SP
2025-09-24,BXCM5076,1,1104.5,78253-6089,San Antonio,
2025-09-24,BXCM5157,1,1104.5,60043-1213,Kenilworth,
2025-09-24,BXCM5149,2,367.5,11795-5204,West Islip,B2B
2025-09-24,BXCM5157,1,1104.5,19971,Rehoboth Beach,
2025-09-24,BXCM5528,1,2463.0,28460-1409,Sneads Ferry,
2025-09-24,BXCL1562,1,367.5,19533-9160,Leesport,
2025-09-24,BXCM4774,1,928.5,19533-9160,Leesport,
2025-09-24,BXCL1556,1,906.5,19533-9160,Leesport,
2025-09-24,BXCM5766,1,5.0,34787-4973,Winter Garden,SP
2025-09-24,BXCM5776,1,5.0,34787-4973,Winter Garden,SP
2025-09-24,BXCM5756,1,5.0,34787-4973,Winter Garden,SP
2025-09-24,BXCL1753,1,444.5,94025-6545,Menlo Park,B2B
2025-09-24,BXCM5777,1,5.0,28211-1752,Charlotte,SP
2025-09-24,BXCM5754,1,5.0,28211-1752,Charlotte,SP
2025-09-24,BXCM5771,1,5.0,28211-1752,Charlotte,SP
2025-09-24,BXCM5758,1,5.0,28211-1752,Charlotte,SP
2025-09-24,BXCM5779,1,5.0,28211-1752,Charlotte,SP
2025-09-24,BXCM3690,1,587.5,32084-1300,St Augustine,
2025-09-24,BXCM5777,1,5.0,29403-6893,Charleston,SP
2025-09-24,BXCM5758,1,5.0,29403-6893,Charleston,SP
2025-09-24,BXCM5772,1,5.0,29403-6893,Charleston,SP
2025-09-24,BXCM1782,1,279.5,01760-4113,Natick,B2B
2025-09-24,BXCM2380,1,340.0,06870-1705,Old Greenwich,
2025-09-25,BXCM4994,1,417.0,34470-3356,Ocala,B2B
2025-09-25,BXCM2380,1,340.0,92692-4744,Mission Viejo,
2025-09-25,BXCM5767,1,5.0,94115-2115,San Francisco,SP
2025-09-25,BXCM5778,1,5.0,94115-2115,San Francisco,SP
2025-09-25,BXCM5762,1,5.0,94115-2115,San Francisco,SP
2025-09-25,BXCM5754,1,5.0,94115-2115,San Francisco,SP
2025-09-25,BXCM5757,1,5.0,94115-2115,San Francisco,SP
2025-09-25,BXCM5763,1,5.0,94115-2115,San Francisco,SP
2025-09-25,BXCM5778,1,5.0,21403-3215,Annapolis,SP
2025-09-25,BXCM5777,1,5.0,21403-3215,Annapolis,SP
2025-09-25,BXCM5776,1,5.0,21403-3215,Annapolis,SP
2025-09-25,BXCM5757,1,5.0,21403-3215,Annapolis,SP
2025-09-25,BXCM5766,1,5.0,21403-3215,Annapolis,SP
2025-09-25,BXCM5353,1,5.0,46814-8601,Fort Wayne,SP
2025-09-25,BXCL1786,1,642.5,06820-6213,Darien,
2025-09-25,BXCM5355,1,5.0,37221-2320,Nashville,SP
2025-09-25,BXCM5353,1,5.0,37221-2320,Nashville,SP
2025-09-25,BXCM5778,1,5.0,98368-8040,PORT TOWNSEND,SP
2025-09-25,BXCM5762,1,5.0,98368-8040,PORT TOWNSEND,SP
2025-09-26,BXCM1656,1,241.0,33029-5154,Miramar,
2025-09-26,BXCM4487,2,499.5,27540-8250,Holly Springs,
2025-09-26,BXCM4491,1,1049.5,27540-8250,Holly Springs,
2025-09-26,BXCM3765,1,994.5,29045-8694,Elgin,
2025-09-26,BXCM5155,1,444.5,33166-6599,Doral,
2025-09-26,BXCM1783,1,367.5,29607-5476,Greenville,
2025-09-26,BXCM5149,4,367.5,11106-4806,Long Island city,
2025-09-26,BXCM5157,1,1104.5,07930-2477,Chester,
2025-09-26,BXCM1656,1,241.0,93108-2683,Montecito,B2B
2025-09-26,BXCM5421,2,494.0,34211,Lakewood Ranch,
2025-09-26,BXCM5353,1,5.0,94546,Castro Valley,SP
2025-09-26,BXCM5755,1,5.0,77055-3175,Houston,SP
2025-09-26,BXCM5776,1,5.0,77055-3175,Houston,SP
2025-09-26,BXCM5769,1,5.0,77055-3175,Houston,SP
2025-09-26,BXCM5760,1,5.0,77055-3175,Houston,SP
2025-09-26,BXCM5766,1,5.0,77055-3175,Houston,SP
2025-09-26,BXCM5779,1,5.0,77055-3175,Houston,SP
2025-09-26,BXCM5758,1,5.0,77055-3175,Houston,SP
2025-09-26,BXCM1784,2,422.5,85018-3618,Phoenix,
2025-09-26,BXCM5157,1,1214.5,73170-6724,Oklahoma City,
2025-09-26,BXCM4494,1,1214.5,37920-6781,Knoxville,B2B
2025-09-27,BXCM5387,1,906.5,70808-5086,Baton Rouge,
2025-09-27,BXCM5372,1,5.0,42071-2971,Murray,SP
2025-09-27,BXCM5353,1,5.0,42071-2971,Murray,SP
2025-09-27,BXCM5367,1,5.0,42071-2971,Murray,SP
2025-09-27,BXCM5353,1,5.0,40065,Shelbyville,SP
2025-09-27,BXCL1784,1,554.5,02043,Hingham,
2025-09-27,BXCM4490,1,477.5,34114-3510,Naples,
2025-09-27,BXCM3778,2,802.0,28461-7507,Southport,
2025-09-27,BXCM4734,1,285.0,12137-3028,Pattersonville,
2025-09-27,BXCM5157,1,1214.5,77713-3161,Beaumont,
2025-09-27,BXCM4491,1,1049.5,33436-6138,Boynton Beach,
2025-09-27,BXCM5754,1,5.0,02648-1758,Marstons Mls,SP
2025-09-27,BXCM5758,1,5.0,02648-1758,Marstons Mls,SP
2025-09-27,BXCM5778,1,5.0,02648-1758,Marstons Mls,SP
2025-09-27,BXCM5779,1,5.0,02648-1758,Marstons Mls,SP
2025-09-27,BXCM3913,1,3893.0,34202-4627,Bradenton,
2025-09-27,BXCM5043,1,0.0,93311-1617,Bakersfield,SP
2025-09-27,BXCM5778,1,5.0,93311-1617,Bakersfield,SP
2025-09-27,BXCM5766,1,5.0,93311-1617,Bakersfield,SP
2025-09-27,BXCM5776,1,5.0,93311-1617,Bakersfield,SP
2025-09-27,BXCM1782,2,279.5,34102,Naples,
2025-09-27,BXCM4523,1,367.5,27612-5688,Raleigh,
2025-09-27,BXCM4592,1,532.0,V5H 4R7,Burnaby,
2025-09-27,BXCM3797,1,1060.5,30642,Greensboro,
2025-09-27,BXCM5423,1,521.5,74014-7077,Broken Arrow,
2025-09-27,BXCM4536,1,664.5,33921,Boca Grande,
2025-09-27,BXCM1634,6,268.5,33921,Boca Grande,
2025-09-27,BXCL1656,1,1137.5,33765,Clearwater,
2025-09-27,BXCM3765,1,1126.5,77845-4633,College Station,B2B
2025-09-27,BXCM5762,1,5.0,19320-1680,COATESVILLE,SP
2025-09-27,BXCM5157,1,1214.5,23005-7906,Ashland,B2B
2025-09-28,BXCM5562,1,2254.0,46567-9567,Syracuse,
2025-09-28,BXCM5776,1,5.0,29708,Fort MIll,SP
2025-09-28,BXCM5766,1,5.0,29708,Fort MIll,SP
2025-09-28,BXCM5155,1,554.5,30327-3449,atlanta,
2025-09-28,BXCM5772,1,5.0,32920-5548,Cape Canaveral,SP
2025-09-28,BXCM5766,1,5.0,43209-1625,Columbus,SP
2025-09-28,BXCM5776,1,5.0,43209-1625,Columbus,SP
2025-09-28,BXCM5769,1,5.0,43209-1625,Columbus,SP
2025-09-28,BXCM5157,1,1214.5,30518-6143,Sugar Hill,
2025-09-28,BXCM3765,1,1126.5,07430-3307,Mahwah,
2025-09-28,BXCM4486,1,433.5,85249-6061,Chandler,
2025-09-28,BXCM4486,2,433.5,78013-3358,Comfort,
2025-09-28,BXCM1647,2,285.0,11771-2704,Oyster Bay,
2025-09-28,BXCM1604,1,384.0,11771-2704,Oyster Bay,
2025-09-28,BXCM5763,1,5.0,40207-1414,Louisville,SP
2025-09-28,BXCM5773,1,5.0,40207-1414,Louisville,SP
2025-09-28,BXCM5767,1,5.0,40207-1414,Louisville,SP
2025-09-28,BXCM5769,1,5.0,40207-1414,Louisville,SP
2025-09-28,BXCM1655,1,1165.0,34228-4639,Longboat Key,
2025-09-29,BXCM5777,1,5.0,08807-7004,Bridgewater,SP
2025-09-29,BXCM5772,1,5.0,08807-7004,Bridgewater,SP
2025-09-29,BXCM5779,1,5.0,08807-7004,Bridgewater,SP
2025-09-29,BXCM5759,1,5.0,33993-7800,Cape Coral,SP
2025-09-29,BXCM5157,1,1214.5,30064-2467,Marietta,B2B
2025-09-29,BXCM5043,1,0.0,01982-1228,Hamilton,SP
2025-09-29,BXCM5766,1,5.0,01982-1228,Hamilton,SP
2025-09-29,BXCM5772,1,5.0,01982-1228,Hamilton,SP
2025-09-29,BXCM5776,1,5.0,01982-1228,Hamilton,SP
2025-09-29,BXCM5774,1,5.0,75082-3054,Richardson,SP
2025-09-29,BXCM5755,1,5.0,75082-3054,Richardson,SP
2025-09-29,BXCM2380,2,356.5,75230-4050,Dallas,B2B
2025-09-29,BXCM4006,1,1269.5,48855-7121,Howell,B2B
2025-09-29,BXCM1784,1,422.5,22182-1984,Vienna,B2B
2025-09-29,BXCM4266,1,1104.5,56401,East Gull Lake,
2025-09-29,BXCM3765,1,994.5,01060-2821,Northampton,
2025-09-29,BXCM1784,1,422.5,33543-2258,Wesley Chapel,B2B
2025-09-29,BXCM5357,1,5.0,02478-3780,Belmont,SP
2025-09-29,BXCM5363,1,5.0,02478-3780,Belmont,SP
2025-09-29,BXCM5351,1,5.0,02478-3780,Belmont,SP
2025-09-29,BXCM5355,1,5.0,02478-3780,Belmont,SP
2025-09-29,BXCM5421,4,428.0,32081,Ponte Vedra,
2025-09-29,BXCM4787,1,1869.0,91302-5876,Calabasas,B2B
2025-09-29,BXCL1175,1,395.0,29928-3958,Hilton Head Island,
2025-09-29,BXCL1551,1,972.5,33767-1832,Clearwater,
2025-09-29,BXCM5383,2,274.0,21208-6349,Pikesville,
2025-09-29,BXCM5772,1,5.0,29492-7694,Daniel Island,SP
2025-09-29,BXCM5777,1,5.0,29492-7694,Daniel Island,SP
2025-09-29,BXCM5756,1,5.0,29492-7694,Daniel Island,SP
2025-09-29,BXCM5776,1,5.0,29492-7694,Daniel Island,SP
2025-09-29,BXCM5766,1,5.0,29492-7694,Daniel Island,SP
2025-09-30,BXCL1146,1,972.5,85215,Mesa,
2025-09-30,BXCM5155,1,444.5,55391-9215,Wayzata,
2025-09-30,BXCM5774,1,5.0,10504,Armonk,SP
2025-09-30,BXCM5759,1,5.0,10504,Armonk,SP
2025-09-30,BXCM5765,1,5.0,10504,Armonk,SP
2025-09-30,BXCM5764,1,5.0,10504,Armonk,SP
2025-09-30,BXCM5755,1,5.0,10504,Armonk,SP
2025-09-30,BXCM5768,1,5.0,10504,Armonk,SP
2025-09-30,BXCM5774,1,5.0,10538,Larchmont,SP
2025-09-30,BXCM5755,1,5.0,10538,Larchmont,SP
2025-09-30,BXCM5776,1,5.0,10538,Larchmont,SP
2025-09-30,BXCL1551,1,1264.0,84629,Fairview,
2025-09-30,BXCM5776,1,5.0,29585-6562,Pawleys Island,SP
2025-09-30,BXCM5778,1,5.0,29585-6562,Pawleys Island,SP
2025-09-30,BXCM5754,1,5.0,29585-6562,Pawleys Island,SP
2025-09-30,BXCM5758,1,5.0,29585-6562,Pawleys Island,SP
2025-09-30,BXCM5755,1,5.0,29585-6562,Pawleys Island,SP
2025-09-30,BXCM5766,1,5.0,29585-6562,Pawleys Island,SP
2025-09-30,BXCM5777,1,5.0,89015-3517,henderson,SP
2025-09-30,BXCM5754,1,5.0,89015-3517,henderson,SP
2025-09-30,BXCM5766,1,5.0,89015-3517,henderson,SP
2025-09-30,BXCM5757,1,5.0,89015-3517,henderson,SP
2025-09-30,BXCM5779,1,5.0,89015-3517,henderson,SP
2025-09-30,BXCM5762,1,5.0,89015-3517,henderson,SP
2025-09-30,BXCM5755,1,5.0,89015-3517,henderson,SP
2025-09-30,BXCM4486,2,433.5,28081-9355,Kannapolis,B2B
2025-09-30,BXCM1604,1,384.0,22079-5693,Lorton,
2025-09-30,BXCM5043,1,0.0,37026-5394,BRADYVILLE,SP
2025-09-30,BXCL1753,2,444.5,06840-5701,New Canaan,
2025-09-30,BXCM5353,1,5.0,92270-4075,Rancho Mirage,SP
2025-09-30,BXCM5754,1,5.0,92270-4075,Rancho Mirage,SP
2025-09-30,BXCM1634,1,290.5,29455-3216,Johns Island,
2025-09-30,BXCM4536,1,664.5,29455-3216,Johns Island,
2025-09-30,BXCM5043,1,0.0,29851-3299,Warrenville,SP
2025-09-30,BXCM5030,1,499.5,90266,Manhattan Beach,
2025-09-30,BXCM5153,1,550.0,06796-1707,West Cornwall,
2025-09-30,BXCM5149,1,367.5,06796-1707,West Cornwall,
2025-09-30,BXCM1606,1,395.0,19808-1360,Willmington,B2B
2025-09-30,BXCL1609,1,422.5,02482,Wellesley,B2B
2025-09-30,BXCM5778,1,5.0,22066-1824,Great Falls,SP
2025-09-30,BXCM5757,1,5.0,22066-1824,Great Falls,SP
2025-09-30,BXCM5766,1,5.0,22066-1824,Great Falls,SP
2025-09-30,BXCM5367,1,5.0,22066-1824,Great Falls,SP
2025-09-30,BXCM5373,1,5.0,22066-1824,Great Falls,SP
2025-09-30,BXCM5057,2,868.0,77056-1610,Houston,
2025-09-30,BXCM4596,1,378.5,33946-5098,Placida,
2025-09-30,BXCM5357,1,5.0,84032-4493,Heber City,SP
2025-09-30,BXCM5363,1,5.0,84032-4493,Heber City,SP
2025-09-30,BXCM5372,1,5.0,84032-4493,Heber City,SP
2025-10-01,BXCM4006,1,1104.5,98606-9671,Brush Prairie,
2025-10-01,BXCM1635,1,697.5,33486-6819,Boca Raton,
2025-10-01,BXCM3690,1,587.5,33486-6819,Boca Raton,
2025-10-01,BXCM5776,1,5.0,30214-4367,Fayetteville,SP
2025-10-01,BXCM5774,1,5.0,30214-4367,Fayetteville,SP
2025-10-01,BXCM5043,1,0.0,30214-4367,Fayetteville,SP
2025-10-01,BXCM3765,1,994.5,32757-2606,Mount Dora,
2025-10-01,BXCM5026,1,2672.0,52403,Cedar Rapids,
2025-10-01,BXCM5763,1,5.0,06033,Glastonbury,SP
2025-10-01,BXCM5771,1,5.0,06033,Glastonbury,SP
2025-10-01,BXCM5776,1,5.0,06033,Glastonbury,SP
2025-10-01,BXCM5767,1,5.0,06033,Glastonbury,SP
2025-10-01,BXCM5755,1,5.0,06033,Glastonbury,SP
2025-10-01,BXCM5779,1,5.0,06033,Glastonbury,SP
2025-10-01,BXCM5770,1,5.0,06033,Glastonbury,SP
2025-10-01,BXCM5761,1,5.0,06033,Glastonbury,SP
2025-10-01,BXCM5769,1,5.0,06033,Glastonbury,SP
2025-10-01,BXCM5355,1,5.0,06810-5154,Danbury,SP
2025-10-01,BXCM1803,2,648.0,32124,Daytona Beach,
2025-10-01,BXCM5775,1,5.0,23226-2236,Richmond,SP
2025-10-01,BXCM5773,1,5.0,23226-2236,Richmond,SP
2025-10-01,BXCM3690,1,642.5,07064-1044,Port Reading,B2B
2025-10-01,BXCM5757,1,5.0,80303-4840,Boulder,SP
2025-10-01,BXCM5778,1,5.0,80303-4840,Boulder,SP
2025-10-01,BXCM5762,1,5.0,80303-4840,Boulder,SP
2025-10-01,BXCM5766,1,5.0,49546-6821,Grand Rapids,SP
2025-10-01,BXCM5767,1,5.0,49546-6821,Grand Rapids,SP
2025-10-01,BXCM5758,1,5.0,49546-6821,Grand Rapids,SP
2025-10-01,BXCM5762,1,5.0,49546-6821,Grand Rapids,SP
2025-10-01,BXCM1652,1,1022.0,73116,Oklahoma City,B2B
2025-10-01,BXCM3765,1,994.5,28736-6419,Glenville,
2025-10-01,BXCL1292,1,1363.0,07823-3131,Belvidere,
2025-10-01,BXCM4532,1,340.0,34135,Bonita Springs,
2025-10-01,BXCM5157,1,1214.5,30340-3852,Atlanta,B2B
2025-10-01,BXCM5768,1,5.0,19150-2811,Philadelphia,SP
2025-10-01,BXCM5774,1,5.0,19150-2811,Philadelphia,SP
2025-10-01,BXCM5755,1,5.0,19150-2811,Philadelphia,SP
2025-10-01,BXCM3765,1,994.5,19116-3534,Philadelphia,B2B
2025-10-02,BXCM5157,1,1104.5,37922-5188,Knoxville,
2025-10-02,BXCM1657,1,444.5,33477-5544,Jupiter,
2025-10-02,BXCM1652,1,1022.0,33477-5544,Jupiter,
2025-10-02,BXCM5157,3,774.5,28717,Cashiers,
2025-10-02,BXCM5367,1,5.0,10538-1902,Larchmont,SP
2025-10-02,BXCM5753,1,5.0,10538-1902,Larchmont,SP
2025-10-02,BXCM5755,1,5.0,10538-1902,Larchmont,SP
2025-10-02,BXCM5776,1,5.0,10538-1902,Larchmont,SP
2025-10-02,BXCM5768,1,5.0,10538-1902,Larchmont,SP
2025-10-02,BXCM5766,1,5.0,10538-1902,Larchmont,SP
2025-10-02,BXCM5778,1,5.0,33957-2100,Sanibel,SP
2025-10-02,BXCM5759,1,5.0,33957-2100,Sanibel,SP
2025-10-02,BXCM5754,1,5.0,33957-2100,Sanibel,SP
2025-10-02,BXCM5779,1,5.0,33957-2100,Sanibel,SP
2025-10-02,BXCM5772,1,5.0,77027-5212,Houston,SP
2025-10-02,BXCM5508,1,1649.0,06488-1110,Southbury,
2025-10-02,BXCM4595,2,576.5,06488-1110,Southbury,
2025-10-02,BXCM4608,1,994.5,06488-1110,Southbury,
2025-10-02,BXCM3777,1,455.5,29486-6942,Summerville,
2025-10-02,BXCM1656,1,241.0,78212-1744,San Antonio,B2B
2025-10-02,BXCM5757,1,5.0,20008-3334,Washington,SP
2025-10-02,BXCM5777,1,5.0,20008-3334,Washington,SP
2025-10-02,BXCM5768,1,5.0,20008-3334,Washington,SP
2025-10-02,BXCM5762,1,5.0,20008-3334,Washington,SP
2025-10-02,BXCM5778,1,5.0,20008-3334,Washington,SP
2025-10-02,BXCM4244,2,510.5,37934-4521,Knoxville,
2025-10-02,BXCM5776,1,5.0,32502-3722,Pensacola,SP
2025-10-02,BXCM5757,1,5.0,32502-3722,Pensacola,SP
2025-10-02,BXCM5773,1,5.0,32502-3722,Pensacola,SP
2025-10-02,BXCM5157,1,1214.5,31324,Richmond Hill,
2025-10-02,BXCM5767,1,5.0,43023-9557,Granville,SP
2025-10-02,BXCM5762,1,5.0,43023-9557,Granville,SP
2025-10-02,BXCM5757,1,5.0,43023-9557,Granville,SP
2025-10-02,BXCM5761,1,5.0,43023-9557,Granville,SP
2025-10-02,BXCM1783,1,367.5,29403-6893,Charleston,B2B
2025-10-02,BXCM1648,1,285.0,21014-3518,Bel Air,
2025-10-02,BXCM1822,2,323.5,94803-1501,El Sobrante,
2025-10-02,BXCM5157,1,1214.5,53095-8449,West Bend,
2025-10-02,BXCL1753,1,444.5,96741-9267,Kalheo,
2025-10-02,BXCL1766,1,1220.0,32937,Satellite Beach,
2025-10-03,BXCM5157,1,1214.5,27615-4137,Raleigh,
2025-10-03,BXCM3765,1,994.5,87105-6641,Albuquerque,
2025-10-03,BXCM4490,1,384.0,95076-6304,Corralitos,
2025-10-03,BXCM5757,1,5.0,28403,Wilmington,SP
2025-10-03,BXCM5776,1,5.0,28403,Wilmington,SP
2025-10-03,BXCM5769,1,5.0,28403,Wilmington,SP
2025-10-03,BXCM5766,1,5.0,28403,Wilmington,SP
2025-10-03,BXCM1655,1,945.0,33069-4845,Pompano Beach,B2B
2025-10-03,BXCM5157,1,1214.5,45208-1612,Cincinnati,
2025-10-03,BXCM3961,1,1137.5,12549-1923,Montgomery,
2025-10-03,BXCM1655,2,769.0,30327-2603,Atlanta,B2B
2025-10-03,BXCM3778,2,785.5,72653-4166,Mountain Home,
2025-10-03,BXCM5043,1,0.0,01770-1501,Sherborn,SP
2025-10-03,BXCM1810,1,565.5,48732-1183,Essexville,
2025-10-03,BXCM1647,1,285.0,47802-9238,Terre Haute,B2B
2025-10-03,BXCM5754,1,5.0,85205-8438,Mesa,SP
2025-10-03,BXCM5779,1,5.0,85205-8438,Mesa,SP
2025-10-03,BXCM5778,1,5.0,85205-8438,Mesa,SP
2025-10-03,BXCM5758,1,5.0,85205-8438,Mesa,SP
2025-10-03,BXCM4301,1,543.5,08226-3848,Ocean City,B2B
2025-10-03,BXCM3690,1,642.5,33418-7197,Palm Beach Gardens,B2B
2025-10-03,BXCM4525,1,257.5,46220-3150,Indianapolis,
2025-10-03,BXCM1634,1,290.5,33921-1069,Boca Grande,
2025-10-03,BXCM4006,1,1269.5,27609-7618,Raleigh,B2B
2025-10-03,BXCL1784,1,554.5,27609-7618,Raleigh,B2B
2025-10-03,BXCM1782,1,279.5,23235-2259,Richmond,B2B
2025-10-03,BXCM5157,1,1214.5,19970-3158,Ocean view,
2025-10-03,BXCM4525,2,257.5,23226-2236,Richmond,
2025-10-03,BXCM3765,1,994.5,02739,Mattapoisett,
2025-10-03,BXCM3686,1,917.5,32257-8096,Jacksonville,
2025-10-03,BXCM2380,3,318.0,75144-6211,Kerens,B2B
2025-10-03,BXCM2379,3,340.0,75144-6211,Kerens,B2B
2025-10-03,BXCM1655,2,769.0,33037,Key Largo,
2025-10-04,BXCM5776,1,5.0,33458-8753,Jupiter,SP
2025-10-04,BXCM5136,2,664.5,34108-1760,Naples,
2025-10-04,BXCM5719,1,1077.0,17543-8409,Lititz,B2B
2025-10-04,BXCM4536,1,664.5,29585-6562,Pawleys Island,
2025-10-04,BXCM5759,1,5.0,37026-5394,BRADYVILLE,SP
2025-10-04,BXCM5772,1,5.0,37026-5394,BRADYVILLE,SP
2025-10-04,BXCM5758,1,5.0,37026-5394,BRADYVILLE,SP
2025-10-04,BXCM5157,1,1214.5,63119-3840,Webster Groves,
2025-10-04,BXCM1783,1,367.5,02648-1758,Marstons Mls,
2025-10-04,BXCM4491,1,1049.5,33064,Lighthouse Point,
2025-10-04,BXCL1149,1,246.5,30092-2168,PEACHTREE CORNERS,B2B
2025-10-04,BXCM5043,1,0.0,81623-9619,CARBONDALE,SP
2025-10-04,BXCM3765,1,1126.5,83642-4747,Meridian,B2B
2025-10-04,BXCM5157,1,1214.5,84738-6710,Ivins,
2025-10-04,BXCM3686,1,917.5,78717-5476,Austin,
2025-10-04,BXCM5043,1,0.0,06902-8219,Stamford,SP
2025-10-04,BXCM5043,1,0.0,07039-3628,Livingston,SP
2025-10-05,BXCM5136,1,975.0,22207-2255,Arlington,
2025-10-05,BXCM5759,1,5.0,66085-9439,Stilwell,SP
2025-10-05,BXCM5776,1,5.0,66085-9439,Stilwell,SP
2025-10-05,BXCM5755,1,5.0,66085-9439,Stilwell,SP
2025-10-05,BXCM5757,1,5.0,66085-9439,Stilwell,SP
2025-10-05,BXCM5157,1,1104.5,22314-3808,Alexandria,
2025-10-05,BXCM1655,2,769.0,76092-9415,Southlake,
2025-10-05,BXCM5776,1,5.0,34114-3222,Naples,SP
2025-10-05,BXCM4737,1,395.0,33908-7507,Fort Myers,
2025-10-05,BXCM1811,1,880.5,17053,Marysville,
2025-10-05,BXCM5768,1,5.0,93110,Santa Barbara,SP
2025-10-05,BXCM5349,1,5.0,75063-5032,Irving,SP
2025-10-05,BXCM5363,1,5.0,75063-5032,Irving,SP
2025-10-05,BXCM2379,4,340.0,76016,Arlington,
2025-10-05,BXCM5773,1,5.0,40059-4501,Prospect,SP
2025-10-05,BXCM5776,1,5.0,40059-4501,Prospect,SP
2025-10-05,BXCM5763,1,5.0,40059-4501,Prospect,SP
2025-10-05,BXCM5777,1,5.0,40059-4501,Prospect,SP
2025-10-05,BXCM5762,1,5.0,40059-4501,Prospect,SP
2025-10-05,BXCM5779,1,5.0,40059-4501,Prospect,SP
2025-10-05,BXCM3960,4,257.5,29635-9586,Cleveland,
2025-10-05,BXCM1783,1,367.5,32963-9540,Vero Beach,
2025-10-06,BXCM5043,1,0.0,33027-6045,Miramar,SP
2025-10-06,BXCM1806,1,246.5,20008-5621,Washington,
2025-10-06,BXCM5153,1,550.0,33618-3631,Tampa,B2B
2025-10-06,BXCM5043,1,0.0,28173-7451,Waxhaw,SP
2025-10-06,BXCM5759,1,5.0,28451-6075,Leland,SP
2025-10-06,BXCM5756,1,5.0,28451-6075,Leland,SP
2025-10-06,BXCM5777,1,5.0,28451-6075,Leland,SP
2025-10-06,BXCM5043,1,0.0,40107-8414,Boston,SP
2025-10-06,BXCM3765,1,1126.5,27529,Garner,
2025-10-06,BXCM5755,1,5.0,38655,Oxford,SP
2025-10-06,BXCM5776,1,5.0,38655,Oxford,SP
2025-10-06,BXCM5774,1,5.0,38655,Oxford,SP
2025-10-06,BXCM5756,1,5.0,38655,Oxford,SP
2025-10-06,BXCM5043,1,0.0,38655,Oxford,SP
2025-10-06,BXCM3765,1,994.5,45230-3589,Cincinnati,
2025-10-06,BXCM5357,1,5.0,48306,Oakland Township,SP
2025-10-06,BXCM5363,1,5.0,48306,Oakland Township,SP
2025-10-06,BXCM5157,1,1214.5,60044-2726,Lake Bluff,
2025-10-06,BXCL1408,1,301.5,39525-3709,Diamondhead,
2025-10-06,BXCM5043,1,0.0,94597-2560,Walnut Creek,SP
2025-10-06,BXCM5155,1,554.5,48176-9785,Saline,B2B
2025-10-06,BXCM5709,1,554.5,77019-3610,Houston,
2025-10-06,BXCL1160,1,323.5,19041-1038,Haverford,
2025-10-07,BXCM5023,1,1192.5,28422,Bolivia,
2025-10-07,BXCL1725,1,290.5,20852,Rockville,
2025-10-07,BXCL1727,1,532.5,20852,Rockville,
2025-10-07,BXCM1648,2,285.0,20852,Rockville,
2025-10-07,BXCM5776,1,5.0,32095-7461,St Augustine,SP
2025-10-07,BXCM5766,1,5.0,32095-7461,St Augustine,SP
2025-10-07,BXCM5043,1,0.0,70123-3522,River Ridge,SP
2025-10-07,BXCM5349,1,5.0,30115,Canton,SP
2025-10-07,BXCM5357,1,5.0,30115,Canton,SP
2025-10-07,BXCM5363,1,5.0,30115,Canton,SP
2025-10-07,BXCM5367,1,5.0,30115,Canton,SP
2025-10-07,BXCM1806,2,290.5,37885-2653,Vonore,
2025-10-07,BXCM1653,1,1203.5,33480,Palm Beach,
2025-10-07,BXCM5157,1,1214.5,34108-6508,Naples,B2B
2025-10-07,BXCM5755,1,5.0,33609-4658,Tampa,SP
2025-10-07,BXCM5774,1,5.0,33609-4658,Tampa,SP
2025-10-07,BXCM5768,1,5.0,33609-4658,Tampa,SP
2025-10-07,BXCM4491,1,1049.5,34108-1760,Naples,
2025-10-07,BXCM4489,2,835.0,34108-1760,Naples,
2025-10-07,BXCM5421,1,494.0,34108-1760,Naples,
2025-10-07,BXCM5421,1,494.0,34108-1760,Naples,
2025-10-07,BXCM1606,1,395.0,33702,St Petersburg,
2025-10-07,BXCL1175,1,395.0,29401-1807,Charleston,B2B
2025-10-07,BXCL1150,1,285.0,76109-1032,Fort Worth,
2025-10-07,BXCM5043,1,0.0,77355-3561,Magnolia,SP
2025-10-07,BXCM3649,1,0.0,77355-3561,Magnolia,SP
2025-10-07,BXCM4523,1,367.5,02809,Bristol,
2025-10-07,BXCM5403,1,499.5,34109-3376,Naples,
2025-10-07,BXCM4494,1,1214.5,33432-7459,Boca Raton,
2025-10-07,BXCM3778,2,736.0,21502,Cumberland,B2B
2025-10-07,BXCM5766,1,5.0,02481,Wellesley Hills,SP
2025-10-07,BXCM5769,1,5.0,02481,Wellesley Hills,SP
2025-10-07,BXCM5777,1,5.0,02481,Wellesley Hills,SP
2025-10-07,BXCM3765,1,1104.5,30809-7469,Evans,
2025-10-07,BXCM5762,1,5.0,15238-2309,PITTSBURGH,SP
2025-10-07,BXCM5779,1,5.0,15238-2309,PITTSBURGH,SP
2025-10-07,BXCM5754,1,5.0,15238-2309,PITTSBURGH,SP
2025-10-07,BXCM5778,1,5.0,15238-2309,PITTSBURGH,SP
2025-10-07,BXCM4006,1,1104.5,68069-4654,Waterloo,
2025-10-07,BXCL1784,1,554.5,68069-4654,Waterloo,
2025-10-08,BXCM5758,1,5.0,10128-0724,New York,SP
2025-10-08,BXCM5770,1,5.0,10128-0724,New York,SP
2025-10-08,BXCM5774,1,5.0,10128-0724,New York,SP
2025-10-08,BXCM5777,1,5.0,10128-0724,New York,SP
2025-10-08,BXCL1609,1,422.5,49060-9766,Hickory Corners,
2025-10-08,BXCM4006,1,1269.5,77807-1604,Bryan,B2B
2025-10-08,BXCM5774,1,5.0,30068-4220,Marietta,SP
2025-10-08,BXCM5758,1,5.0,02739-2428,Mattapoisett,SP
2025-10-08,BXCM5779,1,5.0,02739-2428,Mattapoisett,SP
2025-10-08,BXCM5778,1,5.0,02739-2428,Mattapoisett,SP
2025-10-08,BXCM4525,1,334.5,60515-1339,Downers Grove,
2025-10-08,BXCM5043,1,0.0,92009-2105,Carlsbad,SP
2025-10-08,BXCM1782,2,279.5,46617-4402,South Bend,
2025-10-08,BXCM4595,2,411.5,49346-8812,Stanwood,
2025-10-08,BXCM4487,2,499.5,33040-6802,Key West,B2B
2025-10-08,BXCM4536,1,664.5,32541-3798,Destin,
2025-10-08,BXCM3934,1,1060.5,28207-2508,Charlotte,
2025-10-08,BXCM4607,1,604.0,34684-1063,Palm Harbor,
2025-10-08,BXCM5655,4,334.5,34684-1063,Palm Harbor,
2025-10-08,BXCM5138,2,340.0,79902-1324,El Paso,
2025-10-09,BXCM5768,1,5.0,02842-5258,Middletown,SP
2025-10-09,BXCM5778,1,5.0,02842-5258,Middletown,SP
2025-10-09,BXCM5757,1,5.0,02842-5258,Middletown,SP
2025-10-09,BXCM4006,1,1269.5,28516-3101,Beaufort,B2B
2025-10-09,BXCM5756,1,5.0,30319-2707,Brookhaven,SP
2025-10-09,BXCM5762,1,5.0,30319-2707,Brookhaven,SP
2025-10-09,BXCM5776,1,5.0,30319-2707,Brookhaven,SP
2025-10-09,BXCM5754,1,5.0,30319-2707,Brookhaven,SP
2025-10-09,BXCL1408,1,301.5,19072-1310,Narberth,B2B
2025-10-09,BXCM4487,1,499.5,34114-8684,Naples,
2025-10-09,BXCM2379,2,334.5,30178-1409,Taylorsville,B2B
2025-10-09,BXCM5776,1,5.0,08226-1348,Ocean City,SP
2025-10-09,BXCM4493,2,697.5,32967-1546,Vero Beach,
2025-10-09,BXCM1656,1,241.0,78626-6729,Georgetown,B2B
2025-10-10,BXCM3765,1,994.5,27403-1510,Greensboro,B2B
2025-10-10,BXCM5773,1,5.0,02852-4515,North Kingstown,SP
2025-10-10,BXCM5766,1,5.0,02852-4515,North Kingstown,SP
2025-10-10,BXCM5776,1,5.0,02852-4515,North Kingstown,SP
2025-10-10,BXCM5762,1,5.0,02852-4515,North Kingstown,SP
2025-10-10,BXCM5043,1,0.0,38017-9013,Collierville,SP
2025-10-10,BXCM5043,1,0.0,13760-8205,Endicott,SP
2025-10-10,BXCM5043,1,0.0,83333-8777,Hailey,SP
2025-10-10,BXCM5043,1,0.0,21401-1203,Annapolis,SP
2025-10-10,BXCM5757,1,5.0,21401-1203,Annapolis,SP
2025-10-10,BXCM5762,1,5.0,21401-1203,Annapolis,SP
2025-10-10,BXCM5777,1,5.0,21401-1203,Annapolis,SP
2025-10-10,BXCM5758,1,5.0,21401-1203,Annapolis,SP
2025-10-10,BXCM5759,1,5.0,21401-1203,Annapolis,SP
2025-10-10,BXCM5152,4,191.5,34990,Palm City,
2025-10-10,BXCM5149,1,367.5,06840-5776,New Canaan,B2B
2025-10-10,BXCM5030,1,543.5,06853,Norwalk,
2025-10-10,BXCM1784,1,422.5,21045-1903,Columbia,B2B
2025-10-10,BXCM5043,1,0.0,80120-5511,littleton,SP
2025-10-10,BXCM3777,1,444.5,06831-3143,Greenwich,
2025-10-10,BXCL1408,1,301.5,06831-3143,Greenwich,
2025-10-10,BXCM1652,1,1022.0,02780-1070,Taunton,B2B
2025-10-10,BXCM1653,1,1203.5,02780-1070,Taunton,B2B
2025-10-10,BXCM4487,2,499.5,32771-6901,Sanford,B2B
2025-10-10,BXCM4595,1,444.5,14612-1445,Rochester,
2025-10-10,BXCM4595,1,444.5,14612-1445,Rochester,
2025-10-10,BXCM1634,2,263.0,76092-8019,Southlake,B2B
2025-10-10,BXCM1634,1,290.5,94563-1212,Orinda,
2025-10-10,BXCM5635,1,494.0,80020-9690,Broomfield,
2025-10-10,BXCM5773,1,5.0,85205-8438,Mesa,SP
2025-10-10,BXCM5155,1,554.5,03894-4323,Wolfeboro,B2B
2025-10-11,BXCM5043,1,0.0,33709-7066,St Pete,SP
2025-10-11,BXCM5043,1,0.0,80206-4116,Denver,SP
2025-10-11,BXCM5776,1,5.0,40207-1802,Rolling Fields,SP
2025-10-11,BXCM5756,1,5.0,40207-1802,Rolling Fields,SP
2025-10-11,BXCM5766,1,5.0,40207-1802,Rolling Fields,SP
2025-10-11,BXCM5157,1,774.5,29464-2658,Mount Pleasant,B2B
2025-10-11,BXCM3686,1,917.5,74074,Stillwater,
2025-10-11,BXCM4774,2,972.5,78015-4490,Fair Oaks Ranch,
2025-10-11,BXCM1652,1,1022.0,21409,Annapolis,B2B
2025-10-11,BXCM5043,1,0.0,01453-1784,Leominster,SP
2025-10-11,BXCM5043,1,0.0,18902-6904,Doylestown,SP
2025-10-11,BXCM5503,1,723.9,77578,Manvel,B2B
2025-10-11,BXCM5469,2,455.5,77578,Manvel,B2B
2025-10-11,BXCM5043,1,0.0,07670-3120,Tenafly,SP
2025-10-11,BXCM1016,1,466.5,23435-4236,Suffolk,
2025-10-11,BXCM1655,1,1165.0,97145,Cannon Beach,B2B
2025-10-11,BXCM5776,1,5.0,02050,Marshfield,SP
2025-10-11,BXCM5759,1,5.0,02050,Marshfield,SP
2025-10-11,BXCM5504,1,701.9,02420,Lexington,B2B
2025-10-11,BXCM5757,1,5.0,70605-0401,Lake Charles,SP
2025-10-11,BXCM5776,1,5.0,70605-0401,Lake Charles,SP
2025-10-11,BXCM5079,1,1709.5,59917,Eureka,
2025-10-11,BXCM1655,1,1165.0,21738-9330,Glenwood,
2025-10-11,BXCM3686,1,917.5,07960-6356,Morristown,
2025-10-11,BXCM5754,1,5.0,32233-6957,Atlantic Beach,SP
2025-10-11,BXCM5758,1,5.0,32233-6957,Atlantic Beach,SP
2025-10-11,BXCM5779,1,5.0,32233-6957,Atlantic Beach,SP
2025-10-11,BXCM3765,1,994.5,90814-2142,Long Beach,B2B
2025-10-12,BXCM5754,1,5.0,33304-1494,Fort Lauderdale,SP
2025-10-12,BXCM5762,1,5.0,33304-1494,Fort Lauderdale,SP
2025-10-12,BXCM5757,1,5.0,33304-1494,Fort Lauderdale,SP
2025-10-12,BXCM5142,1,351.0,84790,Saint George,B2B
2025-10-12,BXCM4494,1,1214.5,75088-5551,Rowlett,
2025-10-12,BXCM4487,2,499.5,75088-5551,Rowlett,
2025-10-12,BXCM5043,1,0.0,33629-5323,Tampa,SP
2025-10-12,BXCM3649,1,0.0,33629-5323,Tampa,SP
2025-10-12,BXCM5157,1,1104.5,22932-9378,Crozet,
2025-10-12,BXCM1634,4,290.5,33913,Fort Myers,
2025-10-12,BXCM4006,1,1104.5,27603-5370,Raleigh,B2B
2025-10-12,BXCM5777,1,5.0,72762-6045,Springdale,SP
2025-10-12,BXCM5772,1,5.0,72762-6045,Springdale,SP
2025-10-12,BXCM5754,1,5.0,72762-6045,Springdale,SP
2025-10-12,BXCM5755,1,5.0,72762-6045,Springdale,SP
2025-10-12,BXCM4492,1,1137.5,92101-7153,San Diego,
2025-10-12,BXCL1656,1,1137.5,03846,Jackson,
2025-10-12,BXCM5759,1,5.0,19087-3840,Wayne,SP
2025-10-12,BXCM5776,1,5.0,19087-3840,Wayne,SP
2025-10-12,BXCM5777,1,5.0,19087-3840,Wayne,SP
2025-10-12,BXCM5756,1,5.0,19087-3840,Wayne,SP
2025-10-12,BXCM3765,1,1126.5,28374-8105,Pinehurst,
2025-10-12,BXCM4593,1,543.5,18436,Lake Ariel,B2B
2025-10-12,BXCM5056,1,183.75,34109-0336,Naples,
2025-10-13,BXCM5043,1,0.0,22207-2039,Arlington,SP
2025-10-13,BXCM5761,1,5.0,22207-2039,Arlington,SP
2025-10-13,BXCM5767,1,5.0,22207-2039,Arlington,SP
2025-10-13,BXCM5763,1,5.0,22207-2039,Arlington,SP
2025-10-13,BXCM5766,1,5.0,22310-2225,Alexandria,SP
2025-10-13,BXCM5776,1,5.0,22310-2225,Alexandria,SP
2025-10-13,BXCM5756,1,5.0,22310-2225,Alexandria,SP
2025-10-13,BXCM3765,1,994.5,54313-7900,Suamico,
2025-10-13,BXCM5043,1,0.0,30504,Gainesville,SP
2025-10-13,BXCM1783,1,367.5,29928,Hilton Head Island,B2B
2025-10-13,BXCM1782,2,279.5,29928,Hilton Head Island,B2B
2025-10-13,BXCM5356,1,5.0,29407-3322,Charleston,SP
2025-10-13,BXCM5762,1,5.0,01938-2627,Ipswich,SP
2025-10-13,BXCM5763,1,5.0,01938-2627,Ipswich,SP
2025-10-13,BXCM5756,1,5.0,78503,Mcallen,SP
2025-10-13,BXCM5776,1,5.0,78503,Mcallen,SP
2025-10-13,BXCM5766,1,5.0,78503,Mcallen,SP
2025-10-13,BXCL1641,1,1005.5,37188-5500,White House,
2025-10-13,BXCM5155,1,554.5,70605-7752,Lake Charles,B2B
2025-10-13,BXCM5412,1,560.0,26003-6643,Wheeling,
2025-10-13,BXCM4525,1,323.5,26003-6643,Wheeling,
2025-10-13,BXCM3765,1,994.5,02476-6407,Arlington,
2025-10-13,BXCM4525,1,268.5,33142-6953,Miami,B2B
2025-10-13,BXCM5043,1,0.0,84010-1921,Bountiful,SP
2025-10-13,BXCM5755,1,5.0,92625-2927,Corona del Mar,SP
2025-10-13,BXCM5766,1,5.0,92625-2927,Corona del Mar,SP
2025-10-13,BXCM5759,1,5.0,06820-6210,Darien,SP
2025-10-13,BXCM5758,1,5.0,06820-6210,Darien,SP
2025-10-13,BXCM5778,1,5.0,06820-6210,Darien,SP
2025-10-13,BXCM5779,1,5.0,06820-6210,Darien,SP
2025-10-13,BXCM5771,1,5.0,06820-6210,Darien,SP
2025-10-13,BXCM5776,1,5.0,30319-4307,Atlanta,SP
2025-10-13,BXCM4493,1,697.5,91436-1408,Encino,
2025-10-13,BXCL1102,2,458.93,01950-3740,Newburyport,
2025-10-14,BXCM5023,1,1137.5,20186-7640,Warrenton,
2025-10-14,BXCM4536,1,664.5,28312-6602,fayetteville,
2025-10-14,BXCL1149,1,246.5,84108,Salt Lake City,
2025-10-14,BXCM5157,1,1214.5,77007-1444,Houston,
2025-10-14,BXCM5776,1,5.0,21842-3187,Ocean City,SP
2025-10-14,BXCM5771,1,5.0,80120-5511,littleton,SP
2025-10-14,BXCM5765,1,5.0,80120-5511,littleton,SP
2025-10-14,BXCM4596,1,433.5,29928,Hilton Head Island,
2025-10-14,BXCM3690,1,642.5,32081-7042,Ponte Vedra,B2B
2025-10-14,BXCM5757,1,5.0,02840-2725,Newport,SP
2025-10-14,BXCM5762,1,5.0,02840-2725,Newport,SP
2025-10-14,BXCM5758,1,5.0,02840-2725,Newport,SP
2025-10-14,BXCM5778,1,5.0,02840-2725,Newport,SP
2025-10-14,BXCM5769,1,5.0,02840-2725,Newport,SP
2025-10-14,BXCM5779,1,5.0,02840-2725,Newport,SP
2025-10-14,BXCL1609,1,422.5,60175-5003,St Charles,
2025-10-14,BXCM3690,1,642.5,60614-2418,Chicago,
2025-10-14,BXCM5157,1,1104.5,04009,Bridgton,B2B
2025-10-14,BXCM5057,1,824.0,66224-3657,Overland Park,
2025-10-14,BXCM1782,2,279.5,38614-2703,Clarksdale,
2025-10-14,BXCL1756,1,1027.5,03110-6130,Bedford,B2B
2025-10-14,BXCM1784,1,422.5,28468-0900,Sunset Beach,B2B
2025-10-14,BXCM1656,1,241.0,28468-0900,Sunset Beach,B2B
2025-10-14,BXCM4592,1,604.0,20005-5161,Washington,
2025-10-15,BXCM3765,1,994.5,31522-2637,Saint Simons Island,B2B
2025-10-15,BXCM3765,2,796.5,31522-2637,Saint Simons Island,B2B
2025-10-15,BXCM5043,1,0.0,21146-1429,Severna Park,SP
2025-10-15,BXCM1782,2,279.5,21666-2845,Stevensville,
2025-10-15,BXCM1783,1,367.5,21666-2845,Stevensville,
2025-10-15,BXCM5757,1,5.0,46217-4805,Indianapolis,SP
2025-10-15,BXCM5762,1,5.0,46217-4805,Indianapolis,SP
2025-10-15,BXCM5768,1,5.0,19348,Kennett Square,SP
2025-10-15,BXCM5755,1,5.0,19348,Kennett Square,SP
2025-10-15,BXCM5762,1,5.0,19348,Kennett Square,SP
2025-10-15,BXCM5774,1,5.0,19348,Kennett Square,SP
2025-10-15,BXCM5757,1,5.0,19348,Kennett Square,SP
2025-10-15,BXCM5778,1,5.0,19348,Kennett Square,SP
2025-10-15,BXCM5752,1,5.0,19348,Kennett Square,SP
2025-10-15,BXCL1175,1,395.0,98110-4062,Bainbridge Island,
2025-10-15,BXCM3686,1,917.5,60190-1743,Winfield,
2025-10-15,BXCM5712,1,1324.5,02766-2493,Norton,B2B
2025-10-15,BXCM5707,2,587.5,02766-2493,Norton,B2B
2025-10-15,BXCM5779,1,5.0,29920-3008,Saint Helena,SP
2025-10-15,BXCM1609,1,384.0,80550,Windsor,
2025-10-15,BXCM3907,1,1726.0,20904-5203,Silver Spring,
2025-10-15,BXCM5768,1,5.0,28211-3756,Charlotte,SP
2025-10-15,BXCM5766,1,5.0,28211-3756,Charlotte,SP
2025-10-15,BXCM5756,1,5.0,28211-3756,Charlotte,SP
2025-10-16,BXCM4532,4,296.0,34236,Sarasota,
2025-10-16,BXCM5153,1,550.0,57783-8621,Spearfish,
2025-10-16,BXCM4472,1,1049.5,70123-3522,River Ridge,
2025-10-16,BXCM1783,1,367.5,02129-1601,Boston,
2025-10-16,BXCM5157,1,1214.5,01760-4916,Natick,
2025-10-16,BXCM3690,1,587.5,30005-9010,Alpharetta,B2B
2025-10-16,BXCM5030,1,488.5,10570,Pleasantville,
2025-10-16,BXCM5754,1,5.0,93940-2529,Monterey,SP
2025-10-16,BXCM5768,1,5.0,93940-2529,Monterey,SP
2025-10-16,BXCM5769,1,5.0,93940-2529,Monterey,SP
2025-10-16,BXCM4525,1,268.5,33629-5323,Tampa,
2025-10-16,BXCM5153,1,550.0,02837-1949,Little Compton,
2025-10-16,BXCM4006,1,1104.5,27587-1503,Wake Forest,
2025-10-16,BXCL1753,1,444.5,27587-1503,Wake Forest,
2025-10-16,BXCL1784,1,554.5,27587-1503,Wake Forest,
2025-10-16,BXCM4493,1,697.5,70002-6202,Metairie,
2025-10-16,BXCM4244,1,593.0,02465-2509,West Newton,
2025-10-16,BXCM5776,1,5.0,75205-3137,Dallas,SP
2025-10-16,BXCM5755,1,5.0,75205-3137,Dallas,SP
2025-10-16,BXCM5770,1,5.0,75205-3137,Dallas,SP
2025-10-16,BXCM5766,1,5.0,75205-3137,Dallas,SP
2025-10-16,BXCM5765,1,5.0,75205-3137,Dallas,SP
2025-10-16,BXCM5777,1,5.0,30656-3365,Monroe,SP
2025-10-16,BXCM1655,1,1165.0,34119,Naples,B2B
2025-10-16,BXCM5403,1,521.5,85018-2351,Phoenix,B2B
2025-10-16,BXCM5763,1,5.0,48167-9287,Northville,SP
2025-10-16,BXCM5761,1,5.0,48167-9287,Northville,SP
2025-10-16,BXCM5767,1,5.0,48167-9287,Northville,SP
2025-10-16,BXCM5760,1,5.0,48167-9287,Northville,SP
2025-10-17,BXCM3790,1,161.1,95037,Morgan Hill,
2025-10-17,BXCM1782,1,279.5,32233-6957,Atlantic Beach,
2025-10-17,BXCM5777,1,5.0,61025-9579,East Dubuque,SP
2025-10-17,BXCM5766,1,5.0,61025-9579,East Dubuque,SP
2025-10-17,BXCM5756,1,5.0,61025-9579,East Dubuque,SP
2025-10-17,BXCM5776,1,5.0,01826-4937,Dracut,SP
2025-10-17,BXCM5765,1,5.0,01826-4937,Dracut,SP
2025-10-17,BXCM5770,1,5.0,01826-4937,Dracut,SP
2025-10-17,BXCM5768,1,5.0,01826-4937,Dracut,SP
2025-10-17,BXCM5772,1,5.0,01826-4937,Dracut,SP
2025-10-17,BXCM5755,1,5.0,01826-4937,Dracut,SP
2025-10-17,BXCM5774,1,5.0,01826-4937,Dracut,SP
2025-10-17,BXCM5758,1,5.0,01826-4937,Dracut,SP
2025-10-17,BXCM5756,1,5.0,01826-4937,Dracut,SP
2025-10-17,BXCM5766,1,5.0,01826-4937,Dracut,SP
2025-10-17,BXCM5769,1,5.0,01826-4937,Dracut,SP
2025-10-17,BXCM5778,1,5.0,01826-4937,Dracut,SP
2025-10-17,BXCM5043,1,0.0,31406-4973,SAVANNAH,SP
2025-10-17,BXCM1679,1,851.5,60201,Evanston,
2025-10-17,BXCM5760,1,5.0,11787-1606,Smithtown,SP
2025-10-17,BXCM5778,1,5.0,11787-1606,Smithtown,SP
2025-10-17,BXCM5756,1,5.0,19355-3432,Malvern,SP
2025-10-17,BXCM5776,1,5.0,19355-3432,Malvern,SP
2025-10-17,BXCM5758,1,5.0,19355-3432,Malvern,SP
2025-10-17,BXCM5779,1,5.0,19355-3432,Malvern,SP
2025-10-17,BXCM5157,1,1214.5,29605-1942,Greenville,
2025-10-17,BXCM5098,1,664.5,48187-4443,Canton,
2025-10-17,BXCM5152,2,191.5,10601-3335,White Plains,
2025-10-17,BXCM4494,1,1214.5,49067,Marcellus,
2025-10-18,BXCM4006,1,1269.5,29910-4981,Bluffton,
2025-10-18,BXCM5756,1,5.0,77554,Galveston,SP
2025-10-18,BXCM5776,1,5.0,77554,Galveston,SP
2025-10-18,BXCM5155,1,554.5,33014-6221,Miami Lakes,B2B
2025-10-18,BXCM1783,1,367.5,02050,Ocean Bluff,
2025-10-18,BXCM5777,1,5.0,06107-1326,West Hartford,SP
2025-10-18,BXCM5758,1,5.0,06107-1326,West Hartford,SP
2025-10-18,BXCM5767,1,5.0,06107-1326,West Hartford,SP
2025-10-18,BXCM5763,1,5.0,06107-1326,West Hartford,SP
2025-10-18,BXCM1652,1,1022.0,34110,Naples,B2B
2025-10-18,BXCM1016,1,466.5,33460-2704,Lake Worth Beach,
2025-10-18,BXCM5774,1,5.0,75225-7928,Dallas,SP
2025-10-18,BXCM5766,1,5.0,75225-7928,Dallas,SP
2025-10-18,BXCM5755,1,5.0,75225-7928,Dallas,SP
2025-10-18,BXCM1822,2,290.5,01938-2627,Ipswich,
2025-10-18,BXCM5778,1,5.0,31312-5946,Guyton,SP
2025-10-18,BXCM5759,1,5.0,31312-5946,Guyton,SP
2025-10-18,BXCM5768,1,5.0,31312-5946,Guyton,SP
2025-10-18,BXCM5756,1,5.0,31312-5946,Guyton,SP
2025-10-18,BXCM5765,1,5.0,30506,Gainesville,SP
2025-10-18,BXCM5777,1,5.0,30506,Gainesville,SP
2025-10-18,BXCM5778,1,5.0,30506,Gainesville,SP
2025-10-18,BXCM5757,1,5.0,30506,Gainesville,SP
2025-10-18,BXCM5778,1,5.0,02739-2428,Mattapoisett,SP
2025-10-18,BXCM1655,1,945.0,02481-6727,Wellesley Hills,
2025-10-18,BXCM5136,1,975.0,02481-6727,Wellesley Hills,
2025-10-18,BXCM5779,1,5.0,02739-2428,Mattapoisett,SP
2025-10-18,BXCM5758,1,5.0,02739-2428,Mattapoisett,SP
2025-10-18,BXCM5754,1,5.0,29412-9180,Charleston,SP
2025-10-18,BXCM5779,1,5.0,29412-9180,Charleston,SP
2025-10-18,BXCM5758,1,5.0,29412-9180,Charleston,SP
2025-10-18,BXCM5778,1,5.0,29412-9180,Charleston,SP
2025-10-18,BXCM5767,1,5.0,37215-2901,Nashville,SP
2025-10-18,BXCM5761,1,5.0,37215-2901,Nashville,SP
2025-10-18,BXCM5759,1,5.0,02840-2725,Newport,SP
2025-10-18,BXCM5758,1,5.0,11768-1575,Northport,SP
2025-10-18,BXCM5157,1,1214.5,19446-4507,Lansdale,
2025-10-18,BXCM1782,1,279.5,10475,Bronx,
2025-10-18,BXCL1786,1,642.5,92037-3014,La Jolla,
2025-10-19,BXCM5774,1,5.0,21218-1754,Baltimore,SP
2025-10-19,BXCM5756,1,5.0,21218-1754,Baltimore,SP
2025-10-19,BXCM5755,1,5.0,21218-1754,Baltimore,SP
2025-10-19,BXCM5768,1,5.0,21218-1754,Baltimore,SP
2025-10-19,BXCM5777,1,5.0,58078,West Fargo,SP
2025-10-19,BXCM5755,1,5.0,58078,West Fargo,SP
2025-10-19,BXCL1641,1,1137.5,44870-5996,Sandusky,B2B
2025-10-19,BXCM1634,1,268.5,11050-1204,Sands Point,
2025-10-19,BXCM1604,1,384.0,11771-2704,Oyster Bay,
2025-10-19,BXCL1785,2,356.5,34112,Naples,
2025-10-19,BXCM5774,1,5.0,28207-2238,Charlotte,SP
2025-10-19,BXCM5768,1,5.0,28207-2238,Charlotte,SP
2025-10-19,BXCM5753,1,5.0,28207-2238,Charlotte,SP
2025-10-19,BXCM1652,1,1022.0,12603-5509,Poughkeepsie,
2025-10-19,BXCM5768,1,5.0,32968-2451,Vero Beach,SP
2025-10-19,BXCM5763,1,5.0,32968-2451,Vero Beach,SP
2025-10-19,BXCM5757,1,5.0,32968-2451,Vero Beach,SP
2025-10-19,BXCM5756,1,5.0,32968-2451,Vero Beach,SP
2025-10-19,BXCM5762,1,5.0,32968-2451,Vero Beach,SP
2025-10-19,BXCM5767,1,5.0,32968-2451,Vero Beach,SP
2025-10-19,BXCL1772,2,312.5,77833-7227,Brenham,
2025-10-19,BXCM5155,1,554.5,77833-7227,Brenham,
2025-10-19,BXCM4006,1,1269.5,29673-6736,Piedmont,B2B
2025-10-19,BXCM3765,1,994.5,23188-8046,Williamsburg,B2B
2025-10-20,BXCM1655,1,1165.0,49506-6561,Grand Rapids,B2B
2025-10-20,BXCL1175,1,428.0,30327-3024,Atlanta,
2025-10-20,BXCM5157,1,1214.5,37205-3402,Nashville,
2025-10-20,BXCM5043,1,0.0,23188-8806,Williamsburg,SP
2025-10-20,BXCM3765,1,994.5,11971-4211,Southold,B2B
2025-10-20,BXCM5642,4,384.0,91362,Thousand Oaks,
2025-10-20,BXCM5483,1,1038.5,28405-0200,Wilmington,B2B
2025-10-20,BXCM5023,1,1192.5,28405-0200,Wilmington,B2B
2025-10-20,BXCM5763,1,5.0,53092-3522,Mequon,SP
2025-10-20,BXCM5760,1,5.0,53092-3522,Mequon,SP
2025-10-20,BXCM5767,1,5.0,53092-3522,Mequon,SP
2025-10-20,BXCM5755,1,5.0,53092-3522,Mequon,SP
2025-10-20,BXCM5769,1,5.0,53092-3522,Mequon,SP
2025-10-20,BXCM5762,1,5.0,53092-3522,Mequon,SP
2025-10-20,BXCM5768,1,5.0,53092-3522,Mequon,SP
2025-10-20,BXCM5770,1,5.0,53092-3522,Mequon,SP
2025-10-20,BXCM5761,1,5.0,53092-3522,Mequon,SP
2025-10-20,BXCL1656,1,1005.5,33480,Palm Beach,
2025-10-20,BXCM5769,1,5.0,33418-6846,Palm Beach Gardens,SP
2025-10-20,BXCM5766,1,5.0,33418-6846,Palm Beach Gardens,SP
2025-10-20,BXCM5776,1,5.0,33418-6846,Palm Beach Gardens,SP
2025-10-20,BXCM1606,1,395.0,12065-2650,Clifton Park,
2025-10-20,BXCM5157,1,1104.5,60187,Wheaton,
2025-10-20,BXCM5754,1,5.0,77079,Houston,SP
2025-10-20,BXCM5779,1,5.0,77079,Houston,SP
2025-10-20,BXCM5777,1,5.0,77079,Houston,SP
2025-10-20,BXCM3765,2,796.5,46077-1963,Zionsville,
2025-10-20,BXCM3765,1,994.5,29407-7518,Charleston,
2025-10-21,BXCM5043,1,0.0,29036-6141,Chapin,SP
2025-10-21,BXCM3649,1,0.0,29036-6141,Chapin,SP
2025-10-21,BXCM5774,1,5.0,53092-3522,Mequon,SP
2025-10-21,BXCM4523,1,367.5,40207-1802,Rolling Fields,
2025-10-21,BXCM1676,1,560.0,21230-4022,Baltimore,
2025-10-21,BXCM5762,1,5.0,23113-4404,Midlothian,SP
2025-10-21,BXCM5770,1,5.0,23113-4404,Midlothian,SP
2025-10-21,BXCM5755,1,5.0,23113-4404,Midlothian,SP
2025-10-21,BXCM5043,1,0.0,34787-8515,Winter Garden,SP
2025-10-21,BXCM3765,1,994.5,36603-6202,Mobile,B2B
2025-10-21,BXCM3765,1,994.5,49301-7952,Ada,
2025-10-21,BXCM3765,1,994.5,40026-8700,Goshen,
2025-10-21,BXCL1175,1,395.0,08723,Brick,
2025-10-21,BXCM5756,1,5.0,34112-7531,Naples,SP
2025-10-21,BXCM5758,1,5.0,34112-7531,Naples,SP
2025-10-21,BXCM5766,1,5.0,34112-7531,Naples,SP
2025-10-21,BXCM5759,1,5.0,34112-7531,Naples,SP
2025-10-21,BXCM5708,1,983.5,02766-2493,Norton,B2B
2025-10-21,BXCM1667,1,417.0,85205-8438,Mesa,
2025-10-21,BXCL1172,1,422.5,40422-3216,Danville,
2025-10-21,BXCM5757,1,5.0,04051,Lovell,SP
2025-10-21,BXCM5762,1,5.0,04051,Lovell,SP
2025-10-21,BXCM5754,1,5.0,04051,Lovell,SP
2025-10-21,BXCM5778,1,5.0,33131,Miami,SP
2025-10-21,BXCM5754,1,5.0,33131,Miami,SP
2025-10-21,BXCM5779,1,5.0,33131,Miami,SP
2025-10-21,BXCM1655,1,945.0,90023-3213,Los Angeles,B2B
2025-10-21,BXCM4494,1,1214.5,34120,Naples,
2025-10-22,BXCM4490,1,395.0,11414,Howard Beach,
2025-10-22,BXCM5157,1,1214.5,06468-1346,Monroe,B2B
2025-10-22,BXCM1810,1,631.5,20886-5658,Montgomery Village,
2025-10-22,BXCM4489,1,1242.0,34957,Jensen Beach,B2B
2025-10-22,BXCM3690,1,642.5,06896-3302,Redding,
2025-10-22,BXCM4486,1,433.5,P1L 1C1,BRACEBRIDGE,B2B
2025-10-22,BXCM5759,1,5.0,34229-3203,Osprey,SP
2025-10-22,BXCM5757,1,5.0,34229-3203,Osprey,SP
2025-10-22,BXCM1652,1,1022.0,40207-1910,Louisville,
2025-10-22,BXCM1656,1,241.0,33408,North Palm Beach,B2B
2025-10-22,BXCM5023,1,1302.5,95834-2704,SACRAMENTO,
2025-10-22,BXCM1657,1,444.5,93109-1569,Santa Barbara,
2025-10-22,BXCM1656,1,241.0,94549-5100,Lafayette,
2025-10-22,BXCM1655,1,945.0,94549-5100,Lafayette,
2025-10-22,BXCM1653,1,1203.5,94549-5100,Lafayette,
2025-10-22,BXCM1657,2,444.5,94549-5100,Lafayette,
2025-10-22,BXCM4525,1,257.5,60045-2641,Lake Forest,
2025-10-22,BXCL1786,1,642.5,33138-3483,Miami,
2025-10-22,BXCM4256,1,906.5,33981-3200,Port Charlotte,
2025-10-22,BXCM5149,2,367.5,11106-4806,Long Island city,
2025-10-22,BXCM1604,1,384.0,68007-2840,Bennington,
2025-10-22,BXCM1669,4,219.0,36526-6227,Daphne,
2025-10-22,BXCM5155,2,334.5,33021-1843,Hollywood,B2B
2025-10-22,BXCM1782,2,279.5,75229-3010,Dallas,
2025-10-22,BXCM5057,2,697.5,56031-3139,Fairmont,
2025-10-22,BXCM5766,1,5.0,23103,Manakin Sabot,SP
2025-10-22,BXCM5776,1,5.0,23103,Manakin Sabot,SP
2025-10-22,BXCM5776,1,5.0,33410-1469,Palm Beach Gardens,SP
2025-10-22,BXCM5766,1,5.0,33410-1469,Palm Beach Gardens,SP
2025-10-22,BXCM5769,1,5.0,33410-1469,Palm Beach Gardens,SP
2025-10-22,BXCM4494,1,1214.5,92081-8421,Vista,B2B
2025-10-23,BXCM5043,1,0.0,70125-4027,New Orleans,SP
2025-10-23,BXCM3790,2,134.7,30277,Sharpsburg,B2B
2025-10-23,BXCM1634,1,268.5,18104-3382,Allentown,
2025-10-23,BXCM1783,1,367.5,37215-1420,Nashville,B2B
2025-10-23,BXCM5157,1,1214.5,21620-4712,Chestertown,
2025-10-23,BXCM1653,1,1203.5,32751-5730,Maitland,B2B
2025-10-23,BXCM5043,1,0.0,07508-2792,North Haledon,SP
2025-10-23,BXCM5157,1,1214.5,29611-7953,Greenville,B2B
2025-10-23,BXCM3690,1,587.5,77055-2204,Houston,B2B
2025-10-23,BXCM3765,1,1126.5,12866-2611,Saratoga Springs,
2025-10-23,BXCM5776,1,5.0,66211,Leawood,SP
2025-10-23,BXCM5756,1,5.0,66211,Leawood,SP
2025-10-23,BXCM1634,7,268.5,75220-6308,Dallas,
2025-10-23,BXCM1782,1,279.5,01760-4113,Natick,B2B
2025-10-23,BXCM1634,4,290.5,44132-2612,Euclid,B2B
2025-10-24,BXCM5755,1,5.0,92011-4652,Carlsbad,SP
2025-10-24,BXCM5761,1,5.0,92011-4652,Carlsbad,SP
2025-10-24,BXCM5043,1,0.0,92011-4652,Carlsbad,SP
2025-10-24,BXCM5770,1,5.0,92011-4652,Carlsbad,SP
2025-10-24,BXCM5763,1,5.0,28409-2369,Wilmington,SP
2025-10-24,BXCM5761,1,5.0,28409-2369,Wilmington,SP
2025-10-24,BXCM5776,1,5.0,28409-2369,Wilmington,SP
2025-10-24,BXCM3765,1,994.5,30306-4435,Atlanta,
2025-10-24,BXCM1676,1,560.0,01453-1784,Leominster,
2025-10-24,BXCM1676,1,560.0,01453-1784,Leominster,
2025-10-24,BXCL1511,1,1016.5,01453-1784,Leominster,
2025-10-24,BXCL1520,2,604.0,01453-1784,Leominster,
2025-10-24,BXCM5149,1,367.5,02492-4242,Needham,B2B
2025-10-24,BXCM5769,1,5.0,02540-3810,Falmouth,SP
2025-10-24,BXCM5776,1,5.0,02540-3810,Falmouth,SP
2025-10-24,BXCM5777,1,5.0,02540-3810,Falmouth,SP
2025-10-24,BXCM5765,1,5.0,02540-3810,Falmouth,SP
2025-10-24,BXCM5766,1,5.0,02540-3810,Falmouth,SP
2025-10-24,BXCM5157,1,1104.5,92603-0426,Irvine,
2025-10-24,BXCM5043,1,0.0,76051-1008,Grapevine,SP
2025-10-24,BXCM5043,1,0.0,01440-2362,Gardner,SP
2025-10-24,BXCM5539,1,2485.0,92833-2512,Fullerton,B2B
2025-10-24,BXCM5005,1,499.5,83616-4075,Eagle,
2025-10-24,BXCM5539,1,2485.0,92833-2512,Fullerton,B2B
2025-10-24,BXCM4534,1,1137.5,33458-8344,Jupiter,
2025-10-24,BXCM1782,1,279.5,32952,Merritt Island,
2025-10-25,BXCM5043,1,0.0,92009-1739,Carlsbad,SP
2025-10-25,BXCM5155,1,444.5,32459-8097,Santa Rosa Beach,
2025-10-25,BXCM5774,1,5.0,06820-4821,Darien,SP
2025-10-25,BXCM5769,1,5.0,06820-4821,Darien,SP
2025-10-25,BXCM5766,1,5.0,06820-4821,Darien,SP
2025-10-25,BXCM5768,1,5.0,06820-4821,Darien,SP
2025-10-25,BXCM5759,1,5.0,16123-3025,Fombell,SP
2025-10-25,BXCM5772,1,5.0,16123-3025,Fombell,SP
2025-10-25,BXCM5776,1,5.0,16123-3025,Fombell,SP
2025-10-25,BXCM5777,1,5.0,16123-3025,Fombell,SP
2025-10-25,BXCM5766,1,5.0,16123-3025,Fombell,SP
2025-10-25,BXCM5756,1,5.0,16123-3025,Fombell,SP
2025-10-25,BXCM5758,1,5.0,16123-3025,Fombell,SP
2025-10-25,BXCM1634,10,263.0,02421-5630,Lexington,
2025-10-25,BXCM3960,1,241.0,28215,Charlotte,
2025-10-25,BXCM5766,1,5.0,77024-5010,Bunker Hill Village,SP
2025-10-25,BXCM5157,1,1214.5,92562-8731,Murrieta,
2025-10-25,BXCM4482,1,851.5,08008-3435,Beach Haven,
2025-10-25,BXCM4607,1,604.0,33131,Miami,
2025-10-25,BXCM1606,1,395.0,28451-6107,Leland,
2025-10-25,BXCM1633,1,290.5,32963-4717,Vero Beach,
2025-10-25,BXCM1016,1,466.5,06830,Greenwich,
2025-10-26,BXCM5757,1,5.0,70503-4450,Lafayette,SP
2025-10-26,BXCM5762,1,5.0,70503-4450,Lafayette,SP
2025-10-26,BXCM5778,1,5.0,70503-4450,Lafayette,SP
2025-10-26,BXCM5767,1,5.0,70503-4450,Lafayette,SP
2025-10-26,BXCM1655,2,769.0,34119-8459,Naples,
2025-10-26,BXCM4492,1,1023.75,49060-9766,Hickory Corners,
2025-10-26,BXCM5774,1,5.0,43064-9365,Plain City,SP
2025-10-26,BXCM5769,1,5.0,43064-9365,Plain City,SP
2025-10-26,BXCM5768,1,5.0,43064-9365,Plain City,SP
2025-10-26,BXCM4489,1,895.05,75205-3137,Dallas,
2025-10-26,BXCM4486,2,380.25,75205-3137,Dallas,
2025-10-26,BXCM5157,1,1093.05,30750,Lookout Mountain,
2025-10-26,BXCM1784,1,380.25,33418-7026,Palm Beach Gardens,
2025-10-26,BXCM1783,1,330.75,02642,Eastham,
2025-10-26,BXCM1655,1,850.5,08202,Avalon,B2B
2025-10-26,BXCM5763,1,5.0,48236-1037,Grosse Pointe Woods,SP
2025-10-26,BXCM5767,1,5.0,48236-1037,Grosse Pointe Woods,SP
2025-10-26,BXCM5762,1,5.0,48236-1037,Grosse Pointe Woods,SP
2025-10-26,BXCM5761,1,5.0,48236-1037,Grosse Pointe Woods,SP
2025-10-26,BXCM5136,1,751.5,08540-3002,Princeton,
2025-10-26,BXCM5157,1,1093.05,78132-0219,New Braunfels,
2025-10-26,BXCM5135,1,629.1,70508-6944,Lafayette,
2025-10-26,BXCM1604,1,345.6,49546-7523,Grand Rapids,
2025-10-26,BXCM1647,1,256.5,49546-7523,Grand Rapids,
2025-10-26,BXCM4487,1,449.55,40222-5340,louisville,
2025-10-26,BXCM4534,1,1023.75,32827-7699,Orlando,
2025-10-26,BXCL1685,4,187.2,32827-7699,Orlando,
2025-10-26,BXCL1551,1,875.25,29135-8466,Saint Matthews,
2025-10-26,BXCL1551,1,1033.65,19966-4461,Millsboro,
2025-10-26,BXCM4774,1,835.65,29941-3002,Sheldon,
2025-10-26,BXCM1617,1,796.05,53147-4119,Lake Geneva,
2025-10-26,BXCM2359,1,578.25,29412-8271,Charleston,
2025-10-26,BXCM1667,1,375.3,32102-2232,Astor,
2025-10-26,BXCM4006,1,1142.55,57006-2044,Brookings,
2025-10-26,BXCM5759,1,5.0,83014-9707,Wilson,SP
2025-10-26,BXCM5754,1,5.0,83014-9707,Wilson,SP
2025-10-26,BXCM5777,1,5.0,83014-9707,Wilson,SP
2025-10-26,BXCM5778,1,5.0,83014-9707,Wilson,SP
2025-10-26,BXCM5758,1,5.0,83014-9707,Wilson,SP
2025-10-26,BXCM5779,1,5.0,83014-9707,Wilson,SP
2025-10-26,BXCM5755,1,5.0,83014-9707,Wilson,SP
2025-10-26,BXCM5768,1,5.0,83014-9707,Wilson,SP
2025-10-26,BXCM2380,1,306.0,92692-4744,Mission Viejo,
2025-10-27,BXCM1604,1,345.6,20176,Leesburg,
2025-10-27,BXCM4528,1,182.25,34987-6967,Port Saint Lucie,
2025-10-27,BXCM1604,1,345.6,01569-2630,Uxbridge,
2025-10-27,BXCM3777,1,360.45,30214-4507,Fayetteville,B2B
2025-10-27,BXCM3777,1,360.45,30214-4507,Fayetteville,B2B
2025-10-27,BXCL1785,1,320.85,32309-9656,Tallahassee,
2025-10-27,BXCM4831,2,622.8,37027-5111,Brentwood,
2025-10-27,BXCM1653,1,1083.15,90278,Redondo Beach,
2025-10-27,BXCM1667,1,375.3,68118-2354,Omaha,
2025-10-27,BXCM5043,1,0.0,80020-6767,Broomfield,SP
2025-10-27,BXCM5757,1,5.0,23322-9016,Chesapeake,SP
2025-10-27,BXCL1150,1,256.5,29607-5476,Greenville,
2025-10-27,BXCM3690,1,528.75,89451-8913,Incline Village,B2B
2025-10-27,BXCM5776,1,5.0,29464-3519,Mount Pleasant,SP
2025-10-27,BXCM5754,1,5.0,29464-3519,Mount Pleasant,SP
2025-10-27,BXCM5772,1,5.0,29464-3519,Mount Pleasant,SP
2025-10-27,BXCM5755,1,5.0,29464-3519,Mount Pleasant,SP
2025-10-27,BXCM4493,1,627.75,29466-8160,Mount Pleasant,B2B
2025-10-27,BXCM5761,1,5.0,27614-5200,RALEIGH,SP
2025-10-27,BXCM5763,1,5.0,27614-5200,RALEIGH,SP
2025-10-27,BXCM5767,1,5.0,27614-5200,RALEIGH,SP
2025-10-27,BXCM5769,1,5.0,27614-5200,RALEIGH,SP
2025-10-27,BXCM5757,1,5.0,61920-4401,Charleston,SP
2025-10-27,BXCM5763,1,5.0,61920-4401,Charleston,SP
2025-10-27,BXCM5762,1,5.0,61920-4401,Charleston,SP
2025-10-27,BXCM5757,1,5.0,46077,Zionsville,SP
2025-10-27,BXCM5758,1,5.0,46077,Zionsville,SP
2025-10-27,BXCM5754,1,5.0,46077,Zionsville,SP
2025-10-27,BXCM5778,1,5.0,46077,Zionsville,SP
2025-10-27,BXCM5776,1,5.0,46077,Zionsville,SP
2025-10-27,BXCM5757,1,5.0,77079-7139,Houston,SP
2025-10-27,BXCM5762,1,5.0,77079-7139,Houston,SP
2025-10-27,BXCM5767,1,5.0,77079-7139,Houston,SP
2025-10-27,BXCM5157,1,1093.05,77063-4706,Houston,
2025-10-27,BXCM4490,1,355.5,19087-3310,Wayne,
2025-10-27,BXCM4487,2,449.55,27540-8250,Holly Springs,
2025-10-27,BXCM1016,1,419.85,85396-5654,Buckeye,
2025-10-27,BXCM5043,1,0.0,23226-1641,Richmond,SP
2025-10-27,BXCM5759,1,5.0,34119-7512,Naples,SP
2025-10-27,BXCM5776,1,5.0,34119-7512,Naples,SP
2025-10-27,BXCM5764,1,5.0,34119-7512,Naples,SP
2025-10-27,BXCM1655,1,692.1,37821-5665,Newport,
2025-10-27,BXCM1657,1,400.05,37821-5665,Newport,
2025-10-27,BXCL1609,1,380.25,28412-8295,Wilmington,B2B
2025-10-27,BXCL1786,1,578.25,28412-8295,Wilmington,B2B
2025-10-27,BXCM4528,1,182.25,28412-8295,Wilmington,B2B
2025-10-27,BXCM5157,2,697.05,24450-2009,Lexington,
2025-10-27,BXCM5758,1,5.0,30268-2488,Palmetto,SP
2025-10-27,BXCM5779,1,5.0,30268-2488,Palmetto,SP
2025-10-27,BXCM5149,1,330.75,77382-2515,The Woodlands,
2025-10-27,BXCM5153,1,495.0,77382-2515,The Woodlands,
2025-10-27,BXCM4493,1,627.75,01938-2810,Ipswich,B2B
2025-10-27,BXCM5769,1,5.0,06830,Greenwich,SP
2025-10-27,BXCM5754,1,5.0,06830,Greenwich,SP
2025-10-27,BXCM5778,1,5.0,06830,Greenwich,SP
2025-10-27,BXCM4494,1,1093.05,35806-6503,Huntsville,B2B
2025-10-27,BXCM4494,2,1093.05,94061-3515,Redwood City,B2B
2025-10-27,BXCM3960,4,231.75,93933-2964,Marina,
2025-10-27,BXCL1683,2,271.35,93933-2964,Marina,
2025-10-27,BXCL1686,1,668.25,93933-2964,Marina,
2025-10-27,BXCM5568,1,2429.55,07885-1640,Wharton,B2B
2025-10-28,BXCL1611,4,414.9,08088-9528,Shamong,
2025-10-28,BXCM4280,1,2201.85,78721-3525,Austin,
2025-10-28,BXCM3776,2,271.35,83402-5984,Idaho Falls,B2B
2025-10-28,BXCM5157,1,1093.05,94121-2751,San Francisco,
2025-10-28,BXCM5757,1,5.0,34990-1722,Palm City,SP
2025-10-28,BXCM5754,1,5.0,34990-1722,Palm City,SP
2025-10-28,BXCM5770,1,5.0,34990-1722,Palm City,SP
2025-10-28,BXCM5762,1,5.0,34990-1722,Palm City,SP
2025-10-28,BXCM5755,1,5.0,34990-1722,Palm City,SP
2025-10-28,BXCM5765,1,5.0,34990-1722,Palm City,SP
2025-10-28,BXCM5776,1,5.0,19312-1453,Berwyn,SP
2025-10-28,BXCM5769,1,5.0,19312-1453,Berwyn,SP
2025-10-28,BXCM5766,1,5.0,19312-1453,Berwyn,SP
2025-10-28,BXCM5762,1,5.0,19312-1453,Berwyn,SP
2025-10-28,BXCM5757,1,5.0,19312-1453,Berwyn,SP
2025-10-28,BXCM5778,1,5.0,19312-1453,Berwyn,SP
2025-10-28,BXCM1652,1,900.0,30340-3903,Atlanta,B2B
2025-10-28,BXCM1016,1,419.85,28557,Morehead City,
2025-10-28,BXCM1656,1,216.9,75205,Dallas,B2B
2025-10-28,BXCM3649,1,0.0,28682-9718,Terrell,SP
2025-10-28,BXCM5043,1,0.0,28682-9718,Terrell,SP
2025-10-28,BXCM5043,1,0.0,28469-0555,Ocean isle beach,SP
2025-10-28,BXCM1655,1,1048.5,08202-2510,Avalon,
2025-10-28,BXCM4734,1,256.5,72758-9514,Rogers,
2025-10-28,BXCM4595,1,370.35,32080-8214,St Augustine,
2025-10-28,BXCL1786,1,578.25,29209-0823,Columbia,B2B
2025-10-29,BXCM5715,1,578.25,33825-9736,Avon Park,
2025-10-29,BXCM5716,1,380.25,33825-9736,Avon Park,
2025-10-29,BXCM4734,1,256.5,77803-5015,Bryan,B2B
2025-10-29,BXCM1653,1,1048.5,75214-3220,Dallas,
2025-10-29,BXCM4494,1,1093.05,32303-5847,Tallahassee,B2B
2025-10-29,BXCM4493,2,627.75,32224-5675,Jacksonville,
2025-10-29,BXCM5157,1,1093.05,38506-4973,Cookeville,
2025-10-29,BXCM1606,1,355.5,48178,South Lyon,
2025-10-29,BXCM1653,1,1083.15,30215-2727,fayetteville,B2B
2025-10-29,BXCM5762,1,5.0,34232-3113,Sarasota,SP
2025-10-29,BXCM5757,1,5.0,34232-3113,Sarasota,SP
2025-10-29,BXCM5754,1,5.0,34232-3113,Sarasota,SP
2025-10-29,BXCM5765,1,5.0,34232-3113,Sarasota,SP
2025-10-29,BXCM5767,1,5.0,34232-3113,Sarasota,SP
2025-10-29,BXCM5778,1,5.0,34232-3113,Sarasota,SP
2025-10-29,BXCM5763,1,5.0,34232-3113,Sarasota,SP
2025-10-29,BXCM5779,1,5.0,34232-3113,Sarasota,SP
2025-10-29,BXCM5758,1,5.0,34232-3113,Sarasota,SP
2025-10-29,BXCM5043,1,0.0,34232-3113,Sarasota,SP
2025-10-29,BXCM5759,1,5.0,34232-3113,Sarasota,SP
2025-10-29,BXCM5136,1,877.5,49009-9535,Kalamazoo,
2025-10-29,BXCM4534,1,1023.75,94945-3323,Novato,B2B
2025-10-29,BXCM3686,1,875.25,75069,McKinney,
2025-10-29,BXCM5649,1,796.05,31029-8783,Forsyth,
2025-10-29,BXCM5152,5,172.35,02129,Boston,
2025-10-29,BXCM5512,1,626.76,32095-8804,St augustine,
2025-10-29,BXCM3765,1,1013.85,94941-1778,Mill Valley,
2025-10-29,BXCM4492,1,1023.75,11965,Shelter Island Heights,
2025-10-29,BXCM4774,1,875.25,47111-8982,Charlestown,
2025-10-29,BXCM5776,1,5.0,93035,Oxnard,SP
2025-10-29,BXCM5755,1,5.0,93035,Oxnard,SP
2025-10-29,BXCM5756,1,5.0,93035,Oxnard,SP
2025-10-29,BXCM5769,1,5.0,93035,Oxnard,SP
2025-10-29,BXCM5766,1,5.0,93035,Oxnard,SP
2025-10-29,BXCM5757,1,5.0,93035,Oxnard,SP
2025-10-29,BXCM3765,2,716.85,21204-3521,Towson,
2025-10-29,BXCM4487,2,449.55,73012,Edmond,
2025-10-29,BXCM3765,1,1013.85,41056-8823,Maysville,
2025-10-29,BXCM5490,1,1503.9,33480-4420,Palm Beach,
2025-10-29,BXCM4486,2,390.15,93109-1569,Santa Barbara,
2025-10-29,BXCL1786,1,578.25,30306-3705,Atlanta,
2025-10-29,BXCM5716,1,380.25,33825-9736,Avon Park,
2025-10-29,BXCM4254,1,2607.75,34787-8515,Winter Garden,
2025-10-29,BXCM5421,2,444.6,33884,Winter Haven,
2025-10-29,BXCL1556,1,1117.8,98532-9208,Chehalis,
2025-10-29,BXCL1551,1,1137.6,98532-9208,Chehalis,
2025-10-29,BXCM5762,1,5.0,23185-7505,Williamsburg,SP
2025-10-29,BXCL1609,1,380.25,34236-1477,Sarasota,
2025-10-29,BXCM4596,1,370.35,34236-1477,Sarasota,
2025-10-29,BXCL1562,1,380.25,48509-1313,Burton,B2B
2025-10-29,BXCL1551,1,1033.65,48509-1313,Burton,B2B
2025-10-29,BXCM5157,1,994.05,08204-2525,Cape May,B2B
2025-10-29,BXCM1782,1,251.55,29466-7643,Mount Pleasant,B2B
2025-10-30,BXCM4494,1,1093.05,70808-3569,Baton Rouge,
2025-10-30,BXCM3765,1,895.05,45227-4422,Cincinnati,
2025-10-30,BXCL1292,2,934.65,19958-4224,Lewes,
2025-10-30,BXCM5148,1,528.75,77382-2515,The Woodlands,
2025-10-30,BXCM1778,1,914.85,45833-9100,Delphos,
2025-10-30,BXCL1609,1,380.25,29681-4509,Simpsonville,B2B
2025-10-30,BXCM1647,1,285.0,02446-2203,Brookline,
2025-10-30,BXCM5776,1,5.0,29644-9749,Fountain Inn,SP
2025-10-30,BXCM5762,1,5.0,75072-5445,McKinney,SP
2025-10-30,BXCM5767,1,5.0,75072-5445,McKinney,SP
2025-10-30,BXCM1016,1,466.5,33144-5123,Coral Gables,
2025-10-30,BXCM5769,1,5.0,08701-4979,lakewood,SP
2025-10-30,BXCM4532,1,290.5,20743-3719,Capitol Heights,B2B
2025-10-30,BXCM1782,2,279.5,20743-3719,Capitol Heights,B2B
2025-10-30,BXCM5383,3,263.0,36555,Magnolia Springs,
2025-10-30,BXCM5776,1,5.0,06807-2711,Cos Cob,SP
2025-10-30,BXCM5768,1,5.0,06807-2711,Cos Cob,SP
2025-10-30,BXCM5715,1,642.5,34104,Naples,
2025-10-30,BXCM5152,4,191.5,77042,Houston,
2025-10-30,BXCM5759,1,5.0,33432-3675,Boca Raton,SP
2025-10-30,BXCM5023,1,1412.5,03452-5509,Jaffrey,
2025-10-31,BXCM1782,1,279.5,80134-2519,Parker,B2B
2025-10-31,BXCM1783,1,367.5,80134-2519,Parker,B2B
2025-10-31,BXCM3765,4,796.5,06468-1346,Monroe,B2B
2025-10-31,BXCM5754,1,5.0,06010,Bristol,SP
2025-10-31,BXCM5779,1,5.0,06010,Bristol,SP
2025-10-31,BXCM5762,1,5.0,06010,Bristol,SP
2025-10-31,BXCM5778,1,5.0,06010,Bristol,SP
2025-10-31,BXCM5777,1,5.0,06010,Bristol,SP
2025-10-31,BXCM5759,1,5.0,06010,Bristol,SP
2025-10-31,BXCM5372,1,5.0,27886-1911,Tarboro,SP
2025-10-31,BXCM1604,1,384.0,01772-1341,Southborough,
2025-10-31,BXCM3777,1,400.5,49720-9619,Charlevoix,
2025-10-31,BXCM5425,1,1163.9,33178-2508,Miami,B2B
2025-10-31,BXCM5157,1,1214.5,71006-8786,Benton,
2025-10-31,BXCM4491,1,1049.5,30650-1859,Madison,
2025-11-01,BXCM3765,2,994.5,30513-4917,Blue Ridge,
2025-11-01,BXCM1656,1,241.0,70115-4224,New Orleans,
2025-11-01,BXCM3765,1,994.5,19116-3534,Philadelphia,B2B
2025-11-01,BXCM3690,1,642.5,33405-5041,West Palm Beach,
2025-11-01,BXCM2378,1,362.0,33810-3256,Lakeland,
2025-11-01,BXCM3690,1,587.5,22932-1536,Crozet,
2025-11-02,BXCL1784,1,554.5,33908-7507,Fort Myers,
2025-11-02,BXCM5149,2,367.5,40065,Shelbyville,
2025-11-02,BXCM5153,1,550.0,40065,Shelbyville,
2025-11-02,BXCM5066,2,312.5,68118-2507,Omaha,
2025-11-03,BXCM4523,1,367.5,22443,Colonial Beach,
2025-11-03,BXCM4489,1,1304.1,33908-7507,Fort Myers,
2025-11-03,BXCM1653,1,1263.68,33908-7507,Fort Myers,
2025-11-03,BXCM3690,1,674.63,33143-3271,South Miami,
2025-11-03,BXCM5155,2,351.23,33486-4538,Boca Raton,B2B
2025-11-03,BXCM3776,1,339.68,34994-9537,Stuart,
2025-11-03,BXCM4607,1,634.2,34684-1063,Palm Harbor,
2025-11-03,BXCM5136,1,1023.75,37075-4249,Hendersonville,
2025-11-03,BXCM1606,1,414.75,19808-1360,Willmington,B2B
2025-11-03,BXCM4006,1,1159.73,73012-7100,Edmond,
2025-11-03,BXCM5029,1,293.48,31904-2866,Columbus,B2B
2025-11-04,BXCM1614,2,241.5,44122-1875,Shaker Heights,
2025-11-04,BXCM5655,4,351.23,34684-1063,Palm Harbor,
2025-11-04,BXCM1782,1,293.48,63124-1578,St Louis,
2025-11-04,BXCM1652,1,1073.1,35223-1235,Mountain Brk,B2B
2025-11-04,BXCM3765,1,1044.23,97489-9655,Leaburg,
2025-11-04,BXCM3765,1,1044.23,92603-0426,Irvine,
2025-11-04,BXCM5157,1,1275.23,70121-1124,New Orleans,B2B
2025-11-04,BXCM4283,2,408.98,21043-6994,Ellicott City,
2025-11-04,BXCM3765,1,1044.23,84060,Park City,
2025-11-05,BXCM5157,1,1275.23,92264-9118,PALM SPRINGS,B2B
2025-11-05,BXCL1150,1,299.25,92660-5422,Newport Beach,B2B
2025-11-05,BXCL1753,2,466.73,34787-7230,Winter garden,
2025-11-05,BXCM1782,1,293.48,21210,Baltimore,
2025-11-05,BXCM4529,1,299.25,35210-1543,Irondale,B2B
2025-11-05,BXCM4529,1,299.25,35210-1543,Irondale,B2B
2025-11-05,BXCM1655,1,807.45,33413-1863,West Palm Beach,B2B
2025-11-05,BXCM4521,1,518.7,33706-2122,St Pete Beach,B2B
2025-11-05,BXCL1716,1,322.35,32963-3727,Vero Beach,
2025-11-05,BXCL1716,1,322.35,32963-3727,Vero Beach,
2025-11-05,BXCM5157,1,1275.23,70507-2406,Lafayette,
2025-11-05,BXCM1657,1,466.73,94549-5100,Lafayette,
2025-11-06,BXCL1784,1,582.23,12952-1902,Lyon Mountain,B2B
2025-11-06,BXCM4525,1,328.13,33483,DELRAY BEACH,
2025-11-06,BXCM3765,1,836.33,30115-5875,Canton,B2B
2025-11-06,BXCM4523,1,385.88,29412-9556,Charleston,B2B
2025-11-06,BXCL1729,1,946.05,17053-1510,Marysville,
2025-11-06,BXCM3770,1,663.08,77009-1018,Houston,B2B
2025-11-07,BXCM5715,1,674.63,33334-4350,Wilton Manors,
2025-11-07,BXCM5155,1,582.23,33414-3502,Wellington,
2025-11-07,BXCM1666,1,328.13,33908-7507,Fort Myers,
2025-11-07,BXCM4486,2,455.18,33908-7507,Fort Myers,
2025-11-07,BXCL1656,1,1090.43,10065-7011,Ny,
2025-11-07,BXCM4833,1,1309.88,34484-3378,Oxford,B2B
2025-11-07,BXCM4836,1,495.6,34484-3378,Oxford,B2B
2025-11-07,BXCM1609,1,403.2,20016-2506,Washington,
2025-11-07,BXCM1783,1,385.88,33455-8030,Hobe Sound,
2025-11-07,BXCM3765,1,1044.23,30360-3292,Doraville,B2B
2025-11-07,BXCM1656,2,253.05,77018,Houston,
2025-11-07,BXCM1655,1,992.25,33305-3451,Fort Lauderdale,B2B
2025-11-08,BXCM5579,1,5.0,28557,Morehead City,SP
2025-11-08,BXCM1783,1,385.88,53092-3522,Mequon,
2025-11-08,BXCL1487,1,819.0,02906-3100,Providence,
2025-11-08,BXCL1489,1,1252.13,02906-3100,Providence,
2025-11-08,BXCL1488,1,484.05,02906-3100,Providence,
2025-11-08,BXCM3765,1,836.33,L1M 1K3,Whitby,
2025-11-08,BXCM5416,1,917.18,33432,Boca Raton,
2025-11-08,BXCM1652,1,1073.1,34110,Naples,B2B
2025-11-08,BXCM1634,1,281.93,10580-1611,Rye,
2025-11-08,BXCM5421,1,518.7,33431-5416,Boca Raton,
2025-11-08,BXCM1782,1,293.48,33431-5416,Boca Raton,
2025-11-08,BXCM3765,1,1044.23,07090-3423,Westfield,
2025-11-09,BXCM5155,1,582.23,92084-7415,Vista,
2025-11-09,BXCM3765,5,836.33,40207-1525,LOUISVILLE,
2025-11-09,BXCM5023,1,1483.13,90049,Los Angeles,B2B
2025-11-09,BXCL1556,1,1182.83,90049,Los Angeles,B2B
2025-11-09,BXCM1783,1,385.88,11560-2217,Locust Valley,
2025-11-09,BXCL1551,1,1067.33,22032-3001,Fairfax,
2025-11-09,BXCM1606,1,414.75,02482-2341,Wellesley,
2025-11-09,BXCM4487,2,524.48,78597-6618,South Padre Island,
2025-11-09,BXCL1781,1,894.08,33432-5672,Boca Raton,
2025-11-09,BXCM5157,1,813.23,40208-2236,Louisville,B2B
2025-11-09,BXCM1648,1,299.25,01945-2209,Marblehead,
2025-11-10,BXCM3690,1,616.88,28209-2428,Charlotte,
2025-11-10,BXCM3765,1,1044.23,32092-1951,St Augustine,
2025-11-10,BXCM5580,1,5.0,28557,Morehead City,SP
2025-11-10,BXCM5372,1,5.0,28557,Morehead City,SP
2025-11-10,BXCM1606,1,414.75,11530-2542,Garden City,
2025-11-10,BXCM4242,1,547.58,54313-4347,Green Bay,
2025-11-10,BXCM5717,1,870.98,37209-3924,Nashville,
2025-11-10,BXCM5000,1,547.58,34103-0607,Naples,
2025-11-10,BXCM1655,1,1223.25,31522-4448,St Simons Island,
2025-11-10,BXCM5157,1,1275.23,84062-8086,Pleasant Grove,
2025-11-10,BXCM5155,2,351.23,33021-1843,Hollywood,B2B
2025-11-10,BXCM5155,1,582.23,30004-8249,Alpharetta,B2B
2025-11-10,BXCM3690,1,674.63,30004-8249,Alpharetta,B2B
2025-11-10,BXCM4523,1,385.88,29451-2514,Isle of Palms,B2B
2025-11-10,BXCM1655,1,1223.25,33037-3731,Key Largo,
2025-11-10,BXCM4596,1,408.98,92651-1604,LAGUNA BEACH,
2025-11-10,BXCM1650,2,755.48,33037-3731,Key Largo,
2025-11-10,BXCM2380,2,333.9,02492-4229,Needham,
2025-11-11,BXCM1634,6,305.03,02467-2829,Chestnut Hill,
2025-11-11,BXCM5136,1,1023.75,02482-1037,Wellesley,
2025-11-11,BXCM4536,1,697.73,63105-3017,Clayton,B2B
2025-11-11,BXCM4734,1,299.25,33609-4658,Tampa,
2025-11-11,BXCM3765,1,1044.23,01810,Andover,
2025-11-11,BXCM4497,1,1402.28,33149-2319,Key Biscayne,
2025-11-11,BXCM1656,1,253.05,22901-7817,Charlottesville,
2025-11-11,BXCM1656,1,253.05,22901-7817,Charlottesville,
2025-11-11,BXCL1609,1,443.63,34212-5023,Bradenton,
2025-11-11,BXCM1634,8,276.15,33441,Deerfield Beach,
2025-11-11,BXCM5157,1,1159.73,10583-6940,scarsdale,
2025-11-11,BXCM5157,1,1275.23,29487-6828,Wadmalaw Island,B2B
2025-11-11,BXCM3779,1,380.1,03833-6822,Kensington,
2025-11-11,BXCM3778,1,842.1,03833-6822,Kensington,
2025-11-11,BXCM4524,1,374.33,34103-3874,Naples,
2025-11-12,BXCM1634,1,305.03,02052-1528,Medfield,B2B
2025-11-12,BXCL1551,1,1327.2,89102,Las Vegas,
2025-11-12,BXCM5157,1,1275.23,06468-1346,Monroe,B2B
2025-11-12,BXCM3690,1,674.63,02482-7103,Wellesley,B2B
2025-11-12,BXCM5157,1,1275.23,02067-1637,Sharon,B2B
2025-11-12,BXCM1656,1,253.05,32960-5157,Vero Beach,
2025-11-12,BXCM4490,1,484.05,29910-8331,Bluffton,
2025-11-12,BXCM5422,1,351.23,34990-2520,Palm City,B2B
2025-11-12,BXCM4493,1,732.38,64152-5516,Parkville,
2025-11-12,BXCM4596,1,455.18,33767-2795,Clearwater Beach,
2025-11-13,BXCM4536,1,697.73,33908-7507,Fort Myers,
2025-11-13,BXCL1641,1,882.53,30041-1901,Cumming,
2025-11-13,BXCM3765,1,1182.83,30318-3600,Atlanta,B2B
2025-11-13,BXCM1607,1,414.75,05495-9744,Williston,B2B
2025-11-13,BXCM3778,2,865.2,02886-9556,Warwick,B2B
2025-11-13,BXCM1635,1,732.38,11972,Speonk,
2025-11-13,BXCM1656,1,253.05,33142-6725,Miami,
2025-11-13,BXCM2380,1,357.0,06870-1703,Old Greenwich,
2025-11-13,BXCM1783,1,385.88,30666-3640,Statham,B2B
2025-11-13,BXCM3690,1,674.63,29412,Charleston,
2025-11-14,BXCM3765,1,1044.23,76504-3640,Temple,
2025-11-14,BXCM5157,1,1159.73,72530-3079,Drasco,
2025-11-14,BXCL1551,1,1205.93,12020-3699,BALLSTON SPA,
2025-11-14,BXCM1652,1,1073.1,33411-2639,West Palm Beach,B2B
2025-11-14,BXCM5157,1,1275.23,30536-3950,Ellijay,
2025-11-14,BXCM4528,2,212.63,08008-3438,Long Beach Township,
2025-11-14,BXCL1551,1,1205.93,65201-8399,Columbia,
2025-11-14,BXCM4006,1,1332.98,32502-6262,pensacola,B2B
2025-11-15,BXCL1641,1,951.83,34145-3575,Marco Island,
2025-11-15,BXCM4608,1,940.28,42642-7501,Russell Springs,B2B
2025-11-15,BXCM1784,1,443.63,33435-6111,Boynton Beach,
2025-11-15,BXCM4265,1,674.63,19967-6785,MILLVILLE,
2025-11-15,BXCM3686,1,1021.13,28173-7125,Waxhaw,
2025-11-15,BXCM3690,2,674.63,75248-2842,Dallas,
2025-11-15,BXCM5133,1,582.75,03104-2315,Manchester,
2025-11-15,BXCM3686,1,1021.13,55439-2565,Edina,
2025-11-15,BXCM5635,1,709.28,80020-9690,Broomfield,
2025-11-15,BXCM1655,1,992.25,34293,Venice,
2025-11-15,BXCM1657,1,466.73,34293,Venice,
2025-11-16,BXCM1604,1,403.2,14807-9690,Arkport,
2025-11-16,BXCM1619,1,114.45,95762-4511,El Dorado Hills,
2025-11-16,BXCM1783,1,385.88,37405-3745,Chattanooga,
2025-11-16,BXCM4494,1,1275.23,34104-3617,Naples,B2B
2025-11-16,BXCM5147,2,212.63,02129,Boston,
2025-11-16,BXCM4006,1,1332.98,21050-2218,Forest Hill,
2025-11-16,BXCM1782,2,293.48,32176-4765,Ormond Beach,
2025-11-17,BXCM1633,2,310.8,14750-1177,Lakewood,
2025-11-17,BXCM3765,1,1044.23,01060-2821,Northampton,
2025-11-17,BXCM1782,1,293.48,29928,Hilton Head Island,B2B
2025-11-17,BXCM1656,1,253.05,33060,Pompano Beach,
2025-11-17,BXCM4536,1,697.73,08226-4551,Ocean City,B2B
2025-11-17,BXCM5152,4,201.08,60045-2841,Lake Forest,B2B
2025-11-17,BXCM4486,1,455.18,33401-6186,West Palm Beach,B2B
2025-11-17,BXCM5157,1,813.23,98029-3500,Issaquah,B2B
2025-11-17,BXCL1785,2,374.33,06468-1346,Monroe,B2B
2025-11-17,BXCM4244,1,536.03,02446-2772,Brookline,
2025-11-18,BXCM3686,1,963.38,76667-2105,Mexia,B2B
2025-11-18,BXCL1292,1,1090.43,85338-8149,Goodyear,
2025-11-18,BXCM5509,1,1893.15,10065-6260,New York,
2025-11-18,BXCM1822,1,258.83,33480-4080,Palm Beach,
2025-11-18,BXCM4489,1,835.0,34108-1760,Naples,
2025-11-18,BXCM5157,1,1159.73,31324-7381,Richmond Hill,
2025-11-18,BXCL1609,1,443.63,02482,Wellesley,B2B
2025-11-18,BXCM1652,1,1050.0,11545-2810,Glen Head,B2B
2025-11-18,BXCM1667,1,437.85,29707-0191,Indian Land,B2B
2025-11-18,BXCM3690,1,674.63,07064-1044,Port Reading,B2B
2025-11-18,BXCM1783,1,385.88,92662-1238,Newport Beach,B2B
2025-11-18,BXCM1782,1,293.48,92662-1238,Newport Beach,B2B
2025-11-18,BXCM5136,1,697.73,11225-5368,Brooklyn,B2B
2025-11-18,BXCM3765,1,1182.83,20155-1750,Gainesville,
2025-11-18,BXCM4256,2,998.03,29418-2045,North Charleston,
2025-11-19,BXCL1685,4,218.4,32827-7699,Orlando,
2025-11-19,BXCL1685,1,218.4,60201-3501,evanston,
2025-11-19,BXCL1685,1,218.4,60201-3501,evanston,
2025-11-19,BXCM1656,1,253.05,06831-2829,Greenwich,
2025-11-19,BXCM5639,2,374.33,34119,Naples,
2025-11-19,BXCM4494,1,1275.23,33064,Lighthouse Point,
2025-11-19,BXCM5419,2,593.78,33178-6559,Medley,
2025-11-19,BXCM1782,2,293.48,33461-5738,Lake Worth Beach,B2B
2025-11-19,BXCM1782,1,293.48,34108-0736,Naples,
2025-11-19,BXCM4836,1,403.2,46635-1775,South Bend,B2B
2025-11-19,BXCM5710,1,1159.73,22401-4601,Fredericksburg,
2025-11-20,BXCM1778,1,1067.33,21409-4235,Annapolis,
2025-11-20,BXCM1655,1,1039.76,34102-4638,Naples,B2B
2025-11-20,BXCM3765,1,887.6,29439,Folly Beach,
2025-11-20,BXCM5157,1,1083.95,35748-8804,Gurley,
2025-11-20,BXCM2380,1,303.45,92692-4744,Mission Viejo,
2025-11-20,BXCM2380,1,303.45,92692-4744,Mission Viejo,
2025-11-20,BXCM3765,1,887.6,33142-6953,Miami,B2B
2025-11-20,BXCM5157,1,1083.95,31792-6743,Thomasville,
2025-11-20,BXCM1784,1,377.09,76092-3836,Southlake,
2025-11-20,BXCM5640,3,328.0,97702-1251,Bend,
2025-11-21,BXCM1604,1,342.72,68007-2840,Bennington,
2025-11-21,BXCM1604,1,342.72,92626-5275,Costa Mesa,
2025-11-21,BXCL1150,1,254.36,90745-6228,Carson,
2025-11-21,BXCM4486,1,386.9,34134-3793,Bonita Springs,
2025-11-21,BXCM4777,2,642.16,33433,Boca Raton,
2025-11-21,BXCM3778,1,656.88,02152-1218,Winthrop,
2025-11-21,BXCM1653,1,1039.76,28211-4428,Charlotte,B2B
2025-11-21,BXCM4523,1,328.0,29405-6880,North Charleston,B2B
2025-11-21,BXCM1604,1,342.72,15301,Washington,
2025-11-21,BXCM1608,1,264.18,15301,Washington,
2025-11-21,BXCL1753,2,396.72,32502-6262,pensacola,B2B
2025-11-21,BXCM5430,1,1250.84,32459-6417,Santa Rosa Beach,B2B
2025-11-21,BXCM5023,1,1064.31,28405-0200,Wilmington,B2B
2025-11-21,BXCM5416,2,779.6,33609,Tampa,
2025-11-21,BXCL1563,2,543.98,28405-0200,Wilmington,B2B
2025-11-21,BXCM1606,1,352.54,01945-2209,Marblehead,
2025-11-22,BXCM3686,1,867.96,02818,East Greenwich,
2025-11-22,BXCM1604,1,342.72,29803,Aiken,
2025-11-22,BXCM4528,1,180.74,02339-1700,Hanover,
2025-11-22,BXCM5136,1,745.24,02466,Auburndale,
2025-11-22,BXCM4595,2,494.9,32256-9604,JACKSONVILLE,
2025-11-22,BXCL1641,1,867.96,75056-5647,Lewisville,
2025-11-22,BXCM1782,2,249.46,32413-2916,Panama City Beach,B2B
2025-11-22,BXCM1655,1,1039.76,06468,Monroe,
2025-11-22,BXCM5157,1,985.77,08022-1010,Columbus,
2025-11-22,BXCM4493,1,622.52,27278-7408,Hillsborough,
2025-11-22,BXCL1150,1,254.36,32163,The Villages,
2025-11-22,BXCM1783,1,328.0,01730-1258,Bedford,
2025-11-22,BXCM2379,2,303.45,07046-1103,Mountain Lakes,
2025-11-22,BXCM4607,1,539.07,14450,Fairport,
2025-11-22,BXCM1016,1,416.36,06831-3623,Greenwich,
2025-11-22,BXCL1265,2,691.25,04046-5262,Kennebunkport,
2025-11-23,BXCM3765,1,887.6,L0E 1E0,Cannington,
2025-11-23,BXCM4596,1,347.63,32967-8151,Vero Beach,
2025-11-23,BXCM3690,1,573.44,35223-1318,Mountain Brk,
2025-11-23,BXCM1606,1,352.54,30041-9539,Cumming,
2025-11-23,BXCM5139,2,495.34,34114-3222,Naples,
2025-11-23,BXCM1782,1,249.46,55391,Wayzata,
2025-11-23,BXCM5057,1,735.42,43558-1264,Swanton,
2025-11-23,BXCM5157,1,1083.95,48854,Mason,
2025-11-23,BXCM5157,1,1083.95,30135-7611,Douglasville,
2025-11-23,BXCM1634,8,259.28,06840-6601,New Canaan,
2025-11-23,BXCM3765,1,887.6,02360-2427,Plymouth,
2025-11-23,BXCM4523,1,328.0,28037-9227,Denver,
2025-11-23,BXCM1606,1,352.54,48178,South Lyon,
2025-11-23,BXCM2380,1,303.45,92692-4744,Mission Viejo,
2025-11-24,BXCM3765,1,887.6,60004-4818,Arlington Hts,B2B
2025-11-24,BXCM1652,1,912.14,10014-0675,New York,
2025-11-24,BXCM4523,1,328.0,33460-3155,Lake Worth,
2025-11-24,BXCM3686,1,867.96,27614-8947,Raleigh,B2B
2025-11-24,BXCM4494,1,1083.95,33410-1270,Palm Beach Gardens,
2025-11-24,BXCM4486,1,377.09,02540-3810,Falmouth,B2B
2025-11-24,BXCM1653,1,1074.13,33908-7507,Fort Myers,
2025-11-24,BXCM1609,1,342.72,06070,Simsbury,
2025-11-24,BXCM1648,2,254.36,06070,Simsbury,
2025-11-24,BXCM5157,1,985.77,45208-3335,Cincinnati,
2025-11-24,BXCM4597,1,593.07,89129,Las Vegas,
2025-11-24,BXCM4084,3,926.87,77534,Danbury,B2B
2025-11-24,BXCM1656,1,215.09,28466-8161,Wallace,B2B
2025-11-24,BXCM1784,1,377.09,38655-1530,Oxford,
2025-11-24,BXCM5155,2,396.72,28451-8806,Leland,B2B
2025-11-24,BXCM4286,3,377.09,34957-2436,Jensen Beach,
2025-11-24,BXCM5157,2,691.25,33169-5039,Miami Gardens,B2B
2025-11-25,BXCL1266,1,730.52,32221-3233,Jacksonville,
2025-11-25,BXCL1292,1,1216.48,32221-3233,Jacksonville,
2025-11-25,BXCL1266,1,730.52,32221-3233,Jacksonville,
2025-11-25,BXCM5025,1,809.06,48186-3862,Westland,
2025-11-25,BXCM1604,1,342.72,30518-8912,Sugar Hill,
2025-11-25,BXCL1149,1,220.01,34450-6930,Inverness,
2025-11-25,BXCM1667,1,372.17,63105-3017,Clayton,B2B
2025-11-25,BXCL1265,1,745.24,07005-2331,Boonton,
2025-11-25,BXCM3686,1,867.96,75069,McKinney,
2025-11-25,BXCM5421,1,440.9,33884-2835,Winter Haven,
2025-11-25,BXCM3765,1,710.88,11713-2610,Bellport,B2B
2025-11-25,BXCL1656,1,897.41,33480,Palm Beach,
2025-11-25,BXCM5497,1,1025.04,43410-1838,Clyde,
2025-11-25,BXCM1612,4,249.46,70447-9534,Madisonville,
2025-11-25,BXCM4006,1,985.77,34747-3391,Davenport,B2B
2025-11-25,BXCM5023,1,1064.31,06355-2423,Mystic,B2B
2025-11-25,BXCM3765,1,710.88,21204-3521,Towson,
2025-11-25,BXCM3960,6,229.82,34142-5333,Ave Maria,
2025-11-26,BXCM5723,2,416.36,71291-4714,West Monroe,
2025-11-26,BXCM3777,1,367.27,02633,Chatham,
2025-11-26,BXCM1656,1,215.09,33025-5800,Miramar,B2B
2025-11-26,BXCM1655,1,686.33,27501-9587,Angier,
2025-11-26,BXCL1149,2,220.01,02332-5111,Duxbury,
2025-11-26,BXCL1152,1,426.17,E3G 7N4,Douglas,B2B
2025-11-26,BXCM5157,1,1083.95,31405-4020,Savannah,B2B
2025-11-26,BXCM1657,1,377.09,34211,Bradenton,
2025-11-26,BXCM1655,2,686.33,34211,Bradenton,
2025-11-26,BXCM1655,1,1039.76,40503-2034,Lexington,B2B
2025-11-26,BXCM1655,1,843.41,22310-2225,Alexandria,
2025-11-26,BXCM5155,1,396.72,06840,New Canaan,
2025-11-26,BXCM5157,1,1083.95,39211-6622,Jackson,B2B
2025-11-27,BXCM5719,1,867.96,56473-2398,Pillager,B2B
2025-11-27,BXCM3690,1,524.35,99218-1583,Spokane,
2025-11-27,BXCM5136,1,870.19,39571-4838,Pass Christian,
2025-11-27,BXCM1666,1,283.82,80007,Arvada,B2B
2025-11-27,BXCM3777,1,357.45,08736-1028,Manasquan,
2025-11-27,BXCM5136,1,745.24,73505-9571,Lawton,
2025-11-27,BXCM5157,1,1083.95,24328-2937,Fancy gap,
2025-11-27,BXCL1551,1,1025.04,37033-3967,Centerville,
2025-11-28,BXCM4523,1,328.0,46205-1847,Indianapolis,
2025-11-28,BXCM5157,1,985.77,29902-5834,Beaufort,
2025-11-28,BXCM1782,2,249.46,61570-9700,Washburn,
2025-11-28,BXCM4265,1,548.89,32081-6137,Nocatee,
2025-11-28,BXCM3934,1,917.05,11976-2913,Water Mill,
2025-11-28,BXCL1772,2,308.36,78731-1178,Austin,B2B
2025-11-28,BXCM3765,1,887.6,11530,Garden City,
2025-11-28,BXCM4482,1,543.98,02667-7341,Wellfleet,
2025-11-28,BXCM4836,1,313.27,32081-6137,Nocatee,
2025-11-28,BXCM4489,1,902.32,60022-1442,Glencoe,
2025-11-28,BXCM4473,1,1265.57,10302-2114,Staten Iisland,
2025-11-28,BXCL1562,1,401.63,14905-2323,Elmira,
2025-11-28,BXCM1813,1,347.63,14905-2323,Elmira,
2025-11-28,BXCM3765,1,1005.41,97103-8109,Astoria,B2B
2025-11-28,BXCM4491,1,936.68,31411-2945,Savannah,B2B
2025-11-28,BXCM4492,1,1015.22,31411-2945,Savannah,B2B
2025-11-28,BXCM4494,1,1083.95,31411-2945,Savannah,B2B
2025-11-28,BXCM4528,1,180.74,19473-2059,Schwenksville,
2025-11-28,BXCM1806,2,210.19,75225-5428,Dallas,
2025-11-28,BXCM3765,1,887.6,77005,Houston,
2025-11-28,BXCM3765,1,1005.41,80138-7443,Parker,
2025-11-28,BXCL1756,1,1064.31,31061-6425,Milledgeville,
2025-11-28,BXCM1782,1,249.46,80134-2519,Parker,B2B
2025-11-28,BXCM1617,1,789.42,55347-4739,Eden Prairie,
2025-11-28,BXCM5157,1,1083.95,84332-6004,Providence,
2025-11-28,BXCL1641,1,750.15,08827-4126,Hampton,
2025-11-28,BXCM3778,2,701.06,85742-8004,Tucson,
2025-11-28,BXCL1683,2,244.55,95472-2669,Sebastopol,
2025-11-28,BXCM3960,2,205.28,95472-2669,Sebastopol,
2025-11-28,BXCM4524,1,318.18,95472-2669,Sebastopol,
2025-11-28,BXCM4534,1,1015.22,95472-2669,Sebastopol,
2025-11-28,BXCM5157,1,985.77,62301-4268,Quincy,
2025-11-29,BXCL1292,1,1103.58,55345-6085,Minnetonka,
2025-11-29,BXCL1786,1,573.44,08032,grenloch,
2025-11-29,BXCM4006,1,1133.03,27332,Sanford,
2025-11-29,BXCM1784,1,377.09,33629-6430,Tampa,B2B
2025-11-29,BXCM1782,2,249.46,29907-3627,Beaufort,
2025-11-29,BXCM3690,1,573.44,27614-5200,RALEIGH,
2025-11-29,BXCM5157,1,1083.95,71269-4605,Rayville,
2025-11-29,BXCM5155,1,494.9,32408-6114,Panama City,B2B
2025-11-29,BXCM4607,1,539.07,28461-0406,Southport,
2025-11-29,BXCM5057,1,735.42,30290-2571,Tyrone,
2025-11-29,BXCM5136,1,870.19,32080-6383,St Augustine,B2B
2025-11-29,BXCM4523,1,328.0,34109,Naples,
2025-11-29,BXCL1556,1,1108.49,95648-7502,Lincoln,
2025-11-29,BXCM3686,1,818.87,55378-1768,Savage,
2025-11-29,BXCM1655,1,843.41,08759-6805,Manchester Township,
2025-11-29,BXCM4518,2,485.08,30022-8039,Johns Creek,
2025-11-29,BXCL1675,1,229.82,30022-8039,Johns Creek,
2025-11-29,BXCM3934,1,1064.31,77389-5164,Spring,
2025-11-29,BXCL1716,1,269.09,01930-1606,GLOUCESTER,
2025-11-30,BXCM5157,1,985.77,06883-2625,Weston,B2B
2025-11-30,BXCM3765,1,887.6,06883-2625,Weston,B2B
2025-11-30,BXCM5157,1,1083.95,49612-9724,Alden,
2025-11-30,BXCM1656,1,215.09,11724-1200,Cold Spring Harbor,
2025-11-30,BXCM3765,1,887.6,28104-7885,Matthews,
2025-11-30,BXCM4486,2,386.9,77381,The woodlands,
2025-11-30,BXCM4528,1,180.74,19403,Norristown,
2025-11-30,BXCM4486,2,386.9,33606-3000,Tampa,B2B
2025-11-30,BXCM4596,1,386.9,33435-3346,Ocean Ridge,B2B
2025-11-30,BXCL1766,1,1088.85,25314-1413,Charleston,
2025-11-30,BXCL1150,1,254.36,22201,Arlington,
2025-11-30,BXCM4536,1,593.07,34217-1852,Holmes Beach,
2025-11-30,BXCL1513,2,534.17,92677-4215,Laguna Niguel,
2025-11-30,BXCM5155,1,396.72,31014,Cochran,
2025-11-30,BXCM5157,1,985.77,70047,Destrehan,
2025-11-30,BXCM5149,1,328.0,02806-1575,Barrington,
2025-11-30,BXCM5155,1,396.72,33629-7338,Tampa,
2025-11-30,BXCM5029,4,278.91,77005-2051,Houston,
2025-11-30,BXCM5380,1,2036.24,28205-3934,Charlotte,
2025-11-30,BXCM3777,1,406.54,06107-1139,West Hartford,B2B
2025-12-01,BXCM4528,1,180.74,32081-0681,Ponte Vedra Beach,
2025-12-01,BXCM4528,2,180.74,95667,Placerville,
2025-12-01,BXCM4487,2,445.81,92008-1507,Carlsbad,B2B
2025-12-01,BXCM3765,1,887.6,75148,Malakoff,
2025-12-01,BXCM4244,1,514.53,15017-3102,Bridgeville,
2025-12-01,BXCM1783,1,328.0,08648-3920,Lawrence Township,
2025-12-01,BXCM3765,1,1005.41,97202-2928,Portland,
2025-12-01,BXCL1609,1,377.09,27517-5650,Chapel Hill,
2025-12-01,BXCM5416,2,853.23,33706-1912,St Pete Beach,
2025-12-01,BXCM4492,2,1015.22,93108-2533,Montecito,
2025-12-01,BXCM1783,1,328.0,02879,Wakefield,
2025-12-01,BXCL1641,1,779.6,30068-4410,marietta,
2025-12-01,BXCM1782,1,249.46,21678-1305,Worton,
2025-12-01,BXCM1783,1,328.0,21678-1305,Worton,
2025-12-01,BXCM4491,1,936.68,74432-8000,Carlton Lndg,B2B
2025-12-01,BXCM5662,1,1172.3,77478-3324,Sugar Land,
2025-12-01,BXCM1634,4,234.73,28226-6464,Charlotte,
2025-12-01,BXCM1633,2,259.28,34135,Bonita Springs,
2025-12-01,BXCM1634,4,239.64,34135,Bonita Springs,
2025-12-01,BXCM2380,4,283.82,34135,Bonita Springs,
2025-12-01,BXCM1751,6,283.82,30327,Atlanta,
2025-12-01,BXCM1751,1,283.82,30327,Atlanta,
2025-12-01,BXCM4006,1,985.77,08088-9525,Shamong,
2025-12-01,BXCM5153,1,490.88,34217,Holmes Beach,
2025-12-01,BXCM5149,1,328.0,34217,Holmes Beach,
2025-12-01,BXCL1740,1,867.96,02906-1516,Providence,
2025-12-01,BXCM5710,1,985.77,74008-4180,Bixby,
2025-12-01,BXCM5663,1,725.6,02050,Marshfield,
2025-12-01,BXCM3777,1,450.71,78373,Port Aransas,B2B
2025-12-01,BXCL1772,4,303.45,97341-9536,DEPOE BAY,B2B
2025-12-01,BXCM1667,1,435.99,97341-9536,DEPOE BAY,B2B
2025-12-01,BXCM5023,1,1064.31,29906-9127,Beaufort,
2025-12-01,BXCM3765,1,836.33,29466-2440,Mount Pleasant,
2025-12-01,BXCM3765,1,887.6,31405,Savannah,
2025-12-01,BXCM5157,1,1083.95,78373,Port Aransas,B2B
2025-12-02,BXCM5023,1,1064.31,37803-6414,Maryville,
2025-12-02,BXCM5157,1,1083.95,33785-2917,Indian Rocks Beach,
2025-12-02,BXCM5155,1,494.9,29928-2912,Hilton Head Island,
2025-12-02,BXCM5153,1,490.88,01944-1136,Manchester-by-the-Sea,
2025-12-02,BXCM1604,1,342.72,53511,Beloit,
2025-12-02,BXCM5710,1,985.77,84054,North Salt Lake,B2B
2025-12-02,BXCM5023,1,1064.31,78209-5406,San Antonio,
2025-12-02,BXCM4487,2,445.81,07762-1124,Spring Lake,
2025-12-02,BXCM4491,1,936.68,07762-1124,Spring Lake,
2025-12-02,BXCL1150,1,254.36,70518-8042,Broussard,
2025-12-02,BXCM4491,1,936.68,27540-6185,Holly Springs,
2025-12-02,BXCM5063,2,799.24,33404-2732,Riviera Beach,
2025-12-02,BXCM3765,1,887.6,21230-4734,Baltimore,B2B
2025-12-02,BXCM5157,1,985.77,31401-6809,Savannah,
2025-12-02,BXCM4740,2,170.92,29536-7970,Dillon,
2025-12-02,BXCM4608,1,740.33,32413-1057,Panama City Beach,B2B
2025-12-02,BXCL1740,1,867.96,79765-5074,Odessa,
2025-12-02,BXCM5646,1,283.82,33991-7520,Cape Coral,B2B
2025-12-02,BXCM3690,1,573.44,33991-7520,Cape Coral,B2B
2025-12-02,BXCM4006,1,1133.03,29440-7405,Georgetown,
2025-12-02,BXCM3793,2,1442.28,66207-3400,Prairie Village,B2B
2025-12-02,BXCM5023,1,1064.31,14468-9203,Hilton,B2B
2025-12-02,BXCM5057,1,548.89,21030-2944,Cockeysville,
2025-12-02,BXCL1609,1,377.09,34236-1477,Sarasota,
2025-12-02,BXCL1641,1,750.15,94546,Castro valley,
2025-12-02,BXCM1656,1,215.09,33301-1515,Fort Lauderdale,B2B
2025-12-03,BXCM3649,1,0.0,08844-3311,Hillsborough,SP
2025-12-03,BXCM4006,1,1133.03,57110-8101,Sioux Falls,
2025-12-03,BXCM4006,1,1332.98,29455-7270,Johns Island,
2025-12-03,BXCM1652,1,1073.1,K1Y 3L2,Ottawa,
2025-12-03,BXCM5420,2,449.4,06468-1346,Monroe,B2B
2025-12-03,BXCM5157,1,1159.73,59715-9640,Bozeman,
2025-12-03,BXCM5638,6,345.45,08033-1723,Haddonfield,B2B
2025-12-03,BXCM4491,1,936.68,34293,Venice,
2025-12-03,BXCM4486,1,386.9,34293,Venice,
2025-12-03,BXCM3686,1,963.38,19401-5318,Norristown,B2B
2025-12-03,BXCM1655,1,992.25,02780-1070,Taunton,B2B
2025-12-03,BXCM1604,1,403.2,49546-7523,Grand Rapids,
2025-12-04,BXCM3690,1,616.88,76109-1017,Fort Worth,
2025-12-04,BXCM1783,1,385.88,34120-4329,Naples,
2025-12-04,BXCM1604,1,403.2,08202-2312,Avalon,
2025-12-04,BXCM5079,1,2025.98,08401-5102,Atlantic City,
2025-12-04,BXCM3777,1,466.73,30327-1352,Atlanta,
2025-12-04,BXCM4006,1,1159.73,84790-3601,St George,B2B
2025-12-05,BXCM4493,2,732.38,33178-6507,Miami,B2B
2025-12-05,BXCM1639,1,582.23,29414-6807,Charleston,
2025-12-05,BXCL1551,1,1205.93,07066,Clark,
2025-12-05,BXCM4487,2,524.48,92625-1313,Corona Del Mar,B2B
2025-12-05,BXCM1653,1,1223.25,33418-1745,Palm Beach Gardens,
2025-12-06,BXCM4491,1,1101.98,29708-6459,Fort Mill,
2025-12-06,BXCM3777,1,466.73,31401-4716,Savannah,B2B
2025-12-06,BXCM5133,1,582.75,10028-6500,New York,B2B
2025-12-07,BXCM1657,1,466.73,32514,Pensacola,
2025-12-07,BXCM1655,2,807.45,32514,Pensacola,
2025-12-07,BXCM1656,2,253.05,32514,Pensacola,
2025-12-07,BXCM1650,2,755.48,32514,Pensacola,
2025-12-07,BXCM4525,1,328.13,60093-3934,Winnetka,
2025-12-07,BXCM4492,1,1194.38,77554,Galveston,
2025-12-07,BXCM1667,1,512.93,94122-4623,San Francisco,
2025-12-08,BXCM2379,1,380.1,31909-3819,Columbus,
2025-12-08,BXCM1778,1,1067.33,43065-8863,Powell,
2025-12-08,BXCM5134,1,446.25,55441-4148,Plymouth,B2B
2025-12-08,BXCL1204,1,270.38,33711-4683,St Petersburg,
2025-12-08,BXCM5710,1,1159.73,92126,San Diego,
2025-12-08,BXCM1667,1,437.85,34606,Spring Hill,
2025-12-08,BXCM5157,1,1275.23,02543-1024,Woods Hole,B2B
2025-12-08,BXCM5157,1,1275.23,02543-1024,Woods Hole,B2B
2025-12-08,BXCM5157,1,1159.73,97128-6745,McMinnville,B2B
2025-12-09,BXCM5155,1,466.73,30101-5669,ACWORTH,B2B
2025-12-09,BXCM5157,1,1275.23,07064-1044,Port Reading,B2B
2025-12-09,BXCM5157,1,1275.23,02554,Nantucket,B2B
2025-12-09,BXCM4494,1,1275.23,02554,Nantucket,B2B
2025-12-09,BXCM4487,2,524.48,02554,Nantucket,B2B
2025-12-09,BXCM5638,3,333.9,75244-7443,Dallas,B2B
2025-12-09,BXCM5661,2,1084.65,L2G 5L6,Niagara Falls,
2025-12-09,BXCM1656,1,253.05,32259-4071,SAINT JOHNS,
2025-12-09,BXCL1756,1,1252.13,33458-3325,Jupiter,B2B
2025-12-09,BXCM5646,3,322.35,28466-8161,Wallace,B2B
2025-12-09,BXCM5131,1,1275.75,10708-3213,Bronxville,
2025-12-09,BXCM5134,1,446.25,10708-3213,Bronxville,
2025-12-09,BXCM5639,6,357.0,84054-3395,North Salt Lake,B2B
2025-12-09,BXCM5157,1,1159.73,85750-1922,Tucson,
2025-12-10,BXCM4244,1,553.35,32124,Daytona Beach,
2025-12-10,BXCM4260,1,1101.98,02840-6518,Newport,B2B
2025-12-10,BXCM5706,2,414.75,43212-1063,Upper Arlington,
2025-12-10,BXCM5032,1,680.4,60201-2914,Evanston,
2025-12-10,BXCM3765,1,1044.23,31522-2637,Saint Simons Island,B2B
2025-12-10,BXCM5470,1,657.3,48236-2521,Grosse Pointe Woods,
2025-12-11,BXCL1781,1,894.08,10583-7262,Scarsdale,
2025-12-11,BXCM4534,1,1194.38,32504-4430,Pensacola,B2B
2025-12-11,BXCM3777,1,408.98,34108-3017,Naples,B2B
2025-12-11,BXCM5139,2,582.75,81225,Mt Crested Butte,B2B
2025-12-11,BXCM5155,1,466.73,77024-4300,Houston,
2025-12-11,BXCM5157,1,1275.23,13152-8863,Skaneateles,
2025-12-11,BXCM5140,1,569.1,34997-2166,Stuart,
2025-12-12,BXCM1652,1,1050.0,33036-3309,Islamorada,
2025-12-12,BXCM4006,1,1159.73,34684-2303,Palm Harbor,B2B
2025-12-12,BXCM4006,1,1332.98,29611-7953,Greenville,B2B
2025-12-12,BXCM5157,1,1275.23,75652-3324,Henderson,
2025-12-12,BXCM4525,1,281.93,17834-2005,KULPMONT,
2025-12-12,BXCM5157,1,1275.23,31522-1787,St Simons Island,
2025-12-12,BXCM1655,1,992.25,33304-4059,Fort Lauderdale,B2B
2025-12-13,BXCM3690,1,674.63,19958-5088,Lewes,B2B
2025-12-13,BXCM1783,1,385.88,32137-2460,Palm Coast,
2025-12-13,BXCM1782,2,293.48,32137-2460,Palm Coast,
2025-12-14,BXCL1292,1,1298.33,37064-1124,Franklin,B2B
2025-12-14,BXCM3797,1,1067.33,28451-7448,Belville,B2B
2025-12-14,BXCM5715,1,674.63,34109,Naples,
2025-12-14,BXCM5157,1,1275.23,01748-1509,Hopkinton,
2025-12-15,BXCL1772,1,333.9,30064-2951,Marietta,
2025-12-15,BXCM1608,1,310.8,15301,Washington,
2025-12-15,BXCM4523,1,385.88,79423-2914,Lubbock,
2025-12-15,BXCM4487,2,524.48,34715-9127,Minneola,B2B
2025-12-15,BXCM4528,1,212.63,28412-8295,Wilmington,B2B
2025-12-15,BXCM5421,1,449.4,33166-6486,Miami,
2025-12-15,BXCM5134,4,446.25,49683-9393,Thompsonville,B2B
2025-12-16,BXCM5157,1,1159.73,39842,Dawson,
2025-12-16,BXCM4734,1,299.25,06461,Milford,
2025-12-16,BXCM3777,1,443.63,05753-9305,Cornwall,B2B
2025-12-16,BXCM5136,1,876.75,02466,Auburndale,
2025-12-16,BXCM4494,1,1275.23,34109-4357,Naples,B2B
2025-12-16,BXCL1685,2,218.4,32827-7699,Orlando,
2025-12-16,BXCL1685,1,218.4,32827-7699,Orlando,
2024-05-07,BXCM1608,1,266.4,94513-4345,Brentwood,
2024-05-07,BXCL1756,1,810.9,06830-7114,greenwich,B2B
2024-05-07,BXCM1653,1,1048.5,77554,Galveston,
2024-05-07,BXCM3797,1,994.05,08857-1414,Old Bridge,
2024-05-07,BXCM4772,1,974.25,08857-1414,Old Bridge,
2024-05-08,BXCM2358,1,229.0,33701-2976,Saint Petersburg,
2024-05-08,BXCM3765,1,895.05,11937-2413,East Hampton,
2024-05-08,BXCL1786,1,642.5,34105-3196,Naples,
2024-05-08,BXCM4752,1,0.0,34984-2310,Port St Lucie,SP
2024-05-08,BXCM4763,1,0.0,34984-2310,Port St Lucie,SP
2024-05-08,BXCM1016,1,466.5,29585-5206,PAWLEYS ISLAND,B2B
2024-05-08,BXCM4486,2,433.5,33921,Boca Grande,
2024-05-08,BXCM4774,1,972.5,32174-1461,Ormond Beach,
2024-05-08,BXCL1563,1,609.5,32174-1461,Ormond Beach,
2024-05-08,BXCL1562,1,378.5,32174-1461,Ormond Beach,
2024-05-08,BXCM4645,1,444.5,12866-5340,SARATOGA SPRINGS,
2024-05-08,BXCM4488,1,1258.5,22101-2112,McLean,
2024-05-08,BXCM4487,2,499.5,22101-2112,McLean,
2024-05-08,BXCM4494,1,1214.5,22101-2112,McLean,
2024-05-08,BXCM1653,1,1203.5,33957-5410,Sanibel,
2024-05-08,BXCM4493,1,697.5,73120-1918,Oklahoma City,B2B
2024-05-08,BXCL1641,1,708.5,77441-1888,Fulshear,
2024-05-08,BXCM4487,2,499.5,29405-6841,North Charleston,B2B
2024-05-08,BXCM1809,2,587.5,08008,Beach Haven,
2024-05-08,BXCM3765,1,796.5,02766-2493,Norton,
2024-05-09,BXCM1016,1,466.5,35213-1812,Birmingham,B2B
2024-05-09,BXCM4260,1,961.5,55401-2624,Minneapolis,B2B
2024-05-09,BXCM1651,1,1143.0,02601-2191,Hyannis,
2024-05-09,BXCM4068,1,2408.0,28445-6905,Topsail Beach,
2024-05-09,BXCL1150,1,285.0,33803-4180,Lakeland,B2B
2024-05-09,BXCM4732,1,175.0,98922-4151,Cle Elum,
2024-05-09,BXCM4040,1,0.0,94027-3810,Atherton,SP
2024-05-09,BXCM4491,1,1049.5,33069-4845,Pompano Beach,B2B
2024-05-09,BXCM4486,1,433.5,33069-4845,Pompano Beach,B2B
2024-05-10,BXCM3765,1,1126.5,P1L 1A2,Bracebridge,
2024-05-10,BXCM1657,2,422.5,93108-1428,Montecito,
2024-05-10,BXCM1016,1,466.5,33477-2322,Jupiter,B2B
2024-05-10,BXCM1650,1,697.5,02667-7416,Wellfleet,
2024-05-10,BXCM1657,1,444.5,02420,Lexington,
2024-05-10,BXCM4492,1,1137.5,08006,Barnegat Light,B2B
2024-05-10,BXCL1786,1,642.5,60045-3129,Lake Forest,
2024-05-11,BXCM3765,1,994.5,16651,Houtzdale,
2024-05-11,BXCL1645,1,774.5,06033-2729,Glastonbury,
2024-05-11,BXCM3777,1,444.5,02332-5027,Duxbury,
2024-05-11,BXCL1783,1,763.5,10003-6754,new york,
2024-05-11,BXCM4270,1,1522.5,30134-1823,Douglasville,
2024-05-11,BXCL1641,1,741.5,28461-8058,Southport,
2024-05-12,BXCL1641,1,840.5,67205-2403,Wichita,
2024-05-12,BXCM5023,1,1357.5,03245,Holderness,
2024-05-12,BXCL1641,1,741.5,10538,Larchmont,
2024-05-13,BXCL1150,1,285.0,60613-1673,Chicago,
2024-05-13,BXCM4491,1,1049.5,27927-9669,Corolla,B2B
2024-05-13,BXCM3686,1,917.5,48629,Houghton Lake,
2024-05-13,BXCM4493,2,697.5,79922-1051,El Paso,
2024-05-14,BXCM1653,1,1165.0,49456-1145,Spring Lake,
2024-05-14,BXCL1175,1,367.5,21701-3192,Frederick,B2B
2024-05-14,BXCM4216,1,967.0,21666-3401,stevensville,B2B
2024-05-14,BXCM4214,1,945.0,21666-3401,stevensville,B2B
2024-05-14,BXCM4489,1,1242.0,27927-9669,Corolla,B2B
2024-05-14,BXCM3885,1,254.69,08098-2641,Pilesgrove,
2024-05-14,BXCM1655,1,1165.0,77554,Galveston,
2024-05-14,BXCM3765,1,1126.5,35089-2821,Kellyton,
2024-05-15,BXCM1016,1,466.5,33647-2056,Tampa,
2024-05-15,BXCM4006,1,1269.5,04043-7791,Kennebunk,
2024-05-15,BXCM4763,1,0.0,19901-4603,Dover,SP
2024-05-15,BXCM4752,1,0.0,19901-4603,Dover,SP
2024-05-15,BXCM1637,1,0.0,19901-4603,Dover,SP
2024-05-15,BXCM4040,1,0.0,19901-4603,Dover,SP
2024-05-15,BXCM4684,1,0.0,19901-4603,Dover,SP
2024-05-16,BXCL1783,1,763.5,29466-8554,Mount Pleasant,
2024-05-16,BXCL1784,1,554.5,07930-3254,Chester,
2024-05-16,BXCM5119,1,3558.0,33166-2180,Miami,B2B
2024-05-17,BXCM1016,1,466.5,19401-5318,Norristown,B2B
2024-05-17,BXCM1650,1,697.5,78258-1619,San Antonio,B2B
2024-05-17,BXCM4684,1,0.0,45122-8472,Goshen,SP
2024-05-17,BXCM1676,2,516.0,02116-6178,Boston,
2024-05-17,BXCL1556,1,1082.5,91962,Pine Valley,B2B
2024-05-17,BXCM4491,1,1049.5,77023-4645,Houston,B2B
2024-05-17,BXCM1016,1,419.85,92056-3442,Oceanside,B2B
2024-05-17,BXCM3765,1,716.85,02571,Wareham,
2024-05-17,BXCM3765,1,716.85,02571,Wareham,
2024-05-17,BXCM3765,1,716.85,02571,Wareham,
2024-05-17,BXCM3765,1,716.85,02571,Wareham,
2024-05-17,BXCM3765,1,716.85,02571,Wareham,
2024-05-17,BXCM3765,1,716.85,02571,Wareham,
2024-05-17,BXCM4486,2,390.15,34105-3226,Naples,
2024-05-17,BXCM4491,1,944.55,34105-3226,Naples,
2024-05-18,BXCM1651,1,1028.7,97110,Cannon Beach,
2024-05-18,BXCM3765,1,1013.85,80113-7106,Englewood,
2024-05-18,BXCM3777,1,400.05,96779,Paia,
2024-05-18,BXCM4254,1,2295.9,44202-7720,Aurora,
2024-05-19,BXCM3777,1,360.45,32963-1837,Vero Beach,
2024-05-19,BXCM4525,1,231.75,29681-6575,Simpsonville,
2024-05-19,BXCM5032,1,543.6,55116,St Paul,
2024-05-20,BXCM3765,1,1013.85,05446-5805,Colchester,
2024-05-20,BXCM1606,1,355.5,30188-5004,Woodstock,
2024-05-20,BXCM4493,1,627.75,11968-4724,Southampton,
2024-05-20,BXCM3686,1,825.75,02571-1155,Wareham,B2B
2024-05-20,BXCM5032,2,499.05,29928-4022,Hilton Head Island,
2024-05-20,BXCM4006,1,994.05,29466-8168,Mount Pleasant,
2024-05-21,BXCM3765,1,1013.85,29466-7560,Mount Pleasant,
2024-05-21,BXCM1810,2,508.95,J0S 1K0,Ormstown,
2024-05-21,BXCM1656,1,216.9,33418-7197,Palm Beach Gardens,B2B
2024-05-21,BXCL1609,2,380.25,93401-8917,San Luis Obispo,
2024-05-22,BXCM4763,1,0.0,06854,Norwalk,SP
2024-05-22,BXCM4040,1,0.0,06854,Norwalk,SP
2024-05-22,BXCM4752,1,0.0,06854,Norwalk,SP
2024-05-22,BXCM4490,1,405.9,48230,Grosse Pointe Park,
2024-05-22,BXCM4763,1,0.0,21787-1545,Taneytown,SP
2024-05-22,BXCL1641,1,667.35,33156,Miami,
2024-05-23,BXCM4835,2,207.0,29532-8132,darlington,
2024-05-23,BXCM4006,1,1142.55,29650-4032,Greer,
2024-05-23,BXCM4270,1,1291.05,04627-3361,Deer Isle,
2024-05-23,BXCL1786,1,578.25,60610-5074,Chicago,
2024-05-23,BXCM4487,2,449.55,22101-2112,McLean,
2024-05-23,BXCM1652,1,919.8,77055-2204,Houston,B2B
2024-05-24,BXCM4752,1,0.0,98366-8312,Port Orchard,SP
2024-05-24,BXCM4040,1,0.0,98366-8312,Port Orchard,SP
2024-05-24,BXCM4763,1,0.0,98366-8312,Port Orchard,SP
2024-05-24,BXCL1612,8,365.4,32084-8393,St Augustine,
2024-05-24,BXCM4524,2,320.85,06460,Milford,B2B
2024-05-24,BXCM4529,1,271.35,74132,Tulsa,
2024-05-24,BXCM4596,1,330.75,10001-6274,New York,
2024-05-24,BXCM4491,1,944.55,33432,Boca Raton,
2024-05-24,BXCM4596,1,350.55,32413-9601,Panama City Beach,
2024-05-24,BXCM3765,1,895.05,19958-7007,Lewes,
2024-05-25,BXCL1197,1,826.65,99019-4500,Liberty Lake,
2024-05-25,BXCL1202,1,965.25,99019-4500,Liberty Lake,
2024-05-25,BXCL1201,1,767.25,99019-4500,Liberty Lake,
2024-05-25,BXCM1652,1,919.8,08008-5620,Beach Haven,
2024-05-25,BXCM4491,1,944.55,08008-5620,Beach Haven,
2024-05-25,BXCM1653,1,1048.5,92656-5217,Aliso Viejo,
2024-05-25,BXCM4494,1,1093.05,18642-1130,Duryea,
2024-05-25,BXCM4752,1,0.0,34474-9491,Ocala,SP
2024-05-25,BXCM4684,1,0.0,34474-9491,Ocala,SP
2024-05-25,BXCL1641,1,756.45,04421-3316,Castine,B2B
2024-05-26,BXCM3686,1,866.25,98053-5634,REDMOND,
2024-05-26,BXCL1783,1,687.15,68025-7995,Fremont,
2024-05-26,BXCM4492,1,1023.75,78666-4840,San Marcos,
2024-05-26,BXCM4737,1,449.55,23456,Virginia Beach,B2B
2024-05-26,BXCM3765,1,895.05,05091-4793,Woodstock,
2024-05-27,BXCL1172,1,380.25,95682-9170,CAMERON PARK,
2024-05-27,BXCM4482,1,598.05,02837-1438,Little Compton,
2024-05-27,BXCM4472,1,865.35,02837-1438,Little Compton,
2024-05-27,BXCL1727,1,449.55,75218-3537,Dallas,
2024-05-27,BXCL1725,2,241.65,75218-3537,Dallas,
2024-05-27,BXCL1730,1,865.35,75218-3537,Dallas,
2024-05-27,BXCL1786,1,578.25,33301-2718,Ft lauderdale,B2B
2024-05-27,BXCL1408,2,271.35,02539,Edgartown,
2024-05-27,BXCM3765,1,1013.85,02539,Edgartown,
2024-05-27,BXCL1150,1,256.5,90043-4259,Los Angeles,B2B
2024-05-27,BXCM3765,1,1013.85,19002,Lower Gwynedd,
2024-05-27,BXCL1786,1,578.25,76065-3007,Midlothian,
2024-05-27,BXCM2359,1,702.0,33134-6246,Coral Gables,
2024-05-27,BXCM4833,1,855.45,33134-6246,Coral Gables,
2024-05-28,BXCM4492,1,1023.75,22307-1437,Alexandria,
2024-05-28,BXCM1637,1,0.0,06820,Darien,SP
2024-05-28,BXCM4752,1,0.0,06820,Darien,SP
2024-05-28,BXCM4040,1,0.0,06820,Darien,SP
2024-05-28,BXCM4763,1,0.0,06820,Darien,SP
2024-05-28,BXCL1145,1,182.25,21811-1749,Berlin,
2024-05-28,BXCM4489,1,909.9,08406,Ventnor,
2024-05-28,BXCL1641,1,667.35,93428,Cambria,
2024-05-28,BXCM3765,1,716.85,37221-6714,Nashville,
2024-05-28,BXCM1607,1,355.5,85254-7618,Scottsdale,
2024-05-28,BXCL1740,1,875.25,02840-3590,Newport,
2024-05-28,BXCM1653,1,1083.15,78620-3037,Dripping Springs,
2024-05-28,BXCM5059,1,637.65,01886-4544,Westford,
2024-05-28,BXCM3690,1,578.25,94928-5066,Rohnert Park,
2024-05-28,BXCL1201,1,767.25,34221-2872,Palmetto,B2B
2024-05-28,BXCL1202,1,965.25,34221-2872,Palmetto,B2B
2024-05-28,BXCL1197,1,826.65,34221-2872,Palmetto,B2B
2024-05-28,BXCL1786,1,578.25,29407-5502,Charleston,B2B
2024-05-28,BXCM1655,1,1048.5,20636,Hollywood,
2024-05-28,BXCM4830,1,1142.55,28741,Highlands,
2024-05-28,BXCL1175,1,355.5,29045-8254,Elgin,B2B
2024-05-29,BXCM4486,1,433.5,08202-1008,Avalon,
2024-05-29,BXCM4491,4,1049.5,46809-9722,Fort Wayne,B2B
2024-05-29,BXCL1287,1,703.0,48840-8507,Haslett,
2024-05-29,BXCL1641,1,873.5,06426-1546,Essex,B2B
2024-05-29,BXCM1652,1,1022.0,33315-1664,Fort Lauderdale,
2024-05-30,BXCM3765,1,994.5,37212-4810,Nashville,
2024-05-30,BXCM4491,1,1049.5,28741,Highlands,
2024-05-30,BXCM3765,1,994.5,23451,Virginia Beach,
2024-05-30,BXCM3891,1,499.5,06610-1141,Bridgeport,B2B
2024-05-30,BXCL1727,2,499.5,K0K 3L0,Wellington,
2024-05-30,BXCL1725,1,268.5,K0K 3L0,Wellington,
2024-05-31,BXCM1778,1,928.5,36532-5250,Fairhope,
2024-05-31,BXCL1641,1,774.5,19967,Millville,
2024-05-31,BXCM4493,1,697.5,34990-5747,Palm City,
2024-05-31,BXCL1551,1,972.5,33541-4837,Zephyrhills,
2024-05-31,BXCL1563,1,609.5,33541-4837,Zephyrhills,
2024-06-01,BXCM1657,1,422.5,61938-8615,Mattoon,
2024-06-02,BXCM4494,1,1214.5,30512-0865,Blairsville,
2024-06-02,BXCM4487,2,499.5,30512-0865,Blairsville,
2024-06-02,BXCM5146,1,620.5,04015,Casco,
2024-06-02,BXCM4491,1,1049.5,T2N 3T4,Calgary,
2024-06-02,BXCM4592,1,532.0,29206-2870,Columbia,
2024-06-02,BXCM1751,2,290.5,29206-2870,Columbia,
2024-06-03,BXCL1641,1,708.5,07470-5013,Wayne,
2024-06-03,BXCM3690,1,642.5,32207-4307,Jacksonville,B2B
2024-06-03,BXCM1609,1,384.0,11769-1823,Oakdale,
2024-06-04,BXCM4216,1,813.0,28277-2563,Charlotte,
2024-06-04,BXCM4593,1,472.0,89011-3227,Henderson,
2024-06-04,BXCM4487,1,499.5,78657-5669,Horseshoe Bay,
2024-06-04,BXCM4178,2,554.5,01966-1928,Rockport,
2024-06-04,BXCL1772,1,329.0,33558-2813,Lutz,
2024-06-05,BXCM4608,1,813.0,32541-7362,Destin,B2B
2024-06-05,BXCM4521,1,406.0,33919-4687,Fort Myers,B2B
2024-06-05,BXCM4596,1,389.5,33414-1050,Wellington,
2024-06-05,BXCM1652,1,1022.0,21208,Baltimore,
2024-06-05,BXCM3690,1,642.5,21037-4604,Edgewater,
2024-06-05,BXCM1655,1,1165.0,02539,Edgartown,
2024-06-05,BXCM4596,1,389.5,33414-1050,Wellington,
2024-06-06,BXCM3781,1,0.0,10013-3548,New York,SP
2024-06-06,BXCM4738,1,395.0,36420-8863,Andalusia,
2024-06-06,BXCM4743,1,285.0,36420-8863,Andalusia,
2024-06-06,BXCM1655,1,1165.0,06855-1610,Norwalk,B2B
2024-06-06,BXCM4491,1,1049.5,78744-1825,Austin,B2B
2024-06-06,BXCM1751,3,323.5,32224-2234,Jacksonville,
2024-06-06,BXCM5114,1,1259.5,98045-8129,North Bend,
2024-06-06,BXCM4288,1,1071.5,20850-6167,Rockville,B2B
2024-06-07,BXCM3765,1,994.5,97632-9742,Malin,
2024-06-07,BXCM4093,1,764.5,98862,Winthrop,
2024-06-07,BXCM4493,1,697.5,22314,alexandria,
2024-06-07,BXCM3765,1,1126.5,96817-4808,Honolulu,
2024-06-07,BXCM4486,2,433.5,34231,Sarasota,
2024-06-07,BXCM4489,1,1011.0,34231,Sarasota,
2024-06-08,BXCM5155,1,444.5,08202-1938,Avalon,
2024-06-08,BXCM3892,1,400.5,L3V 8K4,Orillia,B2B
2024-06-08,BXCM4486,2,433.5,78639-6129,Kingsland,
2024-06-09,BXCM1617,1,945.0,21601-9276,Easton,B2B
2024-06-09,BXCL1546,2,752.5,48168-4305,Northville,
2024-06-09,BXCL1149,1,246.5,40207,Louisville,
2024-06-09,BXCM5152,2,191.5,37375-2420,Sewanee,
2024-06-10,BXCL1784,1,554.5,04084-5467,Standish,
2024-06-10,BXCM1653,1,1203.5,02879-6807,South Kingstown,
2024-06-11,BXCM3765,1,796.5,10475-1306,Bronx,
2024-06-11,BXCM3765,1,796.5,10475-1306,Bronx,
2024-06-11,BXCL1740,1,972.5,60091-1735,Wilmette,
2024-06-11,BXCM3878,2,642.5,40047,Mt Washington,
2024-06-11,BXCM1650,2,697.5,60097,Wonder Lake,
2024-06-11,BXCM3690,1,642.5,94124-3605,San Francisco,
2024-06-11,BXCM3765,1,994.5,93906-5125,Salinas,
2024-06-11,BXCM5151,1,675.5,95120-1931,San Jose,
2024-06-12,BXCM1616,1,587.5,34293-3807,Venice,
2024-06-12,BXCL1609,2,422.5,15687-1339,Stahlstown,
2024-06-12,BXCM3885,1,254.69,91301-2733,Agoura Hills,
2024-06-12,BXCM3690,1,642.5,07901,Summit,
2024-06-13,BXCM1606,1,395.0,80433-4016,Conifer,
2024-06-13,BXCM3765,1,1126.5,06039-2202,Lakeville,
2024-06-13,BXCM4244,1,444.5,78750,Austin,
2024-06-14,BXCL1705,2,521.5,04015,Casco,
2024-06-14,BXCL1563,1,692.0,62563-9245,Rochester,B2B
2024-06-14,BXCM4536,1,664.5,30022-6274,Alpharetta,B2B
2024-06-14,BXCM1635,1,697.5,26351-7174,Glenville,
2024-06-14,BXCM3690,1,642.5,26351-7174,Glenville,
2024-06-14,BXCM1656,1,241.0,30546-1649,Hiawassee,B2B
2024-06-14,BXCM4486,1,433.5,30546-1649,Hiawassee,B2B
2024-06-14,BXCM4491,1,1049.5,30546-1649,Hiawassee,B2B
2024-06-15,BXCM1653,1,1203.5,34201-2234,University Park,
2024-06-15,BXCM4063,1,395.0,28461-8058,Southport,
2024-06-15,BXCM3906,1,769.0,28461-8058,Southport,
2024-06-15,BXCL1150,1,285.0,34997-5628,Stuart,
2024-06-15,BXCM1639,1,554.5,34431-3943,Dunnellon,
2024-06-15,BXCM1640,2,285.0,34431-3943,Dunnellon,
2024-06-15,BXCM1783,1,367.5,28209-1729,Charlotte,
2024-06-15,BXCM2358,1,229.0,91101-4035,Pasadena,
2024-06-16,BXCM4608,2,895.5,83001,Jackson,B2B
2024-06-16,BXCM3765,2,796.5,48875-9663,Portland,
2024-06-16,BXCM4493,2,697.5,27609-6435,Raleigh,
2024-06-16,BXCM2359,2,587.5,49670-9649,Northport,
2024-06-16,BXCM3797,1,1192.5,49670-9649,Northport,
2024-06-16,BXCM4292,1,2446.5,81620,Avon,B2B
2024-06-17,BXCM3765,1,994.5,78703-4613,Austin,
2024-06-17,BXCM3890,1,379.0,31904-1107,Columbus,B2B
2024-06-17,BXCM4491,1,1049.5,28270,Charlotte,
2024-06-17,BXCM4486,1,433.5,28270,Charlotte,
2024-06-17,BXCM1653,1,1165.0,78358,Fulton,B2B
2024-06-18,BXCM3797,1,1016.5,33974,Lehigh Acres,
2024-06-18,BXCL1149,2,246.5,33974,Lehigh Acres,
2024-06-18,BXCM3765,1,994.5,43537-3554,Maumee,
2024-06-18,BXCM4523,1,367.5,84036,Kamas,
2024-06-18,BXCL1609,1,422.5,84036,Kamas,
2024-06-18,BXCL1152,1,477.5,93460-9641,Santa Ynez,
2024-06-18,BXCM4493,1,697.5,73120-1918,Oklahoma City,B2B
2024-06-18,BXCM4736,1,296.0,60558-1111,Western Springs,
2024-06-19,BXCM4491,1,1049.5,34219-2896,Parrish,
2024-06-19,BXCL1785,2,356.5,61938-8615,Mattoon,
2024-06-19,BXCM1653,1,1203.5,10591-1031,Sleepy Hollow,B2B
2024-06-19,BXCM1655,1,769.0,94904-1523,Kentfield,B2B
2024-06-19,BXCL1785,1,356.5,94904-1523,Kentfield,B2B
2024-06-20,BXCM4528,1,202.5,97232-3302,portland,
2024-06-20,BXCM4486,2,433.5,11968-4912,Southampton,B2B
2024-06-20,BXCM4492,1,1137.5,11968-4912,Southampton,B2B
2024-06-20,BXCM4491,1,1049.5,11968-4912,Southampton,B2B
2024-06-20,BXCL1616,2,290.5,94965-1828,Sausalito,
2024-06-20,BXCM3797,1,1016.5,54601-8282,La Crosse,B2B
2024-06-20,BXCM2359,1,615.0,54601-8282,La Crosse,B2B
2024-06-20,BXCM1650,1,697.5,27407-7201,Greensboro,
2024-06-20,BXCM1016,1,466.5,66209-1506,Overland Park,B2B
2024-06-20,BXCM4486,2,433.5,61611-2162,East Peoria,
2024-06-21,BXCM4244,1,494.0,85213-1963,Mesa,
2024-06-21,BXCM3765,1,994.5,32962-6943,Vero Beach,
2024-06-21,BXCM4486,2,433.5,02632,Centerville,
2024-06-21,BXCL1160,1,323.5,55432-4314,Minneapolis,
2024-06-21,BXCM4487,1,499.5,02554-3105,Nantucket,B2B
2024-06-21,BXCM1651,1,1110.0,03894,Wolfeboro,
2024-06-21,BXCM1655,1,945.0,03894,Wolfeboro,
2024-06-21,BXCM1657,2,422.5,03894,Wolfeboro,
2024-06-21,BXCM4608,1,813.0,19930,Bethany Beach,
2024-06-21,BXCM1778,1,1148.5,49684-7940,Traverse City,B2B
2024-06-22,BXCM4536,1,664.5,74012-3976,Broken Arrow,B2B
2024-06-22,BXCM4493,1,697.5,08742-5011,Bay Head,
2024-06-23,BXCM1652,1,1022.0,33315-1664,Fort Lauderdale,
2024-06-23,BXCL1784,1,554.5,10036-6342,New York,
2024-06-23,BXCL1785,1,356.5,10036-6342,New York,
2024-06-24,BXCL1508,1,499.5,03444,Dublin,
2024-06-24,BXCM1652,1,1022.0,77494-2085,Katy,
2024-06-24,BXCM1655,1,1165.0,32256-7474,Jacksonville,B2B
2024-06-24,BXCM1783,1,367.5,06820,Darien,
2024-06-25,BXCL1891,1,1214.5,84339-6717,Wellsville,
2024-06-25,BXCM1607,1,395.0,02540-4111,Falmouth,
2024-06-25,BXCM1607,1,395.0,02540-4111,Falmouth,
2024-06-25,BXCM4244,1,494.0,31522-2424,St Simons Island,B2B
2024-06-26,BXCM4493,1,697.5,77057-3516,Houston,
2024-06-26,BXCM4491,1,1049.5,11958-1750,Peconic,
2024-06-26,BXCL1175,1,428.0,11787-1923,Smithtown,
2024-06-26,BXCM5157,1,1104.5,60302-1561,Oak Park,B2B
2024-06-26,BXCM1782,1,279.5,49456,Spring Lake,
2024-06-26,BXCM4994,1,406.0,02739-1661,Mattapoisett,
2024-06-27,BXCM4592,1,532.0,25309-1721,South Charleston,
2024-06-27,BXCM1751,2,290.5,25309-1721,South Charleston,
2024-06-27,BXCM2358,1,229.0,07702-4136,Shrewsbury,
2024-06-27,BXCM3765,1,994.5,70808-8825,Baton Rouge,
2024-06-27,BXCL1641,1,730.5,11743-9700,Lloyd Harbor,
2024-06-27,BXCL1551,1,928.5,11743-9700,Lloyd Harbor,
2024-06-27,BXCL1563,2,637.0,11743-9700,Lloyd Harbor,
2024-06-27,BXCL1685,2,208.0,T2W 4T6,Calgary,
2024-06-27,BXCM1783,1,367.5,90024-3108,Los Angeles,
2024-06-27,BXCL1408,2,301.5,34208-1735,Bradenton,B2B
2024-06-27,BXCM4528,2,202.5,27516-4607,Chapel Hill,
2024-06-27,BXCM1783,1,367.5,23434-8448,Suffolk,B2B
2024-06-27,BXCM1656,1,241.0,36853-5219,Dadeville,B2B
2024-06-28,BXCM4491,1,1049.5,78336-6708,City-by-the Sea,
2024-06-28,BXCM4489,1,1011.0,78336-6708,City-by-the Sea,
2024-06-28,BXCM4486,2,433.5,78336-6708,City-by-the Sea,
2024-06-28,BXCL1656,1,978.0,21921-4949,ELKTON,
2024-06-28,BXCM4491,1,944.55,77554-7710,Galveston,B2B
2024-06-28,BXCM4491,1,944.55,32233-5746,Atlantic Beach,B2B
2024-06-28,BXCM1637,1,0.0,03809-6031,ALTON,SP
2024-06-28,BXCM3958,1,355.5,07649-1237,Oradell,
2024-06-28,BXCM4592,1,478.8,30067-4911,Marietta,
2024-06-28,BXCL1772,2,320.85,30067-4911,Marietta,
2024-06-29,BXCM4608,1,731.7,11703-1905,North Babylon,
2024-06-29,BXCM3765,1,895.05,53208,Milwaukee,
2024-06-29,BXCM3686,1,825.75,33426-8295,Boynton Beach,
2024-06-29,BXCL1175,1,330.75,32967-7348,Vero Beach,B2B
2024-06-29,BXCM3777,1,409.95,36695-3710,Mobile,
2024-06-29,BXCL1556,2,1053.45,80504-1334,Longmont,
2024-06-29,BXCM4982,1,2395.8,60202,Evanston,
2024-06-29,BXCM3690,1,528.75,06851-4022,Norwalk,B2B
2024-06-29,BXCL1556,1,1053.45,98031-3113,Kent,
2024-06-29,BXCL1562,1,390.15,98031-3113,Kent,
2024-06-30,BXCM3934,1,855.45,63021-5800,Ballwin,
2024-06-30,BXCL1408,1,271.35,32226-4471,Jacksonville,
2024-07-01,BXCM1817,2,588.15,98239,Coupeville,
2024-07-01,BXCL1149,1,221.85,19939-3517,Dagsboro,
2024-07-01,BXCM4491,1,944.55,30004-3373,Alpharetta,B2B
2024-07-01,BXCM1634,4,276.3,32034-1969,Fernandina Beach,
2024-07-01,BXCM1657,2,400.05,92651,Laguna Beach,
2024-07-01,BXCM4521,1,409.95,27597-8208,Zebulon,
2024-07-02,BXCM3912,1,2162.25,32757-7152,Mount Dora,
2024-07-02,BXCM1656,1,216.9,02840-3590,Newport,
2024-07-02,BXCM1782,1,251.55,34223-4217,Englewood,
2024-07-02,BXCM1783,1,330.75,34223-4217,Englewood,
2024-07-02,BXCM3765,1,1013.85,84790-2774,St George,B2B
2024-07-02,BXCM3765,1,1013.85,V1K 1N7,Merritt,
2024-07-02,BXCM1652,1,919.8,07821-2117,Andover,B2B
2024-07-02,BXCL1786,1,578.25,75205-2927,Dallas,
2024-07-03,BXCM1016,1,419.85,08008-5968,Harvey Cedars,B2B
2024-07-03,BXCM2363,1,179.0,10012-2983,New York,
2024-07-03,BXCM1783,1,330.75,34292-4180,Venice,
2024-07-03,BXCM4737,1,355.5,33139-4141,Miami Beach,
2024-07-03,BXCM1607,1,355.5,08036-2761,Hainesport,
2024-07-03,BXCM1819,1,499.05,32413,Panama City Beach,
2024-07-03,BXCM2356,1,179.0,19904-2914,DOVER,
2024-07-03,BXCM3649,1,0.0,48176-9297,Saline,SP
2024-07-03,BXCM5157,1,1033.0,83340,Ketchum,B2B
2024-07-04,BXCM1751,3,281.25,75033-1355,Frisco,
2024-07-04,BXCM4593,1,489.15,75033-1355,Frisco,
2024-07-04,BXCM1784,1,380.25,07960,Morristown,
2024-07-04,BXCM2363,1,179.0,28405-8369,WILMINGTON,
2024-07-04,BXCM1665,8,236.7,02575-5507,West Tisbury,
2024-07-04,BXCM1666,2,256.5,02575-5507,West Tisbury,
2024-07-04,BXCM4525,1,271.35,70775,Saint Francisville,
2024-07-04,BXCL1784,1,499.05,29412-8336,Charleston,
2024-07-04,BXCM1616,1,528.75,46224-3333,Speedway,
2024-07-05,BXCL1641,1,687.15,37212-4810,Nashville,
2024-07-05,BXCM5157,1,939.0,84049-6221,Midway,
2024-07-05,BXCL1593,1,796.05,54891-5865,Washburn,
2024-07-05,BXCM1679,1,563.4,27613-6582,Raleigh,B2B
2024-07-05,BXCM3765,1,895.05,29455-4116,Johns Island,
2024-07-05,BXCL1408,2,271.35,29455-4116,Johns Island,
2024-07-05,BXCM5157,1,1033.0,36619-9058,Mobile,
2024-07-05,BXCL1783,1,687.15,61938-8615,Mattoon,
2024-07-05,BXCM4487,2,449.55,06853-1033,Norwalk,
2024-07-05,BXCM4494,1,1093.05,06853-1033,Norwalk,
2024-07-05,BXCM4595,1,499.05,37919-6672,Knoxville,
2024-07-05,BXCM1751,2,291.15,32224-2234,Jacksonville,
2024-07-05,BXCM3765,2,716.85,62650-6553,Jacksonville,
2024-07-05,BXCM3784,1,235.47,22901-8924,Charlottesville,
2024-07-05,BXCL1609,1,380.25,33480-4270,Palm Beach,
2024-07-06,BXCM5157,1,1033.0,29605-3142,Greenville,
2024-07-06,BXCL1150,1,256.5,90803-2771,Long Beach,
2024-07-06,BXCL1784,1,499.05,53190,Whitewater,
2024-07-06,BXCM3686,1,866.25,98053-5634,REDMOND,
2024-07-06,BXCM4522,1,424.8,77056-2022,Houston,B2B
2024-07-06,BXCL1175,1,385.2,07760-1301,Rumson,
2024-07-06,BXCM3690,1,578.25,01950,Newburyport,
2024-07-07,BXCL1513,4,538.65,38583-5912,SPARTA,
2024-07-07,BXCM1607,1,355.5,91602-1203,West Toluca Lake,
2024-07-07,BXCM1653,1,1048.5,92656-5217,Aliso Viejo,
2024-07-07,BXCL1175,1,355.5,50263,Waukee,
2024-07-07,BXCL1149,1,221.85,37922-6396,Knoxville,
2024-07-08,BXCL1144,1,301.05,53575,Oregon,
2024-07-08,BXCM4529,1,256.5,77590-3746,Texas City,
2024-07-08,BXCM5157,1,939.0,29657-9146,Liberty,
2024-07-08,BXCM5023,1,1271.25,97304-3422,Salem,
2024-07-08,BXCM4521,1,409.95,28428-5817,Carolina Beach,B2B
2024-07-08,BXCM1639,1,499.05,91602-3005,North Hollywood,
2024-07-08,BXCM5061,1,1368.5,37172-6032,Springfield,B2B
2024-07-08,BXCM3765,1,994.5,02564,Siasconset,
2024-07-08,BXCL1408,2,301.5,02564,Siasconset,
2024-07-08,BXCL1753,2,444.5,32256-0365,jacksonville,
2024-07-08,BXCL1150,1,285.0,29464-5108,Mount Pleasant,
2024-07-09,BXCM5157,1,1214.5,14534-3821,Pittsford,
2024-07-09,BXCL1150,1,285.0,48138-1901,Grosse Ile,
2024-07-09,BXCM1653,1,1165.0,02360-1451,Plymouth,
2024-07-09,BXCM4270,1,1588.5,03809-6031,ALTON,
2024-07-10,BXCM1656,1,241.0,34689-2524,Tarpon Springs,
2024-07-10,BXCM1639,1,554.5,70471-7421,Mandeville,
2024-07-10,BXCM3889,6,73.17,11050-4715,Port Washington,
2024-07-10,BXCM4525,1,312.5,08202,Avalon,
2024-07-10,BXCM4487,1,499.5,30642-7471,Greensboro,B2B
2024-07-11,BXCL1611,3,395.0,02852-6222,North Kingstown,B2B
2024-07-11,BXCM2358,1,178.25,43438,Kelleys Island,
2024-07-11,BXCM3765,1,994.5,95816-6709,Sacramento,
2024-07-11,BXCM3797,1,1060.5,02871-1079,Portsmouth,
2024-07-11,BXCM3934,1,950.5,30092-1175,Peachtree Corners,
2024-07-11,BXCM4491,1,1049.5,02554-3371,Nantucket,
2024-07-12,BXCM5136,1,975.0,49009-9535,Kalamazoo,B2B
2024-07-12,BXCM4244,1,494.0,60618-4506,Chicago,
2024-07-12,BXCM1021,1,170.0,95051-5712,Santa Clara,
2024-07-12,BXCM3765,2,796.5,02543-1043,Falmouth,
2024-07-12,BXCM1667,1,417.0,60035-5123,Highland Park,B2B
2024-07-12,BXCM3844,2,122.33,95051-5712,Santa Clara,
2024-07-13,BXCL1641,1,895.5,90049-1006,Los Angeles,
2024-07-13,BXCM3765,1,994.5,02043-1904,hingham,
2024-07-13,BXCM4486,2,433.5,93950-2009,Pacific Grove,
2024-07-13,BXCM4493,1,697.5,93950-2009,Pacific Grove,
2024-07-13,BXCM3889,6,59.5,77510-9062,Santa Fe,B2B
2024-07-14,BXCM1016,1,466.5,11542-1474,Glen Cove,
2024-07-14,BXCM5157,1,1104.5,31794-3942,Tifton,
2024-07-14,BXCM1016,1,466.5,91103-1260,Pasadena,
2024-07-14,BXCM3844,1,122.33,37064-1897,Franklin,
2024-07-15,BXCL1160,1,323.5,94553-3538,MARTINEZ,
2024-07-15,BXCM5157,1,1104.5,33478-4711,Jupiter,
2024-07-15,BXCL1740,1,972.5,29205-2298,Columbia,
2024-07-15,BXCL1783,1,763.5,18518-2147,Old forge,
2024-07-15,BXCL1781,1,851.5,18518-2147,Old forge,
2024-07-15,BXCL1786,1,642.5,18518-2147,Old forge,
2024-07-15,BXCL1785,2,356.5,18518-2147,Old forge,
2024-07-15,BXCM4734,1,285.0,18518-2147,Old forge,
2024-07-15,BXCL1149,1,246.5,34741-5780,Kissimmee,
2024-07-15,BXCM1016,1,466.5,02540,Falmouth,
2024-07-15,BXCM3885,1,199.5,97374-9711,SCIO,
2024-07-15,BXCM1657,2,444.5,02540,Falmouth,
2024-07-15,BXCM4491,1,1049.5,08202-1008,Avalon,
2024-07-15,BXCM5032,2,521.5,94920-2079,Tiburon,
2024-07-15,BXCM1657,2,444.5,23606-4220,Newport News,
2024-07-15,BXCM4789,1,367.5,48176-9297,Saline,B2B
2024-07-15,BXCL1149,1,246.5,02874-3600,SAUNDERSTOWN,
2024-07-16,BXCM4924,2,532.5,55111-4100,Saint Paul,B2B
2024-07-16,BXCM3765,1,994.5,81303-8918,Durango,
2024-07-17,BXCL1160,1,323.5,94598-4032,Walnut Creek,
2024-07-17,BXCM1636,1,395.0,23228-2813,Henrico,B2B
2024-07-17,BXCL1161,1,466.5,94598-4032,Walnut Creek,
2024-07-17,BXCM1617,1,884.5,04640,Hancock,
2024-07-17,BXCL1175,1,367.5,02653,Orleans,
2024-07-17,BXCL1686,1,742.5,06825-1326,Fairfield,
2024-07-17,BXCM5157,1,1104.5,02766-2493,Norton,
2024-07-17,BXCL1783,1,763.5,02052-2442,Medfield,
2024-07-17,BXCL1150,1,285.0,39532-8429,Biloxi,B2B
2024-07-17,BXCL1149,2,246.5,39532-8429,Biloxi,B2B
2024-07-17,BXCL1408,1,301.5,33408-3543,North Palm Beach,
2024-07-18,BXCM3765,2,796.5,33408-3543,North Palm Beach,
2024-07-18,BXCM3889,2,59.5,71901,Hot Springs,
2024-07-18,BXCM1655,1,1165.0,29451-2870,Isle of Palms,B2B
2024-07-18,BXCM1651,1,1143.0,32958-3454,Sebastian,B2B
2024-07-18,BXCM1650,2,719.5,32958-3454,Sebastian,B2B
2024-07-18,BXCM1652,1,1022.0,32958-3454,Sebastian,B2B
2024-07-18,BXCM1656,1,241.0,32958-3454,Sebastian,B2B
2024-07-18,BXCM4253,1,2083.5,55410-2117,Minneapolis,
2024-07-18,BXCL1152,1,477.5,85044-6001,Phoenix,
2024-07-18,BXCM3960,4,235.5,33062-7905,Pompano Beach,
2024-07-19,BXCM3790,1,141.3,28467,Calabash,
2024-07-19,BXCM1648,2,285.0,28027-0275,Concord,
2024-07-19,BXCM3765,1,1126.5,63366-4868,OFallon,
2024-07-19,BXCM3889,6,59.5,37772-5933,Lenoir City,
2024-07-19,BXCL1150,1,285.0,32163-4041,The Villages,
2024-07-19,BXCL1149,1,246.5,32163-4041,The Villages,
2024-07-19,BXCM4040,1,0.0,75605-5980,Longview,SP
2024-07-20,BXCM4292,1,2446.5,81620,Avon,B2B
2024-07-20,BXCM3690,1,642.5,19971,Rehoboth Beach,
2024-07-20,BXCL1784,1,554.5,10036-6342,New York,
2024-07-20,BXCM1783,1,367.5,70119-2024,New Orleans,
2024-07-20,BXCL1891,2,1104.5,94539-4585,Fremont,
2024-07-21,BXCL1684,2,252.0,99901-9656,Ketchikan,
2024-07-21,BXCM1778,1,928.5,36532-5250,Fairhope,
2024-07-21,BXCM3889,4,59.5,27607-6817,Raleigh,
2024-07-21,BXCM4486,1,433.5,61611-2162,East Peoria,
2024-07-21,BXCM4489,1,1242.0,75229-6136,Dallas,
2024-07-22,BXCL1786,1,642.5,30062-6528,Marietta,
2024-07-22,BXCL1753,2,444.5,63119-3805,Saint Louis,
2024-07-22,BXCM4534,1,1137.5,29572,Myrtle Beach,
2024-07-22,BXCM1641,2,257.5,33142-6322,Miami,B2B
2024-07-22,BXCM4536,1,664.5,33142-6322,Miami,B2B
2024-07-22,BXCM4596,1,411.5,33142-6322,Miami,B2B
2024-07-23,BXCM3910,1,1231.0,20016-2265,Washington,B2B
2024-07-23,BXCM4492,1,1137.5,08006,Barnegat Light,B2B
2024-07-23,BXCM1656,1,241.0,33418-7197,Palm Beach Gardens,B2B
2024-07-23,BXCM5157,1,1104.5,19073-2501,Newtown Square,
2024-07-24,BXCM3889,2,59.5,85381-4230,Peoria,
2024-07-24,BXCM4774,1,1016.5,21774-6881,New Market,
2024-07-25,BXCM3778,2,802.0,49654,Leland,
2024-07-25,BXCM3779,2,362.0,49654,Leland,
2024-07-25,BXCM4487,2,499.5,33410,West Palm Beach,
2024-07-25,BXCM1652,1,1022.0,33410,West Palm Beach,
2024-07-25,BXCM1784,1,380.25,07064-1044,Port Reading,B2B
2024-07-25,BXCL1891,2,1043.55,75205-1628,Dallas,B2B
2024-07-25,BXCL1609,1,380.25,91910-3207,Chula Vista,B2B
2024-07-26,BXCM4536,1,598.05,87505-0705,Santa Fe,
2024-07-26,BXCM5361,1,0.0,47546-8068,Jasper,SP
2024-07-26,BXCM5353,1,0.0,47546-8068,Jasper,SP
2024-07-26,BXCM5375,1,0.0,47546-8068,Jasper,SP
2024-07-26,BXCM5351,1,0.0,47546-8068,Jasper,SP
2024-07-26,BXCM5366,1,0.0,17315,Dover,SP
2024-07-26,BXCM5350,1,0.0,28117-7349,MOORESVILLE,SP
2024-07-26,BXCM5361,1,0.0,28117-7349,MOORESVILLE,SP
2024-07-26,BXCM5349,1,0.0,28117-7349,MOORESVILLE,SP
2024-07-26,BXCM5353,1,0.0,28117-7349,MOORESVILLE,SP
2024-07-26,BXCM5375,1,0.0,28117-7349,MOORESVILLE,SP
2024-07-26,BXCL1641,1,805.95,48322-3184,West Bloomfield,
2024-07-26,BXCL1705,1,342.6,01501-1117,Auburn,
2024-07-26,BXCM5157,1,1032.33,27608-2031,Raleigh,
2024-07-26,BXCM4491,2,944.55,32963-2733,Vero Beach,
2024-07-26,BXCM4493,1,627.75,65536-6989,Lebanon,B2B
2024-07-26,BXCM4493,1,627.75,65536-6989,Lebanon,B2B
2024-07-26,BXCM5157,1,1032.33,40502-2380,Lexington,
2024-07-26,BXCL1740,1,875.25,08751,Seaside Heights,
2024-07-26,BXCM3778,1,647.55,37027-5617,Brentwood,B2B
2024-07-27,BXCM1667,1,375.3,G0S 2E0,St-Apollinaire,
2024-07-27,BXCM1604,1,345.6,94085-2311,Sunnyvale,
2024-07-27,BXCM1667,1,375.3,90293,Playa del Rey,
2024-07-27,BXCM4079,1,3087.9,04015,Casco,
2024-07-27,BXCL1145,2,216.9,34108-2432,NAPLES,B2B
2024-07-27,BXCL1144,1,301.05,34108-2432,NAPLES,B2B
2024-07-27,BXCM1655,1,850.5,33036-3910,Islamorada,
2024-07-27,BXCM3892,1,350.55,L3V 8K4,Orillia,B2B
2024-07-27,BXCM5061,1,994.05,98103-6108,Seattle,
2024-07-27,BXCM5157,1,1032.33,93105-9726,Santa Barbara,
2024-07-27,BXCL1786,1,578.25,78373-4904,Port Aransas,B2B
2024-07-27,BXCM5157,1,1032.33,31768-0549,Moultrie,B2B
2024-07-28,BXCM5157,1,1032.33,42220-9259,Elkton,
2024-07-28,BXCM4491,1,944.55,29910,Bluffton,
2024-07-28,BXCM1016,1,419.85,32456,Mexico Beach,
2024-07-28,BXCM5157,1,938.83,06840-4009,New Canaan,
2024-07-28,BXCM4493,1,627.75,30269,Peachtree City,
2024-07-28,BXCM4592,1,543.6,32951-2225,Melbourne Beach,B2B
2024-07-28,BXCM4472,1,865.35,62298-5599,Waterloo,B2B
2024-07-28,BXCM4529,1,256.5,29601-3575,Greenville,
2024-07-28,BXCM4528,1,182.25,29601-3575,Greenville,
2024-07-28,BXCM4593,1,424.8,33408-3300,North Palm Beach,B2B
2024-07-29,BXCM3765,1,1013.85,22042-2060,Falls Church,
2024-07-29,BXCM4491,1,944.55,21842-6272,Ocean City,
2024-07-29,BXCL1160,1,291.15,15644-1113,Jeannette,
2024-07-29,BXCL1007,1,904.95,15644-1113,Jeannette,
2024-07-29,BXCM1810,2,538.65,15644-1113,Jeannette,
2024-07-29,BXCM2376,1,261.45,15644-1113,Jeannette,
2024-07-29,BXCL1265,2,573.3,10506-1803,Bedford,
2024-07-29,BXCM3797,1,1112.85,76039-4000,Euless,B2B
2024-07-29,BXCL1641,1,687.15,28209-1728,Charlotte,
2024-07-29,BXCM1667,1,439.65,39154-9293,Raymond,
2024-07-29,BXCM5157,1,938.83,80210-6063,Denver,
2024-07-30,BXCM3934,1,974.25,10025-7834,New York,
2024-07-30,BXCL1593,1,530.7,56501,Detroit Lakes,B2B
2024-07-30,BXCL1204,1,257.5,23451-1921,Virginia Beach,
2024-07-30,BXCM3765,1,994.5,38655-8580,Oxford,
2024-07-30,BXCM3690,1,642.5,20008-3334,Washington,
2024-07-31,BXCM1783,1,367.5,10014-5223,New York,
2024-07-31,BXCM5029,3,268.5,33178-1427,Medley,
2024-07-31,BXCM4214,1,868.0,01501-1117,Auburn,
2024-07-31,BXCM5157,1,1104.5,29910-8377,Bluffton,
2024-07-31,BXCM1656,1,241.0,02840-3590,Newport,
2024-07-31,BXCM1605,2,296.0,57216-8208,Big Stone City,
2024-08-01,BXCM1653,1,1203.5,08202,Avalon,
2024-08-01,BXCM5157,1,1104.5,33478-6265,Jupiter,
2024-08-01,BXCL1756,1,950.5,60091-2677,Wilmette,
2024-08-02,BXCM5157,1,1104.5,80516-7991,Erie,
2024-08-02,BXCM3844,1,122.33,92130,San Diego,
2024-08-02,BXCM3778,1,703.0,02109-1165,Boston,
2024-08-02,BXCM1605,1,296.0,21801-2474,Salisbury,
2024-08-02,BXCM4525,1,246.5,35243,Birmingham,
2024-08-03,BXCL1609,1,422.5,75089-8629,Rowlett,B2B
2024-08-03,BXCM4536,1,664.5,84106-1704,Salt Lake Cty,B2B
2024-08-03,BXCL1175,1,367.5,21601-8314,Easton,
2024-08-03,BXCM1669,2,219.0,21601-8314,Easton,
2024-08-03,BXCM1667,1,488.5,27587-9582,Wake Forest,
2024-08-03,BXCM4491,1,1049.5,06804-3312,Brookfield,
2024-08-03,BXCL1705,2,303.0,04553-3812,newcastle,
2024-08-03,BXCM3790,1,134.7,04553-3812,newcastle,
2024-08-03,BXCM4486,1,433.5,37204-3307,Nashville,
2024-08-04,BXCM3765,1,994.5,02138-4234,Cambridge,
2024-08-05,BXCM1616,1,587.5,21113-4050,Odenton,
2024-08-05,BXCM1653,1,1165.0,34104-4296,Naples,
2024-08-05,BXCM4487,2,499.5,34104-4296,Naples,
2024-08-05,BXCL1786,1,642.5,60614-6602,Chicago,B2B
2024-08-05,BXCL1149,1,246.5,42701,Elizabethtown,
2024-08-06,BXCM3891,1,477.5,20603,Waldorf,
2024-08-06,BXCM4491,1,1049.5,29910,Bluffton,
2024-08-06,BXCM5015,1,604.0,46074-4356,Westfield,
2024-08-07,BXCM1657,2,444.5,33912-3907,Fort Myers,B2B
2024-08-07,BXCM1652,1,1022.0,33912-3907,Fort Myers,B2B
2024-08-07,BXCL1152,1,477.5,20155-2954,Gainesville,
2024-08-07,BXCL1781,1,851.5,59911-5823,Bigfork,
2024-08-07,BXCM3686,1,917.5,10538-1218,Larchmont,
2024-08-07,BXCM1782,2,279.5,75208,Dallas,B2B
2024-08-07,BXCM3686,1,962.5,98053-5634,REDMOND,
2024-08-07,BXCM1653,1,1165.0,33034-2304,Florida City,
2024-08-07,BXCM5157,1,1104.5,28326-8282,Cameron,B2B
2024-08-07,BXCM1784,1,422.5,34293-6092,Venice,B2B
2024-08-08,BXCM3765,1,796.5,39146,Pickens,
2024-08-08,BXCM3765,1,994.5,39146,Pickens,
2024-08-08,BXCL1784,1,554.5,10036-6342,New York,
2024-08-08,BXCM3765,1,994.5,29407,Charleston,B2B
2024-08-08,BXCM1021,1,170.0,33401-4314,West Palm Beach,
2024-08-08,BXCM5157,1,1104.5,28412-3819,Wilmington,
2024-08-08,BXCL1144,1,334.5,22205-1543,Arlington,
2024-08-08,BXCM1653,1,1203.5,07928-1841,chatham,
2024-08-09,BXCM1635,1,697.5,30117-4151,Carrollton,
2024-08-09,BXCM1783,1,367.5,33957-5712,Sanibel,
2024-08-09,BXCM4254,1,2435.5,32904-3537,Melbourne,B2B
2024-08-10,BXCM5157,2,774.5,30815-5095,Hephzibah,
2024-08-10,BXCM5157,1,1214.5,15317-4833,Canonsburg,
2024-08-10,BXCM1655,1,1165.0,32963-1210,Vero Beach,B2B
2024-08-10,BXCM1678,1,730.5,30096-5308,Duluth,
2024-08-10,BXCL1705,1,303.0,33308-5903,Fort Lauderdale,B2B
2024-08-10,BXCM3790,1,134.7,33308-5903,Fort Lauderdale,B2B
2024-08-10,BXCL1781,1,851.5,02360-3509,Plymouth,
2024-08-10,BXCL1784,1,554.5,02360-3509,Plymouth,
2024-08-10,BXCM1617,1,884.5,02675-1823,Yarmouthport,
2024-08-10,BXCM3765,1,994.5,34972-7700,Okeechobee,
2024-08-10,BXCM3784,1,156.98,C0B 1M0,Clinton,
2024-08-10,BXCL1402,1,102.53,95051-5712,Santa Clara,
2024-08-10,BXCL1402,1,102.53,95051-5712,Santa Clara,
2024-08-10,BXCM1021,1,170.0,95051-5712,Santa Clara,
2024-08-10,BXCM3765,1,994.5,39146,Pickens,B2B
2024-08-10,BXCM3765,1,796.5,39146,Pickens,B2B
2024-08-10,BXCM1751,1,323.5,32224-2234,Jacksonville,
2024-08-10,BXCL1786,1,642.5,83001-9308,Jackson,
2024-08-10,BXCL1548,1,154.5,14534-1858,Pittsford,B2B
2024-08-10,BXCM5057,1,642.5,04046-7927,Arundel,
2024-08-11,BXCM3765,2,796.5,30082-4013,Smyrna,
2024-08-11,BXCM4528,1,202.5,02564,Siasconset,
2024-08-11,BXCM4493,1,697.5,02556-2932,Falmouth,B2B
2024-08-11,BXCM3765,1,994.5,55406,Minneapolis,
2024-08-12,BXCL1641,1,895.5,45122-9728,Goshen,B2B
2024-08-12,BXCM4487,2,499.5,06853-1033,Norwalk,
2024-08-12,BXCM4494,1,1214.5,06853-1033,Norwalk,
2024-08-13,BXCL1684,2,252.0,T2W 4T6,Calgary,
2024-08-13,BXCM5157,1,1214.5,56308-8504,Alexandria,B2B
2024-08-13,BXCM5157,1,1214.5,80224-1013,Denver,B2B
2024-08-13,BXCM5366,1,15.0,73077-8438,Perry,SP
2024-08-13,BXCM5355,1,15.0,73077-8438,Perry,SP
2024-08-13,BXCM5370,1,15.0,73077-8438,Perry,SP
2024-08-13,BXCM5371,1,15.0,73077-8438,Perry,SP
2024-08-13,BXCM5353,1,15.0,73077-8438,Perry,SP
2024-08-13,BXCM3789,2,576.5,36611-2210,Chickasaw,B2B
2024-08-13,BXCM5373,1,15.0,29927-4381,Hardeeville,SP
2024-08-13,BXCM5365,1,15.0,29927-4381,Hardeeville,SP
2024-08-13,BXCM5349,1,15.0,29927-4381,Hardeeville,SP
2024-08-13,BXCM5369,1,15.0,29927-4381,Hardeeville,SP
2024-08-13,BXCM5375,1,15.0,31768-0465,Moultrie,SP
2024-08-13,BXCM5361,1,15.0,31768-0465,Moultrie,SP
2024-08-13,BXCM5353,1,15.0,33701,Saint Petersburg,SP
2024-08-13,BXCM5361,1,15.0,33701,Saint Petersburg,SP
2024-08-13,BXCM5348,1,15.0,33701,Saint Petersburg,SP
2024-08-13,BXCM5357,1,15.0,33701,Saint Petersburg,SP
2024-08-13,BXCM5372,1,15.0,33701,Saint Petersburg,SP
2024-08-13,BXCM5375,1,15.0,33701,Saint Petersburg,SP
2024-08-13,BXCM5350,1,15.0,33701,Saint Petersburg,SP
2024-08-13,BXCM5371,1,15.0,33701,Saint Petersburg,SP
2024-08-13,BXCM5353,1,15.0,02494,Needham,SP
2024-08-13,BXCM5357,1,15.0,02494,Needham,SP
2024-08-13,BXCM5369,1,15.0,02494,Needham,SP
2024-08-13,BXCM5360,1,15.0,02494,Needham,SP
2024-08-13,BXCM3765,1,994.5,29486-7958,Summerville,
2024-08-13,BXCL1551,1,1192.5,97759,Sisters,
2024-08-13,BXCL1556,1,1170.5,97759,Sisters,
2024-08-13,BXCM1655,1,1165.0,33178-1005,Medley,B2B
2024-08-13,BXCM5157,1,1104.5,80550-8042,Windsor,
2024-08-13,BXCM3765,1,1126.5,35984-5014,Mentone,B2B
2024-08-13,BXCM3765,1,1126.5,35984-5014,Mentone,B2B
2024-08-14,BXCM3690,1,642.5,92629-4419,Dana Point,
2024-08-14,BXCM1679,1,626.0,27613-6582,Raleigh,B2B
2024-08-14,BXCL1773,1,543.5,36571-3528,Saraland,
2024-08-14,BXCM4592,1,532.0,95337-8987,Manteca,
2024-08-14,BXCM5157,1,1214.5,70427-8426,Bogalusa,B2B
2024-08-14,BXCM5157,1,1214.5,33455-3835,Hobe Sound,
2024-08-14,BXCL1784,1,554.5,61938-8615,Mattoon,
2024-08-15,BXCL1686,1,742.5,06825-1326,Fairfield,
2024-08-15,BXCL1150,1,285.0,30350-3736,Atlanta,
2024-08-15,BXCM2362,1,139.75,34667-3910,Hudson,
2024-08-15,BXCM5157,1,1214.5,78746-1400,Austin,
2024-08-15,BXCM5060,2,851.5,40299-1751,Louisville,B2B
2024-08-15,BXCM5060,2,769.0,40299-1751,Louisville,B2B
2024-08-16,BXCM1655,1,945.0,36532,Fairhope,
2024-08-16,BXCL1557,1,593.0,78657-6100,Horseshoe Bay,
2024-08-16,BXCM2379,4,334.5,34689,Tarpon Springs,
2024-08-16,BXCM1648,2,285.0,28027-0275,Concord,
2024-08-16,BXCL1783,1,763.5,60614-5308,Chicago,
2024-08-16,BXCL1786,1,642.5,28203-5901,Charlotte,B2B
2024-08-16,BXCM4491,1,1049.5,80210-1807,Denver,B2B
2024-08-16,BXCM1653,1,1203.5,21401-3397,Annapolis,
2024-08-16,BXCM4536,1,664.5,30022-6274,Alpharetta,B2B
2024-08-17,BXCM2356,1,139.75,25413-3701,Bunker Hill,
2024-08-17,BXCM4834,2,747.0,34484-3378,Oxford,B2B
2024-08-18,BXCM4732,1,105.0,28277-3593,Charlotte,
2024-08-18,BXCM5030,1,499.5,11946-1570,Hampton Bays,B2B
2024-08-18,BXCL1740,1,972.5,02127-8737,Boston,
2024-08-18,BXCM5157,1,1214.5,78072,Tilden,B2B
2024-08-18,BXCM5157,1,1214.5,10965-1333,Pearl River,
2024-08-18,BXCL1641,1,697.5,43076,Thornville,
2024-08-18,BXCM3784,1,156.98,98592-9758,union,
2024-08-18,BXCL1175,1,395.0,33908-4693,Fort Myers,
2024-08-19,BXCL1269,1,703.0,28036-7878,Davidson,
2024-08-19,BXCM4244,1,494.0,75093-6327,Plano,
2024-08-19,BXCL1265,1,664.5,19968,Milton,
2024-08-19,BXCM4523,1,367.5,11530,Garden City,
2024-08-20,BXCL1756,1,917.5,85044-3517,Phoenix,
2024-08-20,BXCM4492,1,1137.5,98199-3924,Seattle,
2024-08-20,BXCM4486,2,433.5,98199-3924,Seattle,
2024-08-21,BXCL1786,1,642.5,27410,Greensboro,
2024-08-21,BXCM1653,1,1165.0,11968-3070,Southampton,B2B
2024-08-22,BXCL1783,1,763.5,02842-4984,Middletown,
2024-08-22,BXCL1786,1,642.5,77578-4337,Manvel,
2024-08-22,BXCL1641,1,697.5,34201-2354,University Park,
2024-08-22,BXCM1606,1,395.0,77541,Freeport,B2B
2024-08-22,BXCL1641,1,972.5,11932-4220,Bridgehampton,
2024-08-22,BXCM4266,1,1379.5,13367,Lowville,
2024-08-23,BXCL1781,1,851.5,34997-7249,Stuart,B2B
2024-08-23,BXCM5377,1,15.0,70471,Mandeville,SP
2024-08-23,BXCM5369,1,15.0,11570-1105,Rockville Centre,SP
2024-08-23,BXCM5353,1,15.0,78945-2632,La Grange,SP
2024-08-23,BXCM5361,1,15.0,78945-2632,La Grange,SP
2024-08-23,BXCM5375,1,15.0,78945-2632,La Grange,SP
2024-08-23,BXCM5357,1,15.0,78945-2632,La Grange,SP
2024-08-23,BXCM5363,1,15.0,78945-2632,La Grange,SP
2024-08-24,BXCM5365,1,15.0,19711-2038,Newark,SP
2024-08-24,BXCM5349,1,15.0,19711-2038,Newark,SP
2024-08-24,BXCM5369,1,15.0,19711-2038,Newark,SP
2024-08-24,BXCM5367,1,15.0,19711-2038,Newark,SP
2024-08-24,BXCM5359,1,15.0,54115-9433,De Pere,SP
2024-08-24,BXCM5356,1,15.0,54115-9433,De Pere,SP
2024-08-24,BXCM5369,1,15.0,54115-9433,De Pere,SP
2024-08-24,BXCM5349,1,15.0,54115-9433,De Pere,SP
2024-08-24,BXCM5364,1,15.0,54115-9433,De Pere,SP
2024-08-24,BXCM5367,1,15.0,54115-9433,De Pere,SP
2024-08-24,BXCM5353,1,15.0,54115-9433,De Pere,SP
2024-08-24,BXCM5377,1,15.0,54115-9433,De Pere,SP
2024-08-24,BXCM5352,1,15.0,54115-9433,De Pere,SP
2024-08-24,BXCM5371,1,15.0,54115-9433,De Pere,SP
2024-08-24,BXCM3915,2,332.7,08742-4141,Point Pleasant Beach,
2024-08-24,BXCL1641,2,627.75,20151,Chantilly,
2024-08-24,BXCM5369,1,15.0,18901-2450,Doylestown,SP
2024-08-24,BXCM5377,1,15.0,18901-2450,Doylestown,SP
2024-08-24,BXCM5349,1,15.0,18901-2450,Doylestown,SP
2024-08-24,BXCM5359,1,15.0,18901-2450,Doylestown,SP
2024-08-24,BXCM5352,1,15.0,18901-2450,Doylestown,SP
2024-08-24,BXCM4490,1,316.8,02360-2280,Plymouth,
2024-08-24,BXCM5357,1,15.0,36039,Hardaway,SP
2024-08-24,BXCM5360,1,15.0,36039,Hardaway,SP
2024-08-24,BXCM5363,1,15.0,36039,Hardaway,SP
2024-08-24,BXCM5356,1,15.0,36039,Hardaway,SP
2024-08-24,BXCL1562,1,390.15,27597-6038,Zebulon,
2024-08-24,BXCM4244,1,400.05,28782-6682,Tryon,
2024-08-25,BXCL1609,1,380.25,90064-3603,Los Angeles,
2024-08-25,BXCM3913,1,4270.95,89061-7559,Pahrump,B2B
2024-08-25,BXCM5361,1,15.0,33455,Hobe Sound,SP
2024-08-25,BXCM5360,1,15.0,33455,Hobe Sound,SP
2024-08-25,BXCM5373,1,15.0,33455,Hobe Sound,SP
2024-08-25,BXCM5365,1,15.0,33455,Hobe Sound,SP
2024-08-25,BXCM5375,1,15.0,33455,Hobe Sound,SP
2024-08-25,BXCM5359,1,15.0,19041-7700,Haverford,SP
2024-08-25,BXCM5352,1,15.0,19041-7700,Haverford,SP
2024-08-25,BXCM5362,1,15.0,19041-7700,Haverford,SP
2024-08-25,BXCM5377,1,15.0,19041-7700,Haverford,SP
2024-08-25,BXCM5363,1,15.0,19041-7700,Haverford,SP
2024-08-25,BXCM5358,1,15.0,19041-7700,Haverford,SP
2024-08-25,BXCM5361,1,15.0,20759-9654,Fulton,SP
2024-08-25,BXCM5375,1,15.0,20759-9654,Fulton,SP
2024-08-25,BXCM5367,1,15.0,05452-2858,Essex Junction,SP
2024-08-25,BXCM5348,1,15.0,05452-2858,Essex Junction,SP
2024-08-25,BXCM5364,1,15.0,05452-2858,Essex Junction,SP
2024-08-25,BXCM5355,1,15.0,05452-2858,Essex Junction,SP
2024-08-25,BXCM3765,1,895.05,19041-1106,Haverford,
2024-08-25,BXCM4178,1,499.05,84738-6702,Ivins,
2024-08-25,BXCM1641,1,231.75,84738-6702,Ivins,
2024-08-25,BXCM5367,1,15.0,65101-9432,WARDSVILLE,SP
2024-08-25,BXCM5359,1,15.0,65101-9432,WARDSVILLE,SP
2024-08-25,BXCM4178,1,499.05,84738-6702,Ivins,
2024-08-25,BXCM5369,1,15.0,33308-2409,Fort Lauderdale,SP
2024-08-25,BXCM5368,1,15.0,33308-2409,Fort Lauderdale,SP
2024-08-25,BXCM5365,1,15.0,33308-2409,Fort Lauderdale,SP
2024-08-25,BXCM5373,1,15.0,33308-2409,Fort Lauderdale,SP
2024-08-25,BXCM5349,1,15.0,33308-2409,Fort Lauderdale,SP
2024-08-25,BXCM1653,1,1083.15,32413-9610,Panama City Beach,
2024-08-25,BXCM3892,1,350.55,44241-4140,Streetsboro,
2024-08-25,BXCM4491,1,944.55,29915-2302,Daufuskie Island,
2024-08-25,BXCM5348,1,15.0,06830-3808,Greenwich,SP
2024-08-25,BXCM5355,1,15.0,06830-3808,Greenwich,SP
2024-08-25,BXCM5350,1,15.0,06830-3808,Greenwich,SP
2024-08-25,BXCM5361,1,15.0,06830-3808,Greenwich,SP
2024-08-25,BXCM3784,2,156.98,40502-2787,Lexington,
2024-08-25,BXCM3844,2,122.33,29466-8258,Mount Pleasant,
2024-08-25,BXCM3797,1,914.85,73028-8999,Crescent,B2B
2024-08-25,BXCM3690,1,578.25,31558-4570,St Marys,
2024-08-26,BXCM5351,1,15.0,92604,Irvine,SP
2024-08-26,BXCM5349,1,15.0,92604,Irvine,SP
2024-08-26,BXCM5366,1,15.0,92604,Irvine,SP
2024-08-26,BXCM5360,1,15.0,92604,Irvine,SP
2024-08-26,BXCM5375,1,15.0,92604,Irvine,SP
2024-08-26,BXCM5353,1,15.0,92604,Irvine,SP
2024-08-26,BXCM5353,1,15.0,46038-2721,Fishers,SP
2024-08-26,BXCM5375,1,15.0,46038-2721,Fishers,SP
2024-08-26,BXCM5368,1,15.0,46038-2721,Fishers,SP
2024-08-26,BXCM5361,1,15.0,46038-2721,Fishers,SP
2024-08-26,BXCM1751,1,261.45,25309-1721,South Charleston,
2024-08-26,BXCM5351,1,15.0,04640-3740,Hancock,SP
2024-08-26,BXCM5369,1,15.0,04640-3740,Hancock,SP
2024-08-26,BXCM5352,1,15.0,04640-3740,Hancock,SP
2024-08-26,BXCM5349,1,15.0,04640-3740,Hancock,SP
2024-08-26,BXCM5365,1,15.0,55436-1902,Minneapolis,SP
2024-08-26,BXCM5349,1,15.0,55436-1902,Minneapolis,SP
2024-08-26,BXCM5367,1,15.0,55436-1902,Minneapolis,SP
2024-08-26,BXCM5359,1,15.0,27615-1918,Raleigh,SP
2024-08-26,BXCM5352,1,15.0,27615-1918,Raleigh,SP
2024-08-26,BXCM5364,1,15.0,27615-1918,Raleigh,SP
2024-08-26,BXCM5362,1,15.0,27615-1918,Raleigh,SP
2024-08-26,BXCM5367,1,15.0,27615-1918,Raleigh,SP
2024-08-26,BXCM3765,1,895.05,02655-1918,Osterville,
2024-08-26,BXCM2361,1,1033.65,48451-9089,Linden,
2024-08-26,BXCM1784,1,380.25,34216,Anna Maria,B2B
2024-08-26,BXCM5155,1,499.05,49423-8982,Holland,
2024-08-26,BXCL1785,2,320.85,48103-2721,Ann Arbor,B2B
2024-08-26,BXCL1786,1,578.25,37066-5752,Gallatin,
2024-08-26,BXCM1653,1,1083.15,40056-9014,Pewee Valley,
2024-08-27,BXCM5153,1,495.0,19063,Media,
2024-08-27,BXCM3892,2,350.55,27530-5544,Goldsboro,
2024-08-27,BXCM1656,1,216.9,59716,Big sky,
2024-08-27,BXCL1150,1,256.5,76107-2611,Fort Worth,
2024-08-27,BXCM4493,2,627.75,35213-3630,Birmingham,
2024-08-27,BXCL1149,1,221.85,32163-4041,The Villages,
2024-08-28,BXCM4486,2,390.15,33928,Estero,
2024-08-28,BXCM1656,1,216.9,23103-2667,Manakin Sabot,
2024-08-28,BXCL1292,1,1023.75,44122-2724,Shaker Heights,
2024-08-28,BXCL1781,1,766.35,02564,Siasconset,
2024-08-28,BXCM4217,1,603.0,99148-9621,Loon Lake,B2B
2024-08-28,BXCM4217,1,504.0,99148-9621,Loon Lake,B2B
2024-08-28,BXCM4289,2,657.45,99148-9621,Loon Lake,B2B
2024-08-28,BXCM1810,1,494.1,96748-1221,Kaunakakai,B2B
2024-08-28,BXCL1609,1,380.25,35244,Birmingham,
2024-08-28,BXCL1150,1,256.5,35244,Birmingham,
2024-08-29,BXCM3934,1,974.25,31029-4857,Forsyth,
2024-08-29,BXCM4489,1,1117.8,30534-6493,Dawsonville,
2024-08-29,BXCM4489,1,751.5,30534-6493,Dawsonville,
2024-08-29,BXCM3784,1,156.98,27615-1918,Raleigh,B2B
2024-08-29,BXCM5157,1,938.83,02766-2410,Norton,B2B
2024-08-29,BXCM4486,1,390.15,02766-2410,Norton,B2B
2024-08-29,BXCM4073,1,1192.05,75051-3466,Grand Prairie,B2B
2024-08-29,BXCM3891,1,429.75,20603,Waldorf,
2024-08-29,BXCM1021,1,170.0,95051-5712,Santa Clara,
2024-08-29,BXCM3961,2,1063.35,30701-9509,Calhoun,
2024-08-30,BXCM5153,1,495.0,10028-7433,New York,B2B
2024-08-30,BXCM4525,2,261.45,06897-1324,Wilton,
2024-08-30,BXCM5157,1,1032.33,70005-2818,Metairie,
2024-08-30,BXCM1651,1,999.0,49240-8502,Grass Lake,
2024-08-30,BXCM4596,1,340.65,K2H 0A1,Nepean,
2024-08-30,BXCM4491,1,944.55,30327-2214,Atlanta,B2B
2024-08-30,BXCM4486,1,390.15,90505-3312,Torrance,B2B
2024-08-30,BXCL1730,1,865.35,29690,Travelers Rest,
2024-08-30,BXCM5155,1,499.05,33928-3990,Estero,B2B
2024-08-30,BXCM5157,1,1032.33,30677-3675,Watkinsville,
2024-08-30,BXCM5348,1,15.0,29910,Bluffton,SP
2024-08-30,BXCM5359,1,15.0,29910,Bluffton,SP
2024-08-30,BXCM5367,1,15.0,29910,Bluffton,SP
2024-08-30,BXCM3784,2,156.98,02601-4523,Hyannis,
2024-08-31,BXCM4491,1,944.55,11780-3432,saint james,
2024-08-31,BXCM5371,1,15.0,29910,Bluffton,SP
2024-08-31,BXCM5360,1,15.0,29910,Bluffton,SP
2024-08-31,BXCM5356,1,15.0,29910,Bluffton,SP
2024-08-31,BXCM4487,2,449.55,33611,Tampa,
2024-08-31,BXCM1609,1,345.6,65101-9432,Jefferson City,
2024-08-31,BXCM5367,1,15.0,44256-8238,Medina,SP
2024-08-31,BXCM5359,1,15.0,44256-8238,Medina,SP
2024-08-31,BXCM5377,1,15.0,44256-8238,Medina,SP
2024-08-31,BXCM5352,1,15.0,44256-8238,Medina,SP
2024-08-31,BXCM5369,1,15.0,44256-8238,Medina,SP
2024-08-31,BXCM5157,1,1032.33,31768-0465,Moultrie,
2024-08-31,BXCM5359,1,15.0,32224-2234,Jacksonville,SP
2024-08-31,BXCM5361,1,15.0,32224-2234,Jacksonville,SP
2024-08-31,BXCM5375,1,15.0,31901,COLUMBUS,SP
2024-08-31,BXCM5353,1,15.0,31901,COLUMBUS,SP
2024-08-31,BXCM5360,1,15.0,31901,COLUMBUS,SP
2024-08-31,BXCM5361,1,15.0,31901,COLUMBUS,SP
2024-08-31,BXCM5365,1,15.0,74055-7983,Owasso,SP
2024-08-31,BXCM5361,1,15.0,74055-7983,Owasso,SP
2024-08-31,BXCM5355,1,15.0,74055-7983,Owasso,SP
2024-08-31,BXCM5375,1,15.0,74055-7983,Owasso,SP
2024-08-31,BXCM5350,1,15.0,76904,SAN ANGELO,SP
2024-08-31,BXCM5375,1,15.0,76904,SAN ANGELO,SP
2024-08-31,BXCM5361,1,15.0,76904,SAN ANGELO,SP
2024-08-31,BXCM5361,1,15.0,18920,Erwinna,SP
2024-08-31,BXCM5375,1,15.0,18920,Erwinna,SP
2024-08-31,BXCM5155,1,499.05,92663-4443,Newport Beach,
2024-08-31,BXCM4869,4,489.15,22480,Irvington,
2024-08-31,BXCM5360,1,15.0,04856,Rockport,SP
2024-08-31,BXCL1641,1,687.15,02116-6143,Boston,
2024-09-01,BXCM3905,1,2434.5,04105-2595,Falmouth,
2024-09-01,BXCM5353,1,15.0,34994,Stuart,SP
2024-09-01,BXCM5349,1,15.0,34994,Stuart,SP
2024-09-01,BXCM5360,1,15.0,34994,Stuart,SP
2024-09-01,BXCM1606,1,355.5,60546-2360,Riverside,B2B
2024-09-01,BXCM5355,1,15.0,92660-4282,Newport Beach,SP
2024-09-01,BXCM5356,1,15.0,92660-4282,Newport Beach,SP
2024-09-01,BXCM5353,1,15.0,92660-4282,Newport Beach,SP
2024-09-01,BXCM5351,1,15.0,92660-4282,Newport Beach,SP
2024-09-01,BXCM5367,1,15.0,92660-4282,Newport Beach,SP
2024-09-01,BXCM5360,1,15.0,92660-4282,Newport Beach,SP
2024-09-01,BXCM5368,1,15.0,92660-4282,Newport Beach,SP
2024-09-01,BXCM5375,1,15.0,92660-4282,Newport Beach,SP
2024-09-01,BXCM5366,1,15.0,92660-4282,Newport Beach,SP
2024-09-01,BXCM4608,1,716.85,22601-3319,Winchester,
2024-09-01,BXCM5155,1,499.05,19711-2038,Newark,B2B
2024-09-01,BXCM5373,1,15.0,34275-1020,Venice,SP
2024-09-01,BXCM5365,1,15.0,34275-1020,Venice,SP
2024-09-01,BXCM5369,1,15.0,34275-1020,Venice,SP
2024-09-01,BXCM5367,1,15.0,34275-1020,Venice,SP
2024-09-01,BXCM5157,1,1032.33,31522,St Simons Island,
2024-09-01,BXCM5373,1,15.0,45150-3134,Milford,SP
2024-09-01,BXCM5369,1,15.0,45150-3134,Milford,SP
2024-09-01,BXCM5352,1,15.0,45150-3134,Milford,SP
2024-09-01,BXCM5352,1,15.0,22903-7601,Charlottesville,SP
2024-09-01,BXCM5377,1,15.0,22903-7601,Charlottesville,SP
2024-09-01,BXCM5350,1,15.0,95503-7939,Eureka,SP
2024-09-01,BXCM5370,1,15.0,95503-7939,Eureka,SP
2024-09-01,BXCM5355,1,15.0,95503-7939,Eureka,SP
2024-09-01,BXCM5348,1,15.0,95503-7939,Eureka,SP
2024-09-01,BXCM5361,1,15.0,95503-7939,Eureka,SP
2024-09-01,BXCM5367,1,15.0,95503-7939,Eureka,SP
2024-09-01,BXCM5361,1,15.0,34114-9612,Naples,SP
2024-09-01,BXCM5375,1,15.0,34114-9612,Naples,SP
2024-09-01,BXCM5350,1,15.0,34114-9612,Naples,SP
2024-09-02,BXCM4491,1,944.55,77018-5301,Houston,
2024-09-02,BXCM4608,1,820.8,30306-3360,Atlanta,
2024-09-02,BXCL1665,2,538.65,49770-8023,Petoskey,
2024-09-02,BXCL1786,1,578.25,33483-7451,Gulf Stream,
2024-09-02,BXCM5351,1,15.0,28787-9207,Weaverville,SP
2024-09-02,BXCM5360,1,15.0,28787-9207,Weaverville,SP
2024-09-02,BXCM5353,1,15.0,28787-9207,Weaverville,SP
2024-09-02,BXCM5359,1,15.0,28787-9207,Weaverville,SP
2024-09-02,BXCM5350,1,15.0,78739,Austin,SP
2024-09-02,BXCM5361,1,15.0,78739,Austin,SP
2024-09-02,BXCL1785,1,320.85,02127-8737,Boston,
2024-09-02,BXCL1785,1,320.85,02127-8737,Boston,
2024-09-02,BXCM4592,1,478.8,89703,Carson City,
2024-09-02,BXCM5157,1,938.83,08619,Mercerville,
2024-09-02,BXCM4292,1,2201.85,33931-2045,Fort Myers Beach,B2B
2024-09-02,BXCM5361,1,15.0,46368-4711,Portage,SP
2024-09-02,BXCM5375,1,15.0,46368-4711,Portage,SP
2024-09-02,BXCM5349,1,15.0,46368-4711,Portage,SP
2024-09-02,BXCM5365,1,15.0,46368-4711,Portage,SP
2024-09-03,BXCL1150,1,256.5,07042,Montclair,
2024-09-03,BXCM5375,1,15.0,66209-1857,Leawood,SP
2024-09-03,BXCM5361,1,15.0,66209-1857,Leawood,SP
2024-09-03,BXCL1913,1,553.5,02093-1257,Wrentham,
2024-09-03,BXCM3934,1,974.25,27608-1203,Raleigh,
2024-09-03,BXCM4482,1,518.85,49093,Three Rivers,
2024-09-03,BXCM3690,1,578.25,75080,Richardson,
2024-09-03,BXCM4244,1,385.2,53122-2559,Elm Grove,
2024-09-03,BXCL1786,1,578.25,23059-4697,Glen Allen,B2B
2024-09-03,BXCM3765,1,895.05,84109-3633,Salt Lake City,
2024-09-03,BXCM1656,1,216.9,81623-3123,Carbondale,
2024-09-03,BXCL1149,2,221.85,60093-3740,Winnetka,B2B
2024-09-04,BXCL1641,1,687.15,85284-3902,Tempe,
2024-09-04,BXCM4493,1,697.5,35209-2034,Birmingham,
2024-09-04,BXCM4486,1,433.5,35209-2034,Birmingham,
2024-09-04,BXCM4489,1,1011.0,32124-3818,Daytona Beach,
2024-09-05,BXCM4734,1,285.0,01201-6451,Pittsfield,
2024-09-05,BXCM4536,1,664.5,10001-6354,New York,B2B
2024-09-05,BXCM4834,1,554.5,46280-1783,Indianapolis,B2B
2024-09-05,BXCL1512,1,290.5,46280-1783,Indianapolis,B2B
2024-09-05,BXCM5140,1,775.0,10001-6354,New York,B2B
2024-09-05,BXCL1491,1,1599.5,59937-3348,Whitefish,
2024-09-05,BXCM1667,1,417.0,96815-5801,Honolulu,B2B
2024-09-05,BXCL1753,1,444.5,49849,Ishpeming,
2024-09-06,BXCM3765,1,1126.5,04039,Gray,
2024-09-06,BXCM3765,2,796.5,72207-2824,Little Rock,
2024-09-06,BXCM5135,1,699.0,28412-2749,Wilmington,B2B
2024-09-07,BXCL1292,1,1187.0,37172-1371,Springfield,
2024-09-08,BXCM1617,2,884.5,44256-5504,Medina,B2B
2024-09-08,BXCM4528,1,202.5,34231,Sarasota,
2024-09-08,BXCM1783,1,367.5,31410-2950,Savannah,
2024-09-08,BXCM1782,2,279.5,75229-2752,Dallas,
2024-09-09,BXCM3765,1,1126.5,02667-7411,Wellfleet,
2024-09-09,BXCM1606,1,395.0,93923-9606,Carmel,
2024-09-09,BXCM3765,2,796.5,64157-8550,Kansas City,
2024-09-09,BXCL1753,2,444.5,78611-4943,Burnet,B2B
2024-09-09,BXCL1784,1,554.5,92037-7642,La Jolla,
2024-09-09,BXCM1656,1,241.0,90272,Pacific Palisades,
2024-09-10,BXCM3777,2,400.5,22124-1752,Oakton,B2B
2024-09-10,BXCM4528,1,202.5,06870-1909,Old Greenwich,B2B
2024-09-10,BXCM5157,1,1214.5,02054-0029,Millis,
2024-09-10,BXCM1606,1,395.0,94612-5225,Oakland,B2B
2024-09-10,BXCM3686,1,917.5,60523-2660,Oak Brook,
2024-09-10,BXCL1150,1,285.0,76248,Keller,
2024-09-10,BXCM4522,1,422.5,32583-9111,Milton,
2024-09-11,BXCM3765,1,994.5,53092-5863,Mequon,
2024-09-11,BXCM4491,1,1049.5,23229-6544,Henrico,
2024-09-11,BXCM3765,1,994.5,93108-2528,Montecito,
2024-09-11,BXCM3765,1,994.5,93108-2528,Montecito,
2024-09-11,BXCM3690,1,642.5,10010-4524,New York,
2024-09-12,BXCL1773,1,615.0,11224-1330,Brooklyn,B2B
2024-09-12,BXCM5157,1,1214.5,28740-6335,Green Mountain,
2024-09-12,BXCL1175,1,395.0,33908-6682,Fort Myers,
2024-09-12,BXCM4486,1,433.5,28270,Charlotte,
2024-09-12,BXCM4491,1,1049.5,28270,Charlotte,
2024-09-12,BXCM5157,1,1104.5,77024-3126,Houston,
2024-09-12,BXCM5157,1,1214.5,06355-2336,Mystic,
2024-09-13,BXCM1810,1,549.0,02465-2127,Newton,
2024-09-13,BXCL1150,1,285.0,49546,Grand Rapids,
2024-09-13,BXCM5356,1,15.0,75684-4357,Overton,SP
2024-09-13,BXCM5375,1,15.0,75684-4357,Overton,SP
2024-09-13,BXCM5365,1,15.0,75684-4357,Overton,SP
2024-09-13,BXCM5350,1,15.0,75684-4357,Overton,SP
2024-09-13,BXCM5368,1,15.0,75684-4357,Overton,SP
2024-09-13,BXCM5157,1,1104.5,73010-5308,Blanchard,
2024-09-13,BXCM5424,1,1.0,33308-2409,Fort Lauderdale,B2B
2024-09-13,BXCM5157,1,1214.5,47542-9641,Huntingburg,
2024-09-13,BXCM5155,1,444.5,77063-2802,Houston,
2024-09-13,BXCM5359,1,15.0,21784-7065,Eldersburg,SP
2024-09-13,BXCM5367,1,15.0,21784-7065,Eldersburg,SP
2024-09-13,BXCM5349,1,15.0,21784-7065,Eldersburg,SP
2024-09-13,BXCM5364,1,15.0,21784-7065,Eldersburg,SP
2024-09-13,BXCM5352,1,15.0,21784-7065,Eldersburg,SP
2024-09-13,BXCM5357,1,15.0,21784-7065,Eldersburg,SP
2024-09-13,BXCM5362,1,15.0,21784-7065,Eldersburg,SP
2024-09-13,BXCL1612,1,384.0,33982-5066,Babcock Ranch,
2024-09-13,BXCM1652,1,1022.0,22936-1603,Earlysville,B2B
2024-09-13,BXCM5363,1,15.0,63332-1547,Augusta,SP
2024-09-13,BXCM5370,1,15.0,63332-1547,Augusta,SP
2024-09-13,BXCM5349,1,15.0,63332-1547,Augusta,SP
2024-09-13,BXCM5348,1,15.0,63332-1547,Augusta,SP
2024-09-13,BXCM5357,1,15.0,63332-1547,Augusta,SP
2024-09-14,BXCM3784,1,156.98,77019-5601,Houston,
2024-09-14,BXCM3876,1,137.18,29379,Union,
2024-09-14,BXCM2379,4,362.0,34482-4819,Ocala,
2024-09-14,BXCM5157,1,1214.5,30306-3164,Atlanta,B2B
2024-09-14,BXCM4592,1,532.0,37205-4721,Nashville,
2024-09-14,BXCL1641,1,862.5,57110-7557,Sioux Falls,
2024-09-15,BXCM5361,1,15.0,77505-4276,Pasadena,SP
2024-09-15,BXCM5375,1,15.0,77505-4276,Pasadena,SP
2024-09-15,BXCM1784,1,422.5,34689-2726,Tarpon Springs,
2024-09-15,BXCM3765,1,994.5,02043-1904,hingham,
2024-09-15,BXCL1551,1,1016.5,44039-1210,North Ridgeville,
2024-09-15,BXCM5359,1,15.0,30183,Waleska,SP
2024-09-15,BXCM5369,1,15.0,30183,Waleska,SP
2024-09-15,BXCM5351,1,15.0,42345,Greenville,SP
2024-09-15,BXCM5366,1,15.0,42345,Greenville,SP
2024-09-15,BXCM5353,1,15.0,42345,Greenville,SP
2024-09-15,BXCM1656,2,241.0,33410-4408,West Palm Beach,
2024-09-15,BXCM5361,1,15.0,33756-1988,Belleair,SP
2024-09-15,BXCM5349,1,15.0,33756-1988,Belleair,SP
2024-09-15,BXCM5353,1,15.0,33756-1988,Belleair,SP
2024-09-15,BXCM5350,1,15.0,33756-1988,Belleair,SP
2024-09-15,BXCM5366,1,15.0,33756-1988,Belleair,SP
2024-09-16,BXCM5353,1,15.0,14813,Belmont,SP
2024-09-16,BXCM5361,1,15.0,14813,Belmont,SP
2024-09-16,BXCM5375,1,15.0,14813,Belmont,SP
2024-09-16,BXCM5351,1,15.0,37922-5989,Knoxville,SP
2024-09-16,BXCM5366,1,15.0,37922-5989,Knoxville,SP
2024-09-16,BXCM5360,1,15.0,37922-5989,Knoxville,SP
2024-09-16,BXCM5361,1,15.0,55124,Saint Paul,SP
2024-09-16,BXCM5375,1,15.0,55124,Saint Paul,SP
2024-09-16,BXCM5366,1,15.0,48236-3080,Grosse Pointe Farms,SP
2024-09-16,BXCM5363,1,15.0,48236-3080,Grosse Pointe Farms,SP
2024-09-16,BXCM1656,1,241.0,77024-6819,Houston,B2B
2024-09-16,BXCM5361,1,15.0,29681-4883,Simpsonville,SP
2024-09-16,BXCL1408,1,301.5,19063-4320,Media,B2B
2024-09-16,BXCM4494,1,1214.5,33411-2639,West Palm Beach,B2B
2024-09-16,BXCM3790,2,147.9,23113-3961,Midlothian,B2B
2024-09-16,BXCM3790,1,134.7,04553-3812,newcastle,
2024-09-16,BXCM5353,1,15.0,60647-3821,Chicago,SP
2024-09-16,BXCM5360,1,15.0,60647-3821,Chicago,SP
2024-09-16,BXCM5056,1,183.75,02030,Dover,
2024-09-17,BXCM3784,1,156.98,C0B 1M0,Clinton,
2024-09-17,BXCM3797,1,1104.5,21032-1529,Crownsville,
2024-09-17,BXCM3784,1,156.98,C0B 1M0,Clinton,
2024-09-17,BXCM4494,1,1214.5,28429-5821,Castle Hayne,B2B
2024-09-17,BXCM5368,1,15.0,84096-4516,Herriman,SP
2024-09-17,BXCM5353,1,15.0,84096-4516,Herriman,SP
2024-09-17,BXCM5360,1,15.0,84096-4516,Herriman,SP
2024-09-17,BXCM5366,1,15.0,55305-3757,Minnetonka,SP
2024-09-17,BXCM5353,1,15.0,55305-3757,Minnetonka,SP
2024-09-17,BXCM5361,1,15.0,55305-3757,Minnetonka,SP
2024-09-17,BXCM5367,1,15.0,55305-3757,Minnetonka,SP
2024-09-17,BXCM5370,1,15.0,55305-3757,Minnetonka,SP
2024-09-17,BXCM5371,1,15.0,55305-3757,Minnetonka,SP
2024-09-17,BXCM5375,1,15.0,35901-3031,Gadsden,SP
2024-09-17,BXCM3784,1,156.98,27519-8857,Cary,B2B
2024-09-17,BXCM3765,1,1126.5,79027,Dimmitt,
2024-09-17,BXCL1784,1,554.5,49640-9418,Honor,B2B
2024-09-18,BXCM3765,1,796.5,93405-1708,San Luis Obispo,
2024-09-18,BXCM4492,2,1137.5,98230,Blaine,
2024-09-18,BXCM4487,1,499.5,98230,Blaine,
2024-09-18,BXCM5366,1,15.0,07044-2331,Verona,SP
2024-09-18,BXCM5369,1,15.0,07044-2331,Verona,SP
2024-09-18,BXCM5361,1,15.0,07044-2331,Verona,SP
2024-09-18,BXCM5351,1,15.0,07044-2331,Verona,SP
2024-09-18,BXCM5353,1,15.0,07044-2331,Verona,SP
2024-09-18,BXCM5363,1,15.0,07044-2331,Verona,SP
2024-09-18,BXCM4292,1,2446.5,08876-3887,Branchburg,B2B
2024-09-18,BXCM5057,2,752.5,59716,Big Sky,
2024-09-18,BXCM3765,1,994.5,04006,Biddeford Pool,
2024-09-19,BXCM3844,1,122.33,34209-3429,Bradenton,
2024-09-19,BXCM1652,1,1022.0,77055-2204,Houston,B2B
2024-09-19,BXCM1655,1,1165.0,32963-1210,Vero Beach,B2B
2024-09-19,BXCM4217,1,504.0,99148-9621,Loon Lake,B2B
2024-09-19,BXCM4289,2,657.45,99148-9621,Loon Lake,B2B
2024-09-19,BXCL1609,1,422.5,33139-1344,Miami Beach,
2024-09-19,BXCM1016,1,466.5,29803-5066,Aiken,
2024-09-19,BXCM5375,1,15.0,84043-5013,Lehi,SP
2024-09-19,BXCM5157,1,1104.5,66206-2551,Leawood,B2B
2024-09-19,BXCM5361,1,15.0,66209-2244,Leawood,SP
2024-09-19,BXCM5375,1,15.0,66209-2244,Leawood,SP
2024-09-20,BXCM5365,1,15.0,72758-4617,Rogers,SP
2024-09-20,BXCM5367,1,15.0,72758-4617,Rogers,SP
2024-09-20,BXCM4494,1,1214.5,29928-3365,Hilton Head Island,
2024-09-20,BXCM4487,2,499.5,29928-3365,Hilton Head Island,
2024-09-20,BXCM1808,1,1104.5,34209-3429,Bradenton,
2024-09-20,BXCM5157,1,1214.5,75212-6101,Dallas,B2B
2024-09-20,BXCL1408,2,301.5,07450-3013,Ridgewood,B2B
2024-09-20,BXCM5377,1,15.0,60491,Homer Glen,SP
2024-09-20,BXCM4528,1,202.5,02564,Siasconset,
2024-09-20,BXCM4493,1,697.5,22180-6273,Vienna,B2B
2024-09-21,BXCM5372,1,15.0,93311-8262,Bakersfield,SP
2024-09-21,BXCM5360,1,15.0,93311-8262,Bakersfield,SP
2024-09-21,BXCM4217,2,604.0,R0C 1B0,Gimli,
2024-09-22,BXCM5157,1,1104.5,29745,York,
2024-09-22,BXCL1175,1,395.0,63132-4205,St Louis,
2024-09-23,BXCM4292,1,2446.5,20016-3323,Washington,
2024-09-23,BXCM5157,1,1214.5,29455-6034,Johns Island,
2024-09-23,BXCM3690,1,642.5,34114-3144,Naples,
2024-09-23,BXCM1016,1,466.5,18518-2147,Old forge,
2024-09-23,BXCM1016,1,466.5,30319-1322,Atlanta,
2024-09-23,BXCM1652,1,1022.0,34201-2267,University Park,B2B
2024-09-24,BXCM3907,1,1968.0,07676-5108,Township of Washington,
2024-09-24,BXCM1620,4,296.0,02645-1550,Harwich,B2B
2024-09-24,BXCM1656,1,241.0,33477-7319,Jupiter,B2B
2024-09-24,BXCM1607,1,395.0,33477-7319,Jupiter,B2B
2024-09-24,BXCM5020,1,1291.5,34104-3310,Naples,B2B
2024-09-24,BXCM4487,1,499.5,98230-5705,Blaine,B2B
2024-09-24,BXCM3792,2,1148.5,59715,Bozeman,
2024-09-24,BXCM4734,1,285.0,92071-5610,Santee,B2B
2024-09-25,BXCM5157,1,1104.5,63130-3715,University City,
2024-09-25,BXCM4596,1,389.5,60618,Chicago,
2024-09-25,BXCM3765,1,994.5,95816-6709,Sacramento,
2024-09-26,BXCM3876,1,137.18,29412-2635,Charleston,
2024-09-26,BXCM3765,1,994.5,35244-5804,Hoover,
2024-09-27,BXCM3765,1,994.5,29582-7631,North Myrtle Beach,
2024-09-27,BXCM4491,1,1049.5,11780-3432,saint james,
2024-09-27,BXCM4528,1,202.5,34987-7780,Port St Lucie,
2024-09-28,BXCM5057,2,752.5,67152-8078,Wellington,
2024-09-28,BXCM1617,1,884.5,18518-2147,Old forge,
2024-09-28,BXCM5157,1,1104.5,48236-1037,Grosse Pointe Woods,
2024-09-28,BXCM5157,1,1214.5,06801-2447,Bethel,
2024-09-28,BXCL1150,1,285.0,22306-2716,Alexandria,B2B
2024-09-28,BXCL1149,1,246.5,22306-2716,Alexandria,B2B
2024-09-28,BXCM5030,1,499.5,92154-7513,San Diego,
2024-09-28,BXCM3765,2,796.5,46307,Crown Point,
2024-09-28,BXCL1609,1,422.5,22306-2716,Alexandria,B2B
2024-09-28,BXCM1651,1,1110.0,49240-8502,Grass Lake,
2024-09-29,BXCM3778,2,802.0,98290-7560,Snohomish,
2024-09-29,BXCM4217,2,670.0,07676-5108,Township of Washington,
2024-09-29,BXCM3887,1,311.08,02127-2347,Boston,
2024-09-29,BXCL1556,1,862.5,94123-4909,San Francisco,
2024-09-29,BXCM4472,1,873.5,19403-1740,Norristown,
2024-09-29,BXCL1716,4,329.0,06870-2012,OLD GREENWICH,
2024-09-30,BXCM1656,1,241.0,23103-2667,Manakin Sabot,
2024-09-30,BXCM1606,1,395.0,53044-1505,kohler,
2024-09-30,BXCL1562,1,433.5,27597-6038,Zebulon,
2024-09-30,BXCM5157,1,1214.5,03781-5098,Plainfield,
2024-10-01,BXCL1753,1,444.5,33611,Tampa,B2B
2024-10-01,BXCL1785,1,356.5,33611,Tampa,B2B
2024-10-01,BXCL1641,1,796.5,37212-4810,Nashville,
2024-10-01,BXCM1634,1,274.0,32766-9689,Chuluota,
2024-10-02,BXCM5149,1,367.5,15044-7419,Gibsonia,
2024-10-02,BXCM3885,1,199.5,14502-9334,Macedon,
2024-10-02,BXCL1772,1,312.5,H3Z 3B9,Westmount,B2B
2024-10-02,BXCM4242,1,494.0,98023-3550,FEDERAL WAY,
2024-10-02,BXCM5403,1,697.5,83340,ketchum,B2B
2024-10-02,BXCM5403,1,565.5,83340,ketchum,B2B
2024-10-02,BXCM4288,1,972.5,83340,ketchum,B2B
2024-10-02,BXCM4244,1,411.5,60045-1551,Lake Forest,
2024-10-02,BXCM1651,1,1143.0,28207-1598,Charlotte,
2024-10-02,BXCM1802,1,1335.5,33314-4047,Davie,B2B
2024-10-02,BXCM1745,1,384.0,33458,Jupiter,
2024-10-04,BXCL1786,1,642.5,32246-9234,Jacksonville,
2024-10-04,BXCL1149,2,246.5,60093-3740,Winnetka,B2B
2024-10-04,BXCM3891,1,477.5,10546-1036,Millwood,B2B
2024-10-04,BXCM3776,1,301.5,55104-6904,Saint Paul,
2024-10-04,BXCL1891,1,1049.5,92821-4338,Brea,B2B
2024-10-05,BXCM1792,1,1043.55,30075-6212,Roswell,B2B
2024-10-05,BXCL1641,1,687.15,45122-8472,Goshen,
2024-10-05,BXCM5367,1,15.0,34108,Naples,SP
2024-10-05,BXCM5365,1,15.0,34108,Naples,SP
2024-10-05,BXCM5360,1,15.0,34108,Naples,SP
2024-10-05,BXCM5349,1,15.0,34108,Naples,SP
2024-10-05,BXCM5366,1,15.0,34108,Naples,SP
2024-10-05,BXCM3765,1,895.05,08008-1677,Beach Haven,
2024-10-05,BXCL1641,1,687.15,07006-4105,North Caldwell,
2024-10-05,BXCL1609,1,380.25,27803,Rocky Mount,
2024-10-05,BXCM4741,1,355.5,29466-8258,Mount Pleasant,
2024-10-06,BXCM1606,1,355.5,85395-8056,Goodyear,
2024-10-06,BXCM1606,1,355.5,18902-9011,Doylestown,
2024-10-06,BXCM4280,1,1845.45,38301-4814,Jackson,
2024-10-06,BXCM2359,1,578.25,95126-2626,San Jose,
2024-10-06,BXCM2360,1,340.65,95126-2626,San Jose,
2024-10-06,BXCM4244,1,444.6,60201-3503,Evanston,
2024-10-06,BXCM5348,1,15.0,59106-4733,Billings,SP
2024-10-06,BXCL1551,1,1073.25,46383-1435,Valpariso,
2024-10-06,BXCM5359,1,15.0,87505-8805,Santa Fe,SP
2024-10-06,BXCM5367,1,15.0,87505-8805,Santa Fe,SP
2024-10-06,BXCM1783,1,330.75,28209-2750,Charlotte,
2024-10-07,BXCL1150,1,256.5,77381-6402,Spring,
2024-10-07,BXCM5138,1,306.0,77077-6758,Houston,
2024-10-07,BXCL1408,2,271.35,A1A 2M5,St Johns,
2024-10-07,BXCM4494,1,1093.05,03874-4702,Seabrook,
2024-10-07,BXCM5157,1,938.83,72758-4617,Rogers,
2024-10-07,BXCM4244,1,444.6,07675-2306,Westwood,
2024-10-07,BXCM5157,1,938.83,13068,Freeville,
2024-10-07,BXCM4244,1,400.05,K9J 1W1,Peterborough,B2B
2024-10-07,BXCM4492,1,1023.75,98199-3924,Seattle,
2024-10-07,BXCM4486,2,390.15,98199-3924,Seattle,
2024-10-07,BXCM1652,1,919.8,81435-9509,Telluride,B2B
2024-10-07,BXCM4528,1,182.25,37922-9458,Knoxville,
2024-10-07,BXCM5157,1,1032.33,92604-3035,Irvine,
2024-10-07,BXCM3765,1,1013.85,35010-6230,Alexander City,B2B
2024-10-07,BXCM5359,1,15.0,36830-8483,Auburn,SP
2024-10-07,BXCM5353,1,15.0,03237-4352,Gilmanton,SP
2024-10-08,BXCM5020,1,1241.55,33921,Boca Grande,
2024-10-08,BXCM1609,1,345.6,21044-3451,Columbia,
2024-10-08,BXCM4487,1,449.55,02840-1840,Newport,B2B
2024-10-08,BXCM5157,1,1032.33,02360-1461,Plymouth,
2024-10-08,BXCM3765,1,1013.85,02118-4466,Boston,
2024-10-08,BXCM1782,2,251.55,80909-1314,Colorado Springs,
2024-10-08,BXCL1609,1,380.25,80909-1314,Colorado Springs,
2024-10-08,BXCM1783,1,330.75,80909-1314,Colorado Springs,
2024-10-08,BXCM1751,1,290.5,25309-1721,South Charleston,
2024-10-08,BXCM4592,1,532.0,77304-0092,Conroe,
2024-10-08,BXCM1653,2,1165.0,20816-1881,Bethesda,
2024-10-08,BXCL1556,1,1126.5,80487,Steamboat Springs,B2B
2024-10-08,BXCL1551,1,1148.5,80487,Steamboat Springs,B2B
2024-10-08,BXCM3885,1,199.5,55040-6025,Isanti,
2024-10-08,BXCM3765,1,994.5,28328-9169,Clinton,
2024-10-08,BXCL1408,2,301.5,33496-5947,Boca Raton,B2B
2024-10-08,BXCM4511,1,1726.0,47401-4581,Bloomington,
2024-10-09,BXCL1913,2,615.0,21286-1522,Towson,B2B
2024-10-09,BXCM5369,1,15.0,08723-5806,Brick,SP
2024-10-09,BXCM5349,1,15.0,08723-5806,Brick,SP
2024-10-09,BXCM5349,1,15.0,70118-3550,New Orleans,SP
2024-10-09,BXCM5375,1,15.0,70118-3550,New Orleans,SP
2024-10-09,BXCM5357,1,15.0,06475-2804,Old Saybrook,SP
2024-10-09,BXCM4491,1,1049.5,77018-5301,Houston,
2024-10-09,BXCM5157,1,1214.5,02568-5441,Vineyard Haven,B2B
2024-10-09,BXCM5157,1,1214.5,02568-5441,Vineyard Haven,B2B
2024-10-09,BXCM1606,1,395.0,60546-2360,Riverside,B2B
2024-10-09,BXCM5351,1,15.0,14580-8584,Webster,SP
2024-10-09,BXCM5366,1,15.0,14580-8584,Webster,SP
2024-10-09,BXCM3769,1,565.5,98382-3871,Sequim,
2024-10-09,BXCM4064,1,1214.5,11771-4201,Laurel Hollow,
2024-10-09,BXCM4487,2,499.5,32951-2213,Melbourne Beach,B2B
2024-10-09,BXCM5361,1,15.0,36532-4382,Fairhope,SP
2024-10-09,BXCM5375,1,15.0,36532-4382,Fairhope,SP
2024-10-10,BXCM3885,1,199.5,28270-4416,Charlotte,
2024-10-10,BXCL1913,1,615.0,02093-1257,Wrentham,
2024-10-10,BXCM5349,1,15.0,33483-5555,Delray Beach,SP
2024-10-10,BXCM5366,1,15.0,33483-5555,Delray Beach,SP
2024-10-10,BXCM4491,1,1049.5,77008-4508,Houston,B2B
2024-10-10,BXCM3777,1,488.5,31401-8018,Savannah,B2B
2024-10-10,BXCM3765,2,796.5,60540-5529,Naperville,
2024-10-10,BXCM4489,1,1011.0,32162-8606,Lady Lake,B2B
2024-10-11,BXCM5360,1,15.0,65802-3679,Springfield,SP
2024-10-11,BXCM1617,1,884.5,92220-1318,Banning,
2024-10-11,BXCM5157,1,1104.5,33076-3865,Parkland,
2024-10-11,BXCM4608,1,895.5,32789-2550,Winter Park,
2024-10-11,BXCM4266,1,1104.5,17745-3703,Lock Haven,
2024-10-11,BXCM4486,1,433.5,35209-2034,Birmingham,
2024-10-11,BXCM3891,1,477.5,10014-6108,New York,B2B
2024-10-12,BXCM1606,1,395.0,93923-9606,Carmel,
2024-10-12,BXCM5360,1,15.0,53515-9349,Black Earth,SP
2024-10-12,BXCM5353,1,15.0,53515-9349,Black Earth,SP
2024-10-12,BXCM5375,1,15.0,53515-9349,Black Earth,SP
2024-10-12,BXCM4482,1,807.5,67206-3224,Wichita,
2024-10-12,BXCM1617,1,884.5,60202-3405,Evanston,
2024-10-13,BXCM5361,1,15.0,30224-4311,Griffin,SP
2024-10-13,BXCM4491,1,1049.5,49424-9287,Holland,
2024-10-13,BXCM4486,2,433.5,49424-9287,Holland,
2024-10-13,BXCL1175,1,395.0,28314,Fayetteville,
2024-10-14,BXCM4991,1,587.5,60030-3407,Grayslake,
2024-10-14,BXCM5361,1,15.0,92675-5428,San Juan Capistrano,SP
2024-10-14,BXCM5375,1,15.0,92675-5428,San Juan Capistrano,SP
2024-10-14,BXCM5360,1,15.0,92675-5428,San Juan Capistrano,SP
2024-10-14,BXCM5364,1,15.0,28104-0528,Matthews,SP
2024-10-14,BXCM5361,1,15.0,07042-1625,Montclair,SP
2024-10-14,BXCM1653,1,1165.0,75205-3010,Dallas,
2024-10-14,BXCM4493,1,697.5,35209-2034,Birmingham,
2024-10-14,BXCM5361,1,15.0,85750-6333,Tucson,SP
2024-10-14,BXCM5375,1,15.0,85750-6333,Tucson,SP
2024-10-15,BXCL1786,1,642.5,23059-4697,Glen Allen,B2B
2024-10-15,BXCM4244,1,494.0,80134-5633,Parker,
2024-10-15,BXCM2380,4,340.0,34482-4819,Ocala,
2024-10-15,BXCM1822,1,246.5,93463-2292,Solvang,
2024-10-15,BXCM5419,1,499.5,93463-2292,Solvang,
2024-10-15,BXCM5416,1,807.5,33040-7027,Key West,
2024-10-15,BXCM5157,1,1104.5,06390,Fishers Island,B2B
2024-10-15,BXCM3765,1,994.5,28031-8876,Cornelius,B2B
2024-10-15,BXCM5155,2,334.5,34987-8714,Port Saint Lucie,
2024-10-16,BXCM5366,1,15.0,37205-4524,Nashville,SP
2024-10-16,BXCM5359,1,15.0,37205-4524,Nashville,SP
2024-10-16,BXCM5366,1,15.0,70809-1104,Baton Rouge,SP
2024-10-16,BXCM5348,1,15.0,70809-1104,Baton Rouge,SP
2024-10-16,BXCM5351,1,15.0,70809-1104,Baton Rouge,SP
2024-10-16,BXCM5355,1,15.0,70809-1104,Baton Rouge,SP
2024-10-16,BXCM5349,1,15.0,70809-1104,Baton Rouge,SP
2024-10-16,BXCM4521,1,373.0,11216,Brooklyn,
2024-10-16,BXCM5377,1,15.0,29376-3910,Roebuck,SP
2024-10-16,BXCM5352,1,15.0,29376-3910,Roebuck,SP
2024-10-16,BXCM5371,1,15.0,29376-3910,Roebuck,SP
2024-10-16,BXCM5157,1,1104.5,22102-2507,McLean,
2024-10-16,BXCM4006,1,1104.5,22102-2507,McLean,
2024-10-16,BXCM5387,1,763.5,85262-3464,Scottsdale,
2024-10-17,BXCM5155,1,554.5,19711-2038,Newark,B2B
2024-10-17,BXCM3765,1,994.5,95321-9571,Groveland,B2B
2024-10-17,BXCM5366,1,15.0,28570-8154,Newport,SP
2024-10-17,BXCM5351,1,15.0,28570-8154,Newport,SP
2024-10-17,BXCM1670,2,235.5,33908-6682,Fort Myers,
2024-10-17,BXCM5359,1,15.0,08723-5806,Brick,SP
2024-10-17,BXCM5367,1,15.0,08723-5806,Brick,SP
2024-10-18,BXCM5353,1,15.0,65802-3679,Springfield,SP
2024-10-18,BXCM5371,1,15.0,65802-3679,Springfield,SP
2024-10-18,BXCM5361,1,15.0,65802-3679,Springfield,SP
2024-10-18,BXCM5366,1,15.0,37742,Greenback,SP
2024-10-18,BXCM5369,1,15.0,37742,Greenback,SP
2024-10-18,BXCL1683,1,279.5,70115-4128,New Orleans,
2024-10-18,BXCL1683,1,279.5,70115-4128,New Orleans,
2024-10-18,BXCL1783,1,763.5,29928-3300,Hilton Head Island,B2B
2024-10-18,BXCL1753,2,444.5,29928-3300,Hilton Head Island,B2B
2024-10-18,BXCM5155,1,444.5,30518-1321,Buford,B2B
2024-10-18,BXCM4491,1,1049.5,27612-4228,Raleigh,
2024-10-18,BXCL1684,1,252.0,99901-9656,Ketchikan,
2024-10-18,BXCM3690,1,642.5,78620-2170,Dripping Springs,
2024-10-18,BXCM4077,1,1385.0,08202-2360,Avalon,B2B
2024-10-18,BXCM5032,1,571.0,08202-2360,Avalon,B2B
2024-10-18,BXCM5032,1,571.0,08202-2360,Avalon,B2B
2024-10-18,BXCL1149,2,246.5,08043-3703,VOORHEES,
2024-10-18,BXCL1150,1,285.0,08043-3703,VOORHEES,
2024-10-18,BXCM1783,1,367.5,07643,little ferry,
2024-10-19,BXCM3765,1,1126.5,32250-4760,Jacksonville Beach,
2024-10-19,BXCL1665,2,664.5,89511-9144,Reno,B2B
2024-10-19,BXCM5063,2,840.5,80134-5633,Parker,
2024-10-19,BXCM3765,1,1126.5,33857,Lorida,
2024-10-19,BXCM5375,1,15.0,40324-8726,Georgetown,SP
2024-10-19,BXCM5351,1,15.0,40324-8726,Georgetown,SP
2024-10-19,BXCM5361,1,15.0,40324-8726,Georgetown,SP
2024-10-19,BXCM5157,1,1214.5,30263-3325,Newnan,
2024-10-20,BXCM3765,1,994.5,35444-3710,Brookwood,
2024-10-20,BXCM3779,1,307.0,24503-2036,Lynchburg,B2B
2024-10-20,BXCM3778,1,719.5,24503-2036,Lynchburg,B2B
2024-10-20,BXCL1292,1,1038.5,19437,Gwynedd Valley,
2024-10-21,BXCM1653,1,1203.5,28270,Charlotte,
2024-10-21,BXCL1152,1,477.5,06441-4141,Higganum,
2024-10-21,BXCM5355,1,15.0,72404-9514,Jonesboro,SP
2024-10-21,BXCM5366,1,15.0,72404-9514,Jonesboro,SP
2024-10-21,BXCM4217,1,670.0,07676-5108,Township of Washington,
2024-10-21,BXCM5366,1,15.0,02842,MIDDLETOWN,SP
2024-10-21,BXCM1653,1,1165.0,33705-4336,St Petersburg,
2024-10-21,BXCM1606,1,395.0,94612-5225,Oakland,B2B
2024-10-22,BXCM3686,1,917.5,07760,Rumson,
2024-10-22,BXCM4487,1,499.5,28120,Mount Holly,
2024-10-22,BXCM5157,1,1104.5,33432-3934,Boca Raton,B2B
2024-10-22,BXCM5157,1,1104.5,34243-4165,Sarasota,B2B
2024-10-22,BXCM5157,1,1104.5,34108-2899,Naples,B2B
2024-10-22,BXCM5157,1,1104.5,33607-7229,Tampa,B2B
2024-10-22,BXCM5155,1,444.5,27607-6617,Raleigh,
2024-10-23,BXCM1783,1,367.5,49506-4814,Grand Rapids,
2024-10-23,BXCM5157,1,1214.5,31302,Bloomingdale,
2024-10-23,BXCM4493,2,697.5,32952-7112,Merritt Island,
2024-10-23,BXCM1666,2,285.0,75087-3434,Rockwall,
2024-10-23,BXCM1665,4,263.0,75087-3434,Rockwall,
2024-10-23,BXCM5360,1,15.0,03237-4352,Gilmanton,SP
2024-10-23,BXCM5157,1,1214.5,31546-2680,Jesup,
2024-10-23,BXCM3934,1,950.5,22312-1161,Alexandria,B2B
2024-10-23,BXCL1781,1,851.5,33441,Deerfield Beach,
2024-10-23,BXCM4265,1,670.0,L9X 0H1,minesing,
2024-10-23,BXCM1016,1,466.5,33704-3035,Saint Petersburg,B2B
2024-10-23,BXCL1609,1,422.5,33704-3035,Saint Petersburg,B2B
2024-10-23,BXCM5063,2,686.5,31411-2932,Savannah,B2B
2024-10-24,BXCL1512,1,323.5,29678-2970,Seneca,
2024-10-24,BXCL1496,1,637.0,29678-2970,Seneca,
2024-10-24,BXCM5157,1,1214.5,36532-4382,Fairhope,
2024-10-24,BXCM4523,1,367.5,33611,Tampa,B2B
2024-10-24,BXCM5157,1,774.5,11709-2624,Bayville,
2024-10-24,BXCM5416,2,791.0,07608-1138,Teterboro,B2B
2024-10-24,BXCM3765,1,1126.5,48307-1915,Rochester,B2B
2024-10-24,BXCM5157,1,1214.5,46033-9812,Carmel,
2024-10-24,BXCM4492,1,1137.5,33316-1323,Fort Lauderdale,B2B
2024-10-25,BXCM3765,1,994.5,08559-2003,Stockton,
2024-10-25,BXCM4214,1,945.0,15217-4500,Pittsburgh,
2024-10-25,BXCM3778,2,752.5,07042-1625,Montclair,B2B
2024-10-25,BXCL1756,1,796.5,27608-2732,Raleigh,B2B
2024-10-25,BXCM5004,2,587.5,27608-2732,Raleigh,B2B
2024-10-25,BXCM3885,1,199.5,75052,Grand Prairie,
2024-10-26,BXCM3690,1,642.5,34103,Naples,
2024-10-26,BXCM3765,1,1126.5,08723-5806,Brick,
2024-10-26,BXCM1782,1,279.5,02739-1616,Mattapoisett,
2024-10-26,BXCM5157,1,1214.5,49009-4534,Kalamazoo,
2024-10-26,BXCM1656,1,241.0,27540-8047,Holly Springs,
2024-10-26,BXCM4490,1,417.0,95030-6925,Los Gatos,
2024-10-27,BXCM4608,1,813.0,43065-9350,Powell,
2024-10-27,BXCM4738,1,395.0,32034,FERNANDINA BEACH,
2024-10-27,BXCM4178,2,571.0,34119-2001,Naples,
2024-10-28,BXCL1766,1,1148.5,78704,Austin,B2B
2024-10-28,BXCM3777,1,400.5,95694,Winters,
2024-10-28,BXCM3776,2,301.5,95694,Winters,
2024-10-28,BXCM2363,1,139.75,08510-8763,Millstone Township,B2B
2024-10-28,BXCM5157,1,1214.5,33919-7275,Fort Myers,B2B
2024-10-28,BXCM3686,1,917.5,12775-6620,Rock Hill,B2B
2024-10-28,BXCM3778,2,785.5,19103-2201,Philadelphia,B2B
2024-10-28,BXCM2363,1,139.75,07732-1574,Highlands,
2024-10-28,BXCL1292,1,1038.5,97703,Bend,
2024-10-28,BXCM2363,1,139.75,19380-4047,West Chester,
2024-10-28,BXCM1655,2,1165.0,33921-1000,Boca Grande,B2B
2024-10-29,BXCM3765,1,994.5,30224-4311,Griffin,B2B
2024-10-29,BXCM5369,1,15.0,46962-8861,North Manchester,SP
2024-10-29,BXCM3886,1,241.78,77586-2924,Seabrook,
2024-10-29,BXCM4491,1,1049.5,33455-2513,Hobe Sound,B2B
2024-10-29,BXCM1640,2,285.0,34243-2404,Sarasota,B2B
2024-10-29,BXCM3777,1,400.5,22124-1752,Oakton,B2B
2024-10-29,BXCM3777,1,400.5,22124-1752,Oakton,B2B
2024-10-30,BXCM5367,1,15.0,94062,Redwood City,SP
2024-10-30,BXCM5157,1,1214.5,75208-4118,Dallas,
2024-10-30,BXCL1172,1,422.5,19966-5825,Millsboro,
2024-10-30,BXCM1656,1,241.0,34997-2568,Stuart,B2B
2024-10-30,BXCM3777,1,444.5,07608-1138,Teterboro,B2B
2024-10-30,BXCM3776,1,345.5,07608-1138,Teterboro,B2B
2024-10-30,BXCL1645,2,829.5,23504-4618,Norfolk,B2B
2024-10-30,BXCM4940,2,637.0,23504-4618,Norfolk,B2B
2024-10-30,BXCL1748,4,736.0,23504-4618,Norfolk,B2B
2024-10-30,BXCM1633,4,285.0,23504-4618,Norfolk,B2B
2024-10-30,BXCM4792,1,1324.5,23504-4618,Norfolk,B2B
2024-10-30,BXCM4517,2,604.0,23504-4618,Norfolk,B2B
2024-10-30,BXCM1620,5,290.5,23504-4618,Norfolk,B2B
2024-10-30,BXCM4494,1,1214.5,33411-2639,West Palm Beach,B2B
2024-10-31,BXCM2362,1,139.75,49267-9765,Ottawa Lake,
2024-10-31,BXCL1772,2,318.0,76903-6723,San Angelo,B2B
2024-10-31,BXCM1016,1,466.5,07757-1402,Oceanport,
2024-10-31,BXCM5157,1,1104.5,85750-6333,Tucson,
2024-11-01,BXCM3886,1,241.78,33981-3839,PORT CHARLOTTE,
2024-11-01,BXCM1783,1,367.5,60614-3706,Chicago,B2B
2024-11-01,BXCL1785,2,356.5,53066-1658,Oconomowoc,
2024-11-01,BXCM3934,1,950.5,63073,St Albans,
2024-11-01,BXCM5353,1,15.0,84042,Lindon,SP
2024-11-01,BXCM5368,1,15.0,84042,Lindon,SP
2024-11-01,BXCM5375,1,15.0,84042,Lindon,SP
2024-11-01,BXCM5361,1,15.0,84042,Lindon,SP
2024-11-02,BXCM1778,1,1104.5,08055-1210,Medford,B2B
2024-11-02,BXCM4079,1,2771.0,54754-8037,Merrillan,
2024-11-03,BXCM3765,1,994.5,45750-3026,Marietta,
2024-11-03,BXCM5157,1,1214.5,33928-3334,Estero,
2024-11-03,BXCM5157,1,1214.5,30080-4142,Smyrna,
2024-11-04,BXCM4924,1,532.5,33913-6964,Fort Myers,
2024-11-04,BXCM5157,1,1214.5,38112,Memphis,
2024-11-04,BXCM1656,1,241.0,02360-5135,Plymouth,
2024-11-04,BXCL1562,1,433.5,20147-5313,Ashburn,
2024-11-04,BXCM3765,1,994.5,V1K 1B8,Merritt,
2024-11-04,BXCL1551,1,1192.5,20147-5313,Ashburn,
2024-11-04,BXCM5367,1,15.0,15143-1171,Sewickley,SP
2024-11-04,BXCM5361,1,15.0,15143-1171,Sewickley,SP
2024-11-04,BXCM5372,1,15.0,15143-1171,Sewickley,SP
2024-11-04,BXCL1609,1,422.5,33040-5236,Key West,
2024-11-04,BXCM4492,1,1137.5,30642-7471,Greensboro,B2B
2024-11-05,BXCL1150,1,285.0,97330,Corvallis,
2024-11-05,BXCM2363,1,139.75,02632-3239,Centerville,
2024-11-05,BXCM3790,1,121.5,85340-5257,Litchfield Park,
2024-11-05,BXCL1150,1,285.0,33404-5913,Riviera Beach,B2B
2024-11-05,BXCL1609,1,422.5,02655,Osterville,
2024-11-05,BXCL1511,1,928.5,29926-2755,Hilton Head Island,
2024-11-06,BXCM1656,2,241.0,29492-8421,Charleston,
2024-11-06,BXCM4490,1,417.0,78373-4129,Port Aransas,
2024-11-06,BXCM3690,1,587.5,33139-1356,Miami Beach,
2024-11-06,BXCM1635,1,697.5,33139-1356,Miami Beach,
2024-11-06,BXCM4525,1,268.5,46765,Leo,
